2026-06-15T10:12:03.905+09:00  INFO 31684 --- [restartedMain] com.assignhub.AssignHubApplication       : Starting AssignHubApplication using Java 17.0.13 with PID 31684 (C:\Users\お客様\git\AssignHub\AssignHub\target\classes started by お客様 in C:\Users\お客様\git\AssignHub\AssignHub)
2026-06-15T10:12:03.909+09:00  INFO 31684 --- [restartedMain] com.assignhub.AssignHubApplication       : No active profile set, falling back to 1 default profile: "default"
2026-06-15T10:12:04.128+09:00  INFO 31684 --- [restartedMain] .e.DevToolsPropertyDefaultsPostProcessor : Devtools property defaults active! Set 'spring.devtools.add-properties' to 'false' to disable
2026-06-15T10:12:04.129+09:00  INFO 31684 --- [restartedMain] .e.DevToolsPropertyDefaultsPostProcessor : For additional web related logging consider setting the 'logging.level.web' property to 'DEBUG'
2026-06-15T10:12:05.023+09:00  INFO 31684 --- [restartedMain] o.s.boot.tomcat.TomcatWebServer          : Tomcat initialized with port 8080 (http)
2026-06-15T10:12:05.036+09:00  INFO 31684 --- [restartedMain] o.apache.catalina.core.StandardService   : Starting service [Tomcat]
2026-06-15T10:12:05.036+09:00  INFO 31684 --- [restartedMain] o.apache.catalina.core.StandardEngine    : Starting Servlet engine: [Apache Tomcat/11.0.21]
2026-06-15T10:12:05.077+09:00  INFO 31684 --- [restartedMain] b.w.c.s.WebApplicationContextInitializer : Root WebApplicationContext: initialization completed in 947 ms
2026-06-15T10:12:05.821+09:00  INFO 31684 --- [restartedMain] o.s.boot.tomcat.TomcatWebServer          : Tomcat started on port 8080 (http) with context path '/'
2026-06-15T10:12:05.827+09:00  INFO 31684 --- [restartedMain] com.assignhub.AssignHubApplication       : Started AssignHubApplication in 2.261 seconds (process running for 2.996)
2026-06-15T10:12:15.056+09:00  INFO 31684 --- [http-nio-8080-exec-1] o.a.c.c.C.[Tomcat].[localhost].[/]       : Initializing Spring DispatcherServlet 'dispatcherServlet'
2026-06-15T10:12:15.057+09:00  INFO 31684 --- [http-nio-8080-exec-1] o.s.web.servlet.DispatcherServlet        : Initializing Servlet 'dispatcherServlet'
2026-06-15T10:12:15.058+09:00  INFO 31684 --- [http-nio-8080-exec-1] o.s.web.servlet.DispatcherServlet        : Completed initialization in 1 ms
2026-06-15T10:12:15.471+09:00  WARN 31684 --- [http-nio-8080-exec-2] c.a.controller.GlobalExceptionHandler    : 静的リソースが見つかりません: /favicon.ico
2026-06-15T10:12:29.788+09:00  INFO 31684 --- [http-nio-8080-exec-1] com.zaxxer.hikari.HikariDataSource       : HikariPool-1 - Starting...
2026-06-15T10:12:30.039+09:00  INFO 31684 --- [http-nio-8080-exec-1] com.zaxxer.hikari.pool.HikariPool        : HikariPool-1 - Added connection com.mysql.cj.jdbc.ConnectionImpl@5bfe2efe
2026-06-15T10:12:30.042+09:00  INFO 31684 --- [http-nio-8080-exec-1] com.zaxxer.hikari.HikariDataSource       : HikariPool-1 - Start completed.
2026-06-15T10:12:30.048+09:00 DEBUG 31684 --- [http-nio-8080-exec-1] c.a.mapper.AccountMapper.findAll         : ==>  Preparing: SELECT a.*, e.last_name, e.first_name FROM m_account a left JOIN m_employee e ON a.account_id = e.emp_id AND (e.delete_flg = 0 OR e.delete_flg IS NULL) WHERE a.delete_flg = 0 ORDER BY a.account_id ASC
2026-06-15T10:12:30.088+09:00 DEBUG 31684 --- [http-nio-8080-exec-1] c.a.mapper.AccountMapper.findAll         : ==> Parameters: 
2026-06-15T10:12:30.157+09:00 DEBUG 31684 --- [http-nio-8080-exec-1] c.a.mapper.AccountMapper.findAll         : <==      Total: 10
2026-06-15T10:12:34.242+09:00  WARN 31684 --- [http-nio-8080-exec-3] c.a.controller.GlobalExceptionHandler    : 静的リソースが見つかりません: /assign-history
2026-06-15T10:12:36.663+09:00 DEBUG 31684 --- [http-nio-8080-exec-9] c.a.mapper.AccountMapper.findAll         : ==>  Preparing: SELECT a.*, e.last_name, e.first_name FROM m_account a left JOIN m_employee e ON a.account_id = e.emp_id AND (e.delete_flg = 0 OR e.delete_flg IS NULL) WHERE a.delete_flg = 0 ORDER BY a.account_id ASC
2026-06-15T10:12:36.664+09:00 DEBUG 31684 --- [http-nio-8080-exec-9] c.a.mapper.AccountMapper.findAll         : ==> Parameters: 
2026-06-15T10:12:36.672+09:00 DEBUG 31684 --- [http-nio-8080-exec-9] c.a.mapper.AccountMapper.findAll         : <==      Total: 10
2026-06-15T10:12:37.359+09:00 DEBUG 31684 --- [http-nio-8080-exec-10] c.a.mapper.AccountMapper.findAll         : ==>  Preparing: SELECT a.*, e.last_name, e.first_name FROM m_account a left JOIN m_employee e ON a.account_id = e.emp_id AND (e.delete_flg = 0 OR e.delete_flg IS NULL) WHERE a.delete_flg = 0 ORDER BY a.account_id ASC
2026-06-15T10:12:37.360+09:00 DEBUG 31684 --- [http-nio-8080-exec-10] c.a.mapper.AccountMapper.findAll         : ==> Parameters: 
2026-06-15T10:12:37.364+09:00 DEBUG 31684 --- [http-nio-8080-exec-10] c.a.mapper.AccountMapper.findAll         : <==      Total: 10
2026-06-15T10:13:12.074+09:00  INFO 31684 --- [File Watcher] rtingClassPathChangeChangedEventListener : Restarting due to 28 class path changes (0 additions, 0 deletions, 28 modifications)
2026-06-15T10:13:12.077+09:00  INFO 31684 --- [Thread-1] o.s.boot.tomcat.GracefulShutdown         : Commencing graceful shutdown. Waiting for active requests to complete
2026-06-15T10:13:12.259+09:00  INFO 31684 --- [tomcat-shutdown] o.s.boot.tomcat.GracefulShutdown         : Graceful shutdown complete
2026-06-15T10:13:12.263+09:00  INFO 31684 --- [Thread-1] com.zaxxer.hikari.HikariDataSource       : HikariPool-1 - Shutdown initiated...
2026-06-15T10:13:12.280+09:00  INFO 31684 --- [Thread-1] com.zaxxer.hikari.HikariDataSource       : HikariPool-1 - Shutdown completed.
2026-06-15T10:13:12.332+09:00  INFO 31684 --- [restartedMain] com.assignhub.AssignHubApplication       : Starting AssignHubApplication using Java 17.0.13 with PID 31684 (C:\Users\お客様\git\AssignHub\AssignHub\target\classes started by お客様 in C:\Users\お客様\git\AssignHub\AssignHub)
2026-06-15T10:13:12.332+09:00  INFO 31684 --- [restartedMain] com.assignhub.AssignHubApplication       : No active profile set, falling back to 1 default profile: "default"
2026-06-15T10:13:12.466+09:00  INFO 31684 --- [restartedMain] o.s.boot.tomcat.TomcatWebServer          : Tomcat initialized with port 8080 (http)
2026-06-15T10:13:12.467+09:00  INFO 31684 --- [restartedMain] o.apache.catalina.core.StandardService   : Starting service [Tomcat]
2026-06-15T10:13:12.467+09:00  INFO 31684 --- [restartedMain] o.apache.catalina.core.StandardEngine    : Starting Servlet engine: [Apache Tomcat/11.0.21]
2026-06-15T10:13:12.480+09:00  INFO 31684 --- [restartedMain] b.w.c.s.WebApplicationContextInitializer : Root WebApplicationContext: initialization completed in 146 ms
2026-06-15T10:13:12.594+09:00  INFO 31684 --- [restartedMain] o.s.boot.tomcat.TomcatWebServer          : Tomcat started on port 8080 (http) with context path '/'
2026-06-15T10:13:12.596+09:00  INFO 31684 --- [restartedMain] com.assignhub.AssignHubApplication       : Started AssignHubApplication in 0.281 seconds (process running for 69.766)
2026-06-15T10:13:12.598+09:00  INFO 31684 --- [restartedMain] .ConditionEvaluationDeltaLoggingListener : Condition evaluation unchanged
2026-06-15T10:13:43.032+09:00  INFO 31684 --- [http-nio-8080-exec-1] o.a.c.c.C.[Tomcat].[localhost].[/]       : Initializing Spring DispatcherServlet 'dispatcherServlet'
2026-06-15T10:13:43.032+09:00  INFO 31684 --- [http-nio-8080-exec-1] o.s.web.servlet.DispatcherServlet        : Initializing Servlet 'dispatcherServlet'
2026-06-15T10:13:43.049+09:00  INFO 31684 --- [http-nio-8080-exec-1] o.s.web.servlet.DispatcherServlet        : Completed initialization in 17 ms
2026-06-15T10:13:43.051+09:00  INFO 31684 --- [http-nio-8080-exec-1] com.zaxxer.hikari.HikariDataSource       : HikariPool-2 - Starting...
2026-06-15T10:13:43.067+09:00  INFO 31684 --- [http-nio-8080-exec-1] com.zaxxer.hikari.pool.HikariPool        : HikariPool-2 - Added connection com.mysql.cj.jdbc.ConnectionImpl@6adf1142
2026-06-15T10:13:43.068+09:00  INFO 31684 --- [http-nio-8080-exec-1] com.zaxxer.hikari.HikariDataSource       : HikariPool-2 - Start completed.
2026-06-15T10:13:43.068+09:00 DEBUG 31684 --- [http-nio-8080-exec-1] c.a.mapper.AccountMapper.findAll         : ==>  Preparing: SELECT a.*, e.last_name, e.first_name FROM m_account a left JOIN m_employee e ON a.account_id = e.emp_id AND (e.delete_flg = 0 OR e.delete_flg IS NULL) WHERE a.delete_flg = 0 ORDER BY a.account_id ASC
2026-06-15T10:13:43.069+09:00 DEBUG 31684 --- [http-nio-8080-exec-1] c.a.mapper.AccountMapper.findAll         : ==> Parameters: 
2026-06-15T10:13:43.074+09:00 DEBUG 31684 --- [http-nio-8080-exec-1] c.a.mapper.AccountMapper.findAll         : <==      Total: 10
2026-06-15T10:13:43.503+09:00 DEBUG 31684 --- [http-nio-8080-exec-7] c.a.mapper.AccountMapper.findAll         : ==>  Preparing: SELECT a.*, e.last_name, e.first_name FROM m_account a left JOIN m_employee e ON a.account_id = e.emp_id AND (e.delete_flg = 0 OR e.delete_flg IS NULL) WHERE a.delete_flg = 0 ORDER BY a.account_id ASC
2026-06-15T10:13:43.503+09:00 DEBUG 31684 --- [http-nio-8080-exec-7] c.a.mapper.AccountMapper.findAll         : ==> Parameters: 
2026-06-15T10:13:43.516+09:00 DEBUG 31684 --- [http-nio-8080-exec-7] c.a.mapper.AccountMapper.findAll         : <==      Total: 10
2026-06-15T10:13:43.803+09:00 DEBUG 31684 --- [http-nio-8080-exec-9] c.a.mapper.AccountMapper.findAll         : ==>  Preparing: SELECT a.*, e.last_name, e.first_name FROM m_account a left JOIN m_employee e ON a.account_id = e.emp_id AND (e.delete_flg = 0 OR e.delete_flg IS NULL) WHERE a.delete_flg = 0 ORDER BY a.account_id ASC
2026-06-15T10:13:43.803+09:00 DEBUG 31684 --- [http-nio-8080-exec-9] c.a.mapper.AccountMapper.findAll         : ==> Parameters: 
2026-06-15T10:13:43.809+09:00 DEBUG 31684 --- [http-nio-8080-exec-9] c.a.mapper.AccountMapper.findAll         : <==      Total: 10
2026-06-15T10:13:44.912+09:00 DEBUG 31684 --- [http-nio-8080-exec-4] c.a.mapper.AccountMapper.findAll         : ==>  Preparing: SELECT a.*, e.last_name, e.first_name FROM m_account a left JOIN m_employee e ON a.account_id = e.emp_id AND (e.delete_flg = 0 OR e.delete_flg IS NULL) WHERE a.delete_flg = 0 ORDER BY a.account_id ASC
2026-06-15T10:13:44.913+09:00 DEBUG 31684 --- [http-nio-8080-exec-4] c.a.mapper.AccountMapper.findAll         : ==> Parameters: 
2026-06-15T10:13:44.916+09:00 DEBUG 31684 --- [http-nio-8080-exec-4] c.a.mapper.AccountMapper.findAll         : <==      Total: 10
2026-06-15T10:13:49.765+09:00 DEBUG 31684 --- [http-nio-8080-exec-6] c.a.mapper.AccountMapper.findAll         : ==>  Preparing: SELECT a.*, e.last_name, e.first_name FROM m_account a left JOIN m_employee e ON a.account_id = e.emp_id AND (e.delete_flg = 0 OR e.delete_flg IS NULL) WHERE a.delete_flg = 0 ORDER BY a.account_id ASC
2026-06-15T10:13:49.766+09:00 DEBUG 31684 --- [http-nio-8080-exec-6] c.a.mapper.AccountMapper.findAll         : ==> Parameters: 
2026-06-15T10:13:49.769+09:00 DEBUG 31684 --- [http-nio-8080-exec-6] c.a.mapper.AccountMapper.findAll         : <==      Total: 10
2026-06-15T10:13:55.266+09:00 DEBUG 31684 --- [http-nio-8080-exec-2] c.a.mapper.AccountMapper.findAll         : ==>  Preparing: SELECT a.*, e.last_name, e.first_name FROM m_account a left JOIN m_employee e ON a.account_id = e.emp_id AND (e.delete_flg = 0 OR e.delete_flg IS NULL) WHERE a.delete_flg = 0 ORDER BY a.account_id ASC
2026-06-15T10:13:55.267+09:00 DEBUG 31684 --- [http-nio-8080-exec-2] c.a.mapper.AccountMapper.findAll         : ==> Parameters: 
2026-06-15T10:13:55.269+09:00 DEBUG 31684 --- [http-nio-8080-exec-2] c.a.mapper.AccountMapper.findAll         : <==      Total: 10
2026-06-15T10:13:58.108+09:00 DEBUG 31684 --- [http-nio-8080-exec-7] c.a.mapper.AccountMapper.findAll         : ==>  Preparing: SELECT a.*, e.last_name, e.first_name FROM m_account a left JOIN m_employee e ON a.account_id = e.emp_id AND (e.delete_flg = 0 OR e.delete_flg IS NULL) WHERE a.delete_flg = 0 ORDER BY a.account_id ASC
2026-06-15T10:13:58.108+09:00 DEBUG 31684 --- [http-nio-8080-exec-7] c.a.mapper.AccountMapper.findAll         : ==> Parameters: 
2026-06-15T10:13:58.114+09:00 DEBUG 31684 --- [http-nio-8080-exec-7] c.a.mapper.AccountMapper.findAll         : <==      Total: 10
2026-06-15T10:13:59.135+09:00 DEBUG 31684 --- [http-nio-8080-exec-9] c.a.mapper.AccountMapper.findAll         : ==>  Preparing: SELECT a.*, e.last_name, e.first_name FROM m_account a left JOIN m_employee e ON a.account_id = e.emp_id AND (e.delete_flg = 0 OR e.delete_flg IS NULL) WHERE a.delete_flg = 0 ORDER BY a.account_id ASC
2026-06-15T10:13:59.135+09:00 DEBUG 31684 --- [http-nio-8080-exec-9] c.a.mapper.AccountMapper.findAll         : ==> Parameters: 
2026-06-15T10:13:59.139+09:00 DEBUG 31684 --- [http-nio-8080-exec-9] c.a.mapper.AccountMapper.findAll         : <==      Total: 10
2026-06-15T10:14:14.718+09:00 DEBUG 31684 --- [http-nio-8080-exec-3] c.a.mapper.AccountMapper.findAll         : ==>  Preparing: SELECT a.*, e.last_name, e.first_name FROM m_account a left JOIN m_employee e ON a.account_id = e.emp_id AND (e.delete_flg = 0 OR e.delete_flg IS NULL) WHERE a.delete_flg = 0 ORDER BY a.account_id ASC
2026-06-15T10:14:14.719+09:00 DEBUG 31684 --- [http-nio-8080-exec-3] c.a.mapper.AccountMapper.findAll         : ==> Parameters: 
2026-06-15T10:14:14.722+09:00 DEBUG 31684 --- [http-nio-8080-exec-3] c.a.mapper.AccountMapper.findAll         : <==      Total: 10
2026-06-15T10:14:16.376+09:00 DEBUG 31684 --- [http-nio-8080-exec-8] c.a.mapper.AccountMapper.findAll         : ==>  Preparing: SELECT a.*, e.last_name, e.first_name FROM m_account a left JOIN m_employee e ON a.account_id = e.emp_id AND (e.delete_flg = 0 OR e.delete_flg IS NULL) WHERE a.delete_flg = 0 ORDER BY a.account_id ASC
2026-06-15T10:14:16.377+09:00 DEBUG 31684 --- [http-nio-8080-exec-8] c.a.mapper.AccountMapper.findAll         : ==> Parameters: 
2026-06-15T10:14:16.379+09:00 DEBUG 31684 --- [http-nio-8080-exec-8] c.a.mapper.AccountMapper.findAll         : <==      Total: 10
2026-06-15T10:14:17.784+09:00 DEBUG 31684 --- [http-nio-8080-exec-10] c.a.mapper.AccountMapper.findAll         : ==>  Preparing: SELECT a.*, e.last_name, e.first_name FROM m_account a left JOIN m_employee e ON a.account_id = e.emp_id AND (e.delete_flg = 0 OR e.delete_flg IS NULL) WHERE a.delete_flg = 0 ORDER BY a.account_id ASC
2026-06-15T10:14:17.785+09:00 DEBUG 31684 --- [http-nio-8080-exec-10] c.a.mapper.AccountMapper.findAll         : ==> Parameters: 
2026-06-15T10:14:17.789+09:00 DEBUG 31684 --- [http-nio-8080-exec-10] c.a.mapper.AccountMapper.findAll         : <==      Total: 10
2026-06-15T10:14:29.633+09:00  WARN 31684 --- [http-nio-8080-exec-7] c.a.controller.GlobalExceptionHandler    : 静的リソースが見つかりません: /deleted/accounts
2026-06-15T10:16:57.013+09:00 DEBUG 31684 --- [http-nio-8080-exec-6] c.a.mapper.AccountMapper.findAll         : ==>  Preparing: SELECT a.*, e.last_name, e.first_name FROM m_account a left JOIN m_employee e ON a.account_id = e.emp_id AND (e.delete_flg = 0 OR e.delete_flg IS NULL) WHERE a.delete_flg = 0 ORDER BY a.account_id ASC
2026-06-15T10:16:57.013+09:00 DEBUG 31684 --- [http-nio-8080-exec-6] c.a.mapper.AccountMapper.findAll         : ==> Parameters: 
2026-06-15T10:16:57.016+09:00 DEBUG 31684 --- [http-nio-8080-exec-6] c.a.mapper.AccountMapper.findAll         : <==      Total: 10
2026-06-15T10:17:10.885+09:00 ERROR 31684 --- [http-nio-8080-exec-4] c.a.controller.GlobalExceptionHandler    : 【システムエラー】予期せぬ例外が発生しました。

org.mybatis.spring.MyBatisSystemException: 
### Error querying database.  Cause: org.apache.ibatis.binding.BindingException: Parameter 'txt_emp_name' not found. Available parameters are [sort, keyword, param3, param1, param2, order]
### Cause: org.apache.ibatis.binding.BindingException: Parameter 'txt_emp_name' not found. Available parameters are [sort, keyword, param3, param1, param2, order]
	at org.mybatis.spring.MyBatisExceptionTranslator.translateExceptionIfPossible(MyBatisExceptionTranslator.java:101) ~[mybatis-spring-4.0.0.jar:4.0.0]
	at org.mybatis.spring.SqlSessionTemplate$SqlSessionInterceptor.invoke(SqlSessionTemplate.java:362) ~[mybatis-spring-4.0.0.jar:4.0.0]
	at jdk.proxy2/jdk.proxy2.$Proxy71.selectList(Unknown Source) ~[na:na]
	at org.mybatis.spring.SqlSessionTemplate.selectList(SqlSessionTemplate.java:209) ~[mybatis-spring-4.0.0.jar:4.0.0]
	at org.apache.ibatis.binding.MapperMethod.executeForMany(MapperMethod.java:147) ~[mybatis-3.5.19.jar:3.5.19]
	at org.apache.ibatis.binding.MapperMethod.execute(MapperMethod.java:80) ~[mybatis-3.5.19.jar:3.5.19]
	at org.apache.ibatis.binding.MapperProxy$PlainMethodInvoker.invoke(MapperProxy.java:141) ~[mybatis-3.5.19.jar:3.5.19]
	at org.apache.ibatis.binding.MapperProxy.invoke(MapperProxy.java:86) ~[mybatis-3.5.19.jar:3.5.19]
	at jdk.proxy5/jdk.proxy5.$Proxy99.findAll(Unknown Source) ~[na:na]
	at com.assignhub.service.EmployeeService.findAll(EmployeeService.java:43) ~[classes/:na]
	at java.base/jdk.internal.reflect.NativeMethodAccessorImpl.invoke0(Native Method) ~[na:na]
	at java.base/jdk.internal.reflect.NativeMethodAccessorImpl.invoke(NativeMethodAccessorImpl.java:77) ~[na:na]
	at java.base/jdk.internal.reflect.DelegatingMethodAccessorImpl.invoke(DelegatingMethodAccessorImpl.java:43) ~[na:na]
	at java.base/java.lang.reflect.Method.invoke(Method.java:569) ~[na:na]
	at org.springframework.aop.support.AopUtils.invokeJoinpointUsingReflection(AopUtils.java:359) ~[spring-aop-7.0.7.jar:7.0.7]
	at org.springframework.aop.framework.CglibAopProxy$DynamicAdvisedInterceptor.intercept(CglibAopProxy.java:715) ~[spring-aop-7.0.7.jar:7.0.7]
	at com.assignhub.service.EmployeeService$$SpringCGLIB$$0.findAll(<generated>) ~[classes/:na]
	at com.assignhub.controller.EmployeeController.index(EmployeeController.java:52) ~[classes/:na]
	at java.base/jdk.internal.reflect.NativeMethodAccessorImpl.invoke0(Native Method) ~[na:na]
	at java.base/jdk.internal.reflect.NativeMethodAccessorImpl.invoke(NativeMethodAccessorImpl.java:77) ~[na:na]
	at java.base/jdk.internal.reflect.DelegatingMethodAccessorImpl.invoke(DelegatingMethodAccessorImpl.java:43) ~[na:na]
	at java.base/java.lang.reflect.Method.invoke(Method.java:569) ~[na:na]
	at org.springframework.web.method.support.InvocableHandlerMethod.doInvoke(InvocableHandlerMethod.java:252) ~[spring-web-7.0.7.jar:7.0.7]
	at org.springframework.web.method.support.InvocableHandlerMethod.invokeForRequest(InvocableHandlerMethod.java:184) ~[spring-web-7.0.7.jar:7.0.7]
	at org.springframework.web.servlet.mvc.method.annotation.ServletInvocableHandlerMethod.invokeAndHandle(ServletInvocableHandlerMethod.java:117) ~[spring-webmvc-7.0.7.jar:7.0.7]
	at org.springframework.web.servlet.mvc.method.annotation.RequestMappingHandlerAdapter.invokeHandlerMethod(RequestMappingHandlerAdapter.java:934) ~[spring-webmvc-7.0.7.jar:7.0.7]
	at org.springframework.web.servlet.mvc.method.annotation.RequestMappingHandlerAdapter.handleInternal(RequestMappingHandlerAdapter.java:853) ~[spring-webmvc-7.0.7.jar:7.0.7]
	at org.springframework.web.servlet.mvc.method.AbstractHandlerMethodAdapter.handle(AbstractHandlerMethodAdapter.java:86) ~[spring-webmvc-7.0.7.jar:7.0.7]
	at org.springframework.web.servlet.DispatcherServlet.doDispatch(DispatcherServlet.java:963) ~[spring-webmvc-7.0.7.jar:7.0.7]
	at org.springframework.web.servlet.DispatcherServlet.doService(DispatcherServlet.java:866) ~[spring-webmvc-7.0.7.jar:7.0.7]
	at org.springframework.web.servlet.FrameworkServlet.processRequest(FrameworkServlet.java:1000) ~[spring-webmvc-7.0.7.jar:7.0.7]
	at org.springframework.web.servlet.FrameworkServlet.doGet(FrameworkServlet.java:892) ~[spring-webmvc-7.0.7.jar:7.0.7]
	at jakarta.servlet.http.HttpServlet.service(HttpServlet.java:622) ~[tomcat-embed-core-11.0.21.jar:6.1]
	at org.springframework.web.servlet.FrameworkServlet.service(FrameworkServlet.java:874) ~[spring-webmvc-7.0.7.jar:7.0.7]
	at jakarta.servlet.http.HttpServlet.service(HttpServlet.java:710) ~[tomcat-embed-core-11.0.21.jar:6.1]
	at org.apache.catalina.core.ApplicationFilterChain.doFilter(ApplicationFilterChain.java:128) ~[tomcat-embed-core-11.0.21.jar:11.0.21]
	at org.apache.tomcat.websocket.server.WsFilter.doFilter(WsFilter.java:53) ~[tomcat-embed-websocket-11.0.21.jar:11.0.21]
	at org.apache.catalina.core.ApplicationFilterChain.doFilter(ApplicationFilterChain.java:107) ~[tomcat-embed-core-11.0.21.jar:11.0.21]
	at org.springframework.web.filter.RequestContextFilter.doFilterInternal(RequestContextFilter.java:100) ~[spring-web-7.0.7.jar:7.0.7]
	at org.springframework.web.filter.OncePerRequestFilter.doFilter(OncePerRequestFilter.java:116) ~[spring-web-7.0.7.jar:7.0.7]
	at org.apache.catalina.core.ApplicationFilterChain.doFilter(ApplicationFilterChain.java:107) ~[tomcat-embed-core-11.0.21.jar:11.0.21]
	at org.springframework.web.filter.FormContentFilter.doFilterInternal(FormContentFilter.java:93) ~[spring-web-7.0.7.jar:7.0.7]
	at org.springframework.web.filter.OncePerRequestFilter.doFilter(OncePerRequestFilter.java:116) ~[spring-web-7.0.7.jar:7.0.7]
	at org.apache.catalina.core.ApplicationFilterChain.doFilter(ApplicationFilterChain.java:107) ~[tomcat-embed-core-11.0.21.jar:11.0.21]
	at org.springframework.web.filter.CharacterEncodingFilter.doFilterInternal(CharacterEncodingFilter.java:199) ~[spring-web-7.0.7.jar:7.0.7]
	at org.springframework.web.filter.OncePerRequestFilter.doFilter(OncePerRequestFilter.java:116) ~[spring-web-7.0.7.jar:7.0.7]
	at org.apache.catalina.core.ApplicationFilterChain.doFilter(ApplicationFilterChain.java:107) ~[tomcat-embed-core-11.0.21.jar:11.0.21]
	at org.apache.catalina.core.StandardWrapperValve.invoke(StandardWrapperValve.java:165) ~[tomcat-embed-core-11.0.21.jar:11.0.21]
	at org.apache.catalina.core.StandardContextValve.invoke(StandardContextValve.java:77) ~[tomcat-embed-core-11.0.21.jar:11.0.21]
	at org.apache.catalina.authenticator.AuthenticatorBase.invoke(AuthenticatorBase.java:492) ~[tomcat-embed-core-11.0.21.jar:11.0.21]
	at org.apache.catalina.core.StandardHostValve.invoke(StandardHostValve.java:113) ~[tomcat-embed-core-11.0.21.jar:11.0.21]
	at org.apache.catalina.valves.ErrorReportValve.invoke(ErrorReportValve.java:83) ~[tomcat-embed-core-11.0.21.jar:11.0.21]
	at org.apache.catalina.core.StandardEngineValve.invoke(StandardEngineValve.java:72) ~[tomcat-embed-core-11.0.21.jar:11.0.21]
	at org.apache.catalina.connector.CoyoteAdapter.service(CoyoteAdapter.java:341) ~[tomcat-embed-core-11.0.21.jar:11.0.21]
	at org.apache.coyote.http11.Http11Processor.service(Http11Processor.java:397) ~[tomcat-embed-core-11.0.21.jar:11.0.21]
	at org.apache.coyote.AbstractProcessorLight.process(AbstractProcessorLight.java:63) ~[tomcat-embed-core-11.0.21.jar:11.0.21]
	at org.apache.coyote.AbstractProtocol$ConnectionHandler.process(AbstractProtocol.java:903) ~[tomcat-embed-core-11.0.21.jar:11.0.21]
	at org.apache.tomcat.util.net.NioEndpoint$SocketProcessor.doRun(NioEndpoint.java:1801) ~[tomcat-embed-core-11.0.21.jar:11.0.21]
	at org.apache.tomcat.util.net.SocketProcessorBase.run(SocketProcessorBase.java:52) ~[tomcat-embed-core-11.0.21.jar:11.0.21]
	at org.apache.tomcat.util.threads.ThreadPoolExecutor.runWorker(ThreadPoolExecutor.java:946) ~[tomcat-embed-core-11.0.21.jar:11.0.21]
	at org.apache.tomcat.util.threads.ThreadPoolExecutor$Worker.run(ThreadPoolExecutor.java:480) ~[tomcat-embed-core-11.0.21.jar:11.0.21]
	at org.apache.tomcat.util.threads.TaskThread$WrappingRunnable.run(TaskThread.java:57) ~[tomcat-embed-core-11.0.21.jar:11.0.21]
	at java.base/java.lang.Thread.run(Thread.java:840) ~[na:na]
Caused by: org.apache.ibatis.binding.BindingException: Parameter 'txt_emp_name' not found. Available parameters are [sort, keyword, param3, param1, param2, order]
	at org.apache.ibatis.binding.MapperMethod$ParamMap.get(MapperMethod.java:210) ~[mybatis-3.5.19.jar:3.5.19]
	at org.apache.ibatis.scripting.xmltags.DynamicContext$ContextAccessor.getProperty(DynamicContext.java:119) ~[mybatis-3.5.19.jar:3.5.19]
	at org.apache.ibatis.ognl.OgnlRuntime.getProperty(OgnlRuntime.java:2352) ~[mybatis-3.5.19.jar:3.5.19]
	at org.apache.ibatis.ognl.ASTProperty.getValueBody(ASTProperty.java:95) ~[mybatis-3.5.19.jar:3.5.19]
	at org.apache.ibatis.ognl.SimpleNode.evaluateGetValueBody(SimpleNode.java:171) ~[mybatis-3.5.19.jar:3.5.19]
	at org.apache.ibatis.ognl.SimpleNode.getValue(SimpleNode.java:206) ~[mybatis-3.5.19.jar:3.5.19]
	at org.apache.ibatis.ognl.ASTNotEq.getValueBody(ASTNotEq.java:34) ~[mybatis-3.5.19.jar:3.5.19]
	at org.apache.ibatis.ognl.SimpleNode.evaluateGetValueBody(SimpleNode.java:171) ~[mybatis-3.5.19.jar:3.5.19]
	at org.apache.ibatis.ognl.SimpleNode.getValue(SimpleNode.java:206) ~[mybatis-3.5.19.jar:3.5.19]
	at org.apache.ibatis.ognl.ASTAnd.getValueBody(ASTAnd.java:45) ~[mybatis-3.5.19.jar:3.5.19]
	at org.apache.ibatis.ognl.SimpleNode.evaluateGetValueBody(SimpleNode.java:171) ~[mybatis-3.5.19.jar:3.5.19]
	at org.apache.ibatis.ognl.SimpleNode.getValue(SimpleNode.java:206) ~[mybatis-3.5.19.jar:3.5.19]
	at org.apache.ibatis.ognl.Ognl.getValue(Ognl.java:408) ~[mybatis-3.5.19.jar:3.5.19]
	at org.apache.ibatis.ognl.Ognl.getValue(Ognl.java:383) ~[mybatis-3.5.19.jar:3.5.19]
	at org.apache.ibatis.scripting.xmltags.OgnlCache.getValue(OgnlCache.java:47) ~[mybatis-3.5.19.jar:3.5.19]
	at org.apache.ibatis.scripting.xmltags.ExpressionEvaluator.evaluateBoolean(ExpressionEvaluator.java:34) ~[mybatis-3.5.19.jar:3.5.19]
	at org.apache.ibatis.scripting.xmltags.IfSqlNode.apply(IfSqlNode.java:33) ~[mybatis-3.5.19.jar:3.5.19]
	at org.apache.ibatis.scripting.xmltags.MixedSqlNode.lambda$apply$0(MixedSqlNode.java:32) ~[mybatis-3.5.19.jar:3.5.19]
	at java.base/java.util.ArrayList.forEach(ArrayList.java:1511) ~[na:na]
	at org.apache.ibatis.scripting.xmltags.MixedSqlNode.apply(MixedSqlNode.java:32) ~[mybatis-3.5.19.jar:3.5.19]
	at org.apache.ibatis.scripting.xmltags.TrimSqlNode.apply(TrimSqlNode.java:58) ~[mybatis-3.5.19.jar:3.5.19]
	at org.apache.ibatis.scripting.xmltags.MixedSqlNode.lambda$apply$0(MixedSqlNode.java:32) ~[mybatis-3.5.19.jar:3.5.19]
	at java.base/java.util.ArrayList.forEach(ArrayList.java:1511) ~[na:na]
	at org.apache.ibatis.scripting.xmltags.MixedSqlNode.apply(MixedSqlNode.java:32) ~[mybatis-3.5.19.jar:3.5.19]
	at org.apache.ibatis.scripting.xmltags.DynamicSqlSource.getBoundSql(DynamicSqlSource.java:39) ~[mybatis-3.5.19.jar:3.5.19]
	at org.apache.ibatis.mapping.MappedStatement.getBoundSql(MappedStatement.java:320) ~[mybatis-3.5.19.jar:3.5.19]
	at org.apache.ibatis.executor.CachingExecutor.query(CachingExecutor.java:88) ~[mybatis-3.5.19.jar:3.5.19]
	at org.apache.ibatis.session.defaults.DefaultSqlSession.selectList(DefaultSqlSession.java:154) ~[mybatis-3.5.19.jar:3.5.19]
	at org.apache.ibatis.session.defaults.DefaultSqlSession.selectList(DefaultSqlSession.java:147) ~[mybatis-3.5.19.jar:3.5.19]
	at org.apache.ibatis.session.defaults.DefaultSqlSession.selectList(DefaultSqlSession.java:142) ~[mybatis-3.5.19.jar:3.5.19]
	at java.base/jdk.internal.reflect.NativeMethodAccessorImpl.invoke0(Native Method) ~[na:na]
	at java.base/jdk.internal.reflect.NativeMethodAccessorImpl.invoke(NativeMethodAccessorImpl.java:77) ~[na:na]
	at java.base/jdk.internal.reflect.DelegatingMethodAccessorImpl.invoke(DelegatingMethodAccessorImpl.java:43) ~[na:na]
	at java.base/java.lang.reflect.Method.invoke(Method.java:569) ~[na:na]
	at org.mybatis.spring.SqlSessionTemplate$SqlSessionInterceptor.invoke(SqlSessionTemplate.java:348) ~[mybatis-spring-4.0.0.jar:4.0.0]
	... 61 common frames omitted

2026-06-15T10:17:10.897+09:00 ERROR 31684 --- [http-nio-8080-exec-4] o.a.c.c.C.[.[.[/].[dispatcherServlet]    : Servlet.service() for servlet [dispatcherServlet] in context with path [] threw exception [Request processing failed: org.mybatis.spring.MyBatisSystemException: 
### Error querying database.  Cause: org.apache.ibatis.binding.BindingException: Parameter 'txt_emp_name' not found. Available parameters are [sort, keyword, param3, param1, param2, order]
### Cause: org.apache.ibatis.binding.BindingException: Parameter 'txt_emp_name' not found. Available parameters are [sort, keyword, param3, param1, param2, order]] with root cause

org.apache.ibatis.binding.BindingException: Parameter 'txt_emp_name' not found. Available parameters are [sort, keyword, param3, param1, param2, order]
	at org.apache.ibatis.binding.MapperMethod$ParamMap.get(MapperMethod.java:210) ~[mybatis-3.5.19.jar:3.5.19]
	at org.apache.ibatis.scripting.xmltags.DynamicContext$ContextAccessor.getProperty(DynamicContext.java:119) ~[mybatis-3.5.19.jar:3.5.19]
	at org.apache.ibatis.ognl.OgnlRuntime.getProperty(OgnlRuntime.java:2352) ~[mybatis-3.5.19.jar:3.5.19]
	at org.apache.ibatis.ognl.ASTProperty.getValueBody(ASTProperty.java:95) ~[mybatis-3.5.19.jar:3.5.19]
	at org.apache.ibatis.ognl.SimpleNode.evaluateGetValueBody(SimpleNode.java:171) ~[mybatis-3.5.19.jar:3.5.19]
	at org.apache.ibatis.ognl.SimpleNode.getValue(SimpleNode.java:206) ~[mybatis-3.5.19.jar:3.5.19]
	at org.apache.ibatis.ognl.ASTNotEq.getValueBody(ASTNotEq.java:34) ~[mybatis-3.5.19.jar:3.5.19]
	at org.apache.ibatis.ognl.SimpleNode.evaluateGetValueBody(SimpleNode.java:171) ~[mybatis-3.5.19.jar:3.5.19]
	at org.apache.ibatis.ognl.SimpleNode.getValue(SimpleNode.java:206) ~[mybatis-3.5.19.jar:3.5.19]
	at org.apache.ibatis.ognl.ASTAnd.getValueBody(ASTAnd.java:45) ~[mybatis-3.5.19.jar:3.5.19]
	at org.apache.ibatis.ognl.SimpleNode.evaluateGetValueBody(SimpleNode.java:171) ~[mybatis-3.5.19.jar:3.5.19]
	at org.apache.ibatis.ognl.SimpleNode.getValue(SimpleNode.java:206) ~[mybatis-3.5.19.jar:3.5.19]
	at org.apache.ibatis.ognl.Ognl.getValue(Ognl.java:408) ~[mybatis-3.5.19.jar:3.5.19]
	at org.apache.ibatis.ognl.Ognl.getValue(Ognl.java:383) ~[mybatis-3.5.19.jar:3.5.19]
	at org.apache.ibatis.scripting.xmltags.OgnlCache.getValue(OgnlCache.java:47) ~[mybatis-3.5.19.jar:3.5.19]
	at org.apache.ibatis.scripting.xmltags.ExpressionEvaluator.evaluateBoolean(ExpressionEvaluator.java:34) ~[mybatis-3.5.19.jar:3.5.19]
	at org.apache.ibatis.scripting.xmltags.IfSqlNode.apply(IfSqlNode.java:33) ~[mybatis-3.5.19.jar:3.5.19]
	at org.apache.ibatis.scripting.xmltags.MixedSqlNode.lambda$apply$0(MixedSqlNode.java:32) ~[mybatis-3.5.19.jar:3.5.19]
	at java.base/java.util.ArrayList.forEach(ArrayList.java:1511) ~[na:na]
	at org.apache.ibatis.scripting.xmltags.MixedSqlNode.apply(MixedSqlNode.java:32) ~[mybatis-3.5.19.jar:3.5.19]
	at org.apache.ibatis.scripting.xmltags.TrimSqlNode.apply(TrimSqlNode.java:58) ~[mybatis-3.5.19.jar:3.5.19]
	at org.apache.ibatis.scripting.xmltags.MixedSqlNode.lambda$apply$0(MixedSqlNode.java:32) ~[mybatis-3.5.19.jar:3.5.19]
	at java.base/java.util.ArrayList.forEach(ArrayList.java:1511) ~[na:na]
	at org.apache.ibatis.scripting.xmltags.MixedSqlNode.apply(MixedSqlNode.java:32) ~[mybatis-3.5.19.jar:3.5.19]
	at org.apache.ibatis.scripting.xmltags.DynamicSqlSource.getBoundSql(DynamicSqlSource.java:39) ~[mybatis-3.5.19.jar:3.5.19]
	at org.apache.ibatis.mapping.MappedStatement.getBoundSql(MappedStatement.java:320) ~[mybatis-3.5.19.jar:3.5.19]
	at org.apache.ibatis.executor.CachingExecutor.query(CachingExecutor.java:88) ~[mybatis-3.5.19.jar:3.5.19]
	at org.apache.ibatis.session.defaults.DefaultSqlSession.selectList(DefaultSqlSession.java:154) ~[mybatis-3.5.19.jar:3.5.19]
	at org.apache.ibatis.session.defaults.DefaultSqlSession.selectList(DefaultSqlSession.java:147) ~[mybatis-3.5.19.jar:3.5.19]
	at org.apache.ibatis.session.defaults.DefaultSqlSession.selectList(DefaultSqlSession.java:142) ~[mybatis-3.5.19.jar:3.5.19]
	at java.base/jdk.internal.reflect.NativeMethodAccessorImpl.invoke0(Native Method) ~[na:na]
	at java.base/jdk.internal.reflect.NativeMethodAccessorImpl.invoke(NativeMethodAccessorImpl.java:77) ~[na:na]
	at java.base/jdk.internal.reflect.DelegatingMethodAccessorImpl.invoke(DelegatingMethodAccessorImpl.java:43) ~[na:na]
	at java.base/java.lang.reflect.Method.invoke(Method.java:569) ~[na:na]
	at org.mybatis.spring.SqlSessionTemplate$SqlSessionInterceptor.invoke(SqlSessionTemplate.java:348) ~[mybatis-spring-4.0.0.jar:4.0.0]
	at jdk.proxy2/jdk.proxy2.$Proxy71.selectList(Unknown Source) ~[na:na]
	at org.mybatis.spring.SqlSessionTemplate.selectList(SqlSessionTemplate.java:209) ~[mybatis-spring-4.0.0.jar:4.0.0]
	at org.apache.ibatis.binding.MapperMethod.executeForMany(MapperMethod.java:147) ~[mybatis-3.5.19.jar:3.5.19]
	at org.apache.ibatis.binding.MapperMethod.execute(MapperMethod.java:80) ~[mybatis-3.5.19.jar:3.5.19]
	at org.apache.ibatis.binding.MapperProxy$PlainMethodInvoker.invoke(MapperProxy.java:141) ~[mybatis-3.5.19.jar:3.5.19]
	at org.apache.ibatis.binding.MapperProxy.invoke(MapperProxy.java:86) ~[mybatis-3.5.19.jar:3.5.19]
	at jdk.proxy5/jdk.proxy5.$Proxy99.findAll(Unknown Source) ~[na:na]
	at com.assignhub.service.EmployeeService.findAll(EmployeeService.java:43) ~[classes/:na]
	at java.base/jdk.internal.reflect.NativeMethodAccessorImpl.invoke0(Native Method) ~[na:na]
	at java.base/jdk.internal.reflect.NativeMethodAccessorImpl.invoke(NativeMethodAccessorImpl.java:77) ~[na:na]
	at java.base/jdk.internal.reflect.DelegatingMethodAccessorImpl.invoke(DelegatingMethodAccessorImpl.java:43) ~[na:na]
	at java.base/java.lang.reflect.Method.invoke(Method.java:569) ~[na:na]
	at org.springframework.aop.support.AopUtils.invokeJoinpointUsingReflection(AopUtils.java:359) ~[spring-aop-7.0.7.jar:7.0.7]
	at org.springframework.aop.framework.CglibAopProxy$DynamicAdvisedInterceptor.intercept(CglibAopProxy.java:715) ~[spring-aop-7.0.7.jar:7.0.7]
	at com.assignhub.service.EmployeeService$$SpringCGLIB$$0.findAll(<generated>) ~[classes/:na]
	at com.assignhub.controller.EmployeeController.index(EmployeeController.java:52) ~[classes/:na]
	at java.base/jdk.internal.reflect.NativeMethodAccessorImpl.invoke0(Native Method) ~[na:na]
	at java.base/jdk.internal.reflect.NativeMethodAccessorImpl.invoke(NativeMethodAccessorImpl.java:77) ~[na:na]
	at java.base/jdk.internal.reflect.DelegatingMethodAccessorImpl.invoke(DelegatingMethodAccessorImpl.java:43) ~[na:na]
	at java.base/java.lang.reflect.Method.invoke(Method.java:569) ~[na:na]
	at org.springframework.web.method.support.InvocableHandlerMethod.doInvoke(InvocableHandlerMethod.java:252) ~[spring-web-7.0.7.jar:7.0.7]
	at org.springframework.web.method.support.InvocableHandlerMethod.invokeForRequest(InvocableHandlerMethod.java:184) ~[spring-web-7.0.7.jar:7.0.7]
	at org.springframework.web.servlet.mvc.method.annotation.ServletInvocableHandlerMethod.invokeAndHandle(ServletInvocableHandlerMethod.java:117) ~[spring-webmvc-7.0.7.jar:7.0.7]
	at org.springframework.web.servlet.mvc.method.annotation.RequestMappingHandlerAdapter.invokeHandlerMethod(RequestMappingHandlerAdapter.java:934) ~[spring-webmvc-7.0.7.jar:7.0.7]
	at org.springframework.web.servlet.mvc.method.annotation.RequestMappingHandlerAdapter.handleInternal(RequestMappingHandlerAdapter.java:853) ~[spring-webmvc-7.0.7.jar:7.0.7]
	at org.springframework.web.servlet.mvc.method.AbstractHandlerMethodAdapter.handle(AbstractHandlerMethodAdapter.java:86) ~[spring-webmvc-7.0.7.jar:7.0.7]
	at org.springframework.web.servlet.DispatcherServlet.doDispatch(DispatcherServlet.java:963) ~[spring-webmvc-7.0.7.jar:7.0.7]
	at org.springframework.web.servlet.DispatcherServlet.doService(DispatcherServlet.java:866) ~[spring-webmvc-7.0.7.jar:7.0.7]
	at org.springframework.web.servlet.FrameworkServlet.processRequest(FrameworkServlet.java:1000) ~[spring-webmvc-7.0.7.jar:7.0.7]
	at org.springframework.web.servlet.FrameworkServlet.doGet(FrameworkServlet.java:892) ~[spring-webmvc-7.0.7.jar:7.0.7]
	at jakarta.servlet.http.HttpServlet.service(HttpServlet.java:622) ~[tomcat-embed-core-11.0.21.jar:6.1]
	at org.springframework.web.servlet.FrameworkServlet.service(FrameworkServlet.java:874) ~[spring-webmvc-7.0.7.jar:7.0.7]
	at jakarta.servlet.http.HttpServlet.service(HttpServlet.java:710) ~[tomcat-embed-core-11.0.21.jar:6.1]
	at org.apache.catalina.core.ApplicationFilterChain.doFilter(ApplicationFilterChain.java:128) ~[tomcat-embed-core-11.0.21.jar:11.0.21]
	at org.apache.tomcat.websocket.server.WsFilter.doFilter(WsFilter.java:53) ~[tomcat-embed-websocket-11.0.21.jar:11.0.21]
	at org.apache.catalina.core.ApplicationFilterChain.doFilter(ApplicationFilterChain.java:107) ~[tomcat-embed-core-11.0.21.jar:11.0.21]
	at org.springframework.web.filter.RequestContextFilter.doFilterInternal(RequestContextFilter.java:100) ~[spring-web-7.0.7.jar:7.0.7]
	at org.springframework.web.filter.OncePerRequestFilter.doFilter(OncePerRequestFilter.java:116) ~[spring-web-7.0.7.jar:7.0.7]
	at org.apache.catalina.core.ApplicationFilterChain.doFilter(ApplicationFilterChain.java:107) ~[tomcat-embed-core-11.0.21.jar:11.0.21]
	at org.springframework.web.filter.FormContentFilter.doFilterInternal(FormContentFilter.java:93) ~[spring-web-7.0.7.jar:7.0.7]
	at org.springframework.web.filter.OncePerRequestFilter.doFilter(OncePerRequestFilter.java:116) ~[spring-web-7.0.7.jar:7.0.7]
	at org.apache.catalina.core.ApplicationFilterChain.doFilter(ApplicationFilterChain.java:107) ~[tomcat-embed-core-11.0.21.jar:11.0.21]
	at org.springframework.web.filter.CharacterEncodingFilter.doFilterInternal(CharacterEncodingFilter.java:199) ~[spring-web-7.0.7.jar:7.0.7]
	at org.springframework.web.filter.OncePerRequestFilter.doFilter(OncePerRequestFilter.java:116) ~[spring-web-7.0.7.jar:7.0.7]
	at org.apache.catalina.core.ApplicationFilterChain.doFilter(ApplicationFilterChain.java:107) ~[tomcat-embed-core-11.0.21.jar:11.0.21]
	at org.apache.catalina.core.StandardWrapperValve.invoke(StandardWrapperValve.java:165) ~[tomcat-embed-core-11.0.21.jar:11.0.21]
	at org.apache.catalina.core.StandardContextValve.invoke(StandardContextValve.java:77) ~[tomcat-embed-core-11.0.21.jar:11.0.21]
	at org.apache.catalina.authenticator.AuthenticatorBase.invoke(AuthenticatorBase.java:492) ~[tomcat-embed-core-11.0.21.jar:11.0.21]
	at org.apache.catalina.core.StandardHostValve.invoke(StandardHostValve.java:113) ~[tomcat-embed-core-11.0.21.jar:11.0.21]
	at org.apache.catalina.valves.ErrorReportValve.invoke(ErrorReportValve.java:83) ~[tomcat-embed-core-11.0.21.jar:11.0.21]
	at org.apache.catalina.core.StandardEngineValve.invoke(StandardEngineValve.java:72) ~[tomcat-embed-core-11.0.21.jar:11.0.21]
	at org.apache.catalina.connector.CoyoteAdapter.service(CoyoteAdapter.java:341) ~[tomcat-embed-core-11.0.21.jar:11.0.21]
	at org.apache.coyote.http11.Http11Processor.service(Http11Processor.java:397) ~[tomcat-embed-core-11.0.21.jar:11.0.21]
	at org.apache.coyote.AbstractProcessorLight.process(AbstractProcessorLight.java:63) ~[tomcat-embed-core-11.0.21.jar:11.0.21]
	at org.apache.coyote.AbstractProtocol$ConnectionHandler.process(AbstractProtocol.java:903) ~[tomcat-embed-core-11.0.21.jar:11.0.21]
	at org.apache.tomcat.util.net.NioEndpoint$SocketProcessor.doRun(NioEndpoint.java:1801) ~[tomcat-embed-core-11.0.21.jar:11.0.21]
	at org.apache.tomcat.util.net.SocketProcessorBase.run(SocketProcessorBase.java:52) ~[tomcat-embed-core-11.0.21.jar:11.0.21]
	at org.apache.tomcat.util.threads.ThreadPoolExecutor.runWorker(ThreadPoolExecutor.java:946) ~[tomcat-embed-core-11.0.21.jar:11.0.21]
	at org.apache.tomcat.util.threads.ThreadPoolExecutor$Worker.run(ThreadPoolExecutor.java:480) ~[tomcat-embed-core-11.0.21.jar:11.0.21]
	at org.apache.tomcat.util.threads.TaskThread$WrappingRunnable.run(TaskThread.java:57) ~[tomcat-embed-core-11.0.21.jar:11.0.21]
	at java.base/java.lang.Thread.run(Thread.java:840) ~[na:na]

2026-06-15T10:17:27.044+09:00 DEBUG 31684 --- [http-nio-8080-exec-3] c.a.mapper.AccountMapper.findById        : ==>  Preparing: SELECT * FROM m_account WHERE account_id = ?
2026-06-15T10:17:27.047+09:00 DEBUG 31684 --- [http-nio-8080-exec-3] c.a.mapper.AccountMapper.findById        : ==> Parameters: 18(Integer)
2026-06-15T10:17:27.052+09:00 DEBUG 31684 --- [http-nio-8080-exec-3] c.a.mapper.AccountMapper.findById        : <==      Total: 1
2026-06-15T10:17:43.664+09:00 DEBUG 31684 --- [http-nio-8080-exec-1] c.a.m.A.isLoginIdDuplicateUpdate         : ==>  Preparing: SELECT IF(COUNT(*) > 0, true, false) FROM m_account WHERE login_id = ? AND account_id != ?
2026-06-15T10:17:43.665+09:00 DEBUG 31684 --- [http-nio-8080-exec-1] c.a.m.A.isLoginIdDuplicateUpdate         : ==> Parameters: gerge(String), 18(Integer)
2026-06-15T10:17:43.671+09:00 DEBUG 31684 --- [http-nio-8080-exec-1] c.a.m.A.isLoginIdDuplicateUpdate         : <==      Total: 1
2026-06-15T10:17:43.684+09:00 DEBUG 31684 --- [http-nio-8080-exec-1] c.assignhub.mapper.AccountMapper.update  : ==>  Preparing: UPDATE m_account SET account_Id = ?, login_id =?, permission= ?, password_Hash = ?, updated_at = NOW() WHERE account_id =?
2026-06-15T10:17:43.685+09:00 DEBUG 31684 --- [http-nio-8080-exec-1] c.assignhub.mapper.AccountMapper.update  : ==> Parameters: 18(Integer), gerge(String), 0(Integer), 12345678(String), 18(Integer)
2026-06-15T10:17:43.689+09:00 DEBUG 31684 --- [http-nio-8080-exec-1] c.assignhub.mapper.AccountMapper.update  : <==    Updates: 1
2026-06-15T10:17:43.705+09:00 DEBUG 31684 --- [http-nio-8080-exec-10] c.a.mapper.AccountMapper.findAll         : ==>  Preparing: SELECT a.*, e.last_name, e.first_name FROM m_account a left JOIN m_employee e ON a.account_id = e.emp_id AND (e.delete_flg = 0 OR e.delete_flg IS NULL) WHERE a.delete_flg = 0 ORDER BY a.account_id ASC
2026-06-15T10:17:43.705+09:00 DEBUG 31684 --- [http-nio-8080-exec-10] c.a.mapper.AccountMapper.findAll         : ==> Parameters: 
2026-06-15T10:17:43.709+09:00 DEBUG 31684 --- [http-nio-8080-exec-10] c.a.mapper.AccountMapper.findAll         : <==      Total: 10
2026-06-15T10:18:08.025+09:00 DEBUG 31684 --- [http-nio-8080-exec-6] c.a.mapper.AccountMapper.findByLoginId   : ==>  Preparing: SELECT * FROM m_account WHERE login_id = ? AND delete_flg = 0
2026-06-15T10:18:08.025+09:00 DEBUG 31684 --- [http-nio-8080-exec-6] c.a.mapper.AccountMapper.findByLoginId   : ==> Parameters: gerge(String)
2026-06-15T10:18:08.028+09:00 DEBUG 31684 --- [http-nio-8080-exec-6] c.a.mapper.AccountMapper.findByLoginId   : <==      Total: 1
2026-06-15T10:18:08.028+09:00  WARN 31684 --- [http-nio-8080-exec-6] o.s.s.c.bcrypt.BCryptPasswordEncoder     : Encoded password does not look like BCrypt
2026-06-15T10:18:16.332+09:00 DEBUG 31684 --- [http-nio-8080-exec-1] c.a.mapper.AccountMapper.findByLoginId   : ==>  Preparing: SELECT * FROM m_account WHERE login_id = ? AND delete_flg = 0
2026-06-15T10:18:16.333+09:00 DEBUG 31684 --- [http-nio-8080-exec-1] c.a.mapper.AccountMapper.findByLoginId   : ==> Parameters: gerge(String)
2026-06-15T10:18:16.335+09:00 DEBUG 31684 --- [http-nio-8080-exec-1] c.a.mapper.AccountMapper.findByLoginId   : <==      Total: 1
2026-06-15T10:18:16.336+09:00  WARN 31684 --- [http-nio-8080-exec-1] o.s.s.c.bcrypt.BCryptPasswordEncoder     : Encoded password does not look like BCrypt
2026-06-15T10:18:22.958+09:00 DEBUG 31684 --- [http-nio-8080-exec-2] c.a.mapper.AccountMapper.findAll         : ==>  Preparing: SELECT a.*, e.last_name, e.first_name FROM m_account a left JOIN m_employee e ON a.account_id = e.emp_id AND (e.delete_flg = 0 OR e.delete_flg IS NULL) WHERE a.delete_flg = 0 ORDER BY a.account_id ASC
2026-06-15T10:18:22.958+09:00 DEBUG 31684 --- [http-nio-8080-exec-2] c.a.mapper.AccountMapper.findAll         : ==> Parameters: 
2026-06-15T10:18:22.961+09:00 DEBUG 31684 --- [http-nio-8080-exec-2] c.a.mapper.AccountMapper.findAll         : <==      Total: 10
2026-06-15T10:18:26.211+09:00 DEBUG 31684 --- [http-nio-8080-exec-5] c.a.mapper.AccountMapper.findById        : ==>  Preparing: SELECT * FROM m_account WHERE account_id = ?
2026-06-15T10:18:26.212+09:00 DEBUG 31684 --- [http-nio-8080-exec-5] c.a.mapper.AccountMapper.findById        : ==> Parameters: 2(Integer)
2026-06-15T10:18:26.215+09:00 DEBUG 31684 --- [http-nio-8080-exec-5] c.a.mapper.AccountMapper.findById        : <==      Total: 1
2026-06-15T10:18:35.235+09:00 DEBUG 31684 --- [http-nio-8080-exec-1] c.a.m.A.isLoginIdDuplicateUpdate         : ==>  Preparing: SELECT IF(COUNT(*) > 0, true, false) FROM m_account WHERE login_id = ? AND account_id != ?
2026-06-15T10:18:35.236+09:00 DEBUG 31684 --- [http-nio-8080-exec-1] c.a.m.A.isLoginIdDuplicateUpdate         : ==> Parameters: user02(String), 2(Integer)
2026-06-15T10:18:35.238+09:00 DEBUG 31684 --- [http-nio-8080-exec-1] c.a.m.A.isLoginIdDuplicateUpdate         : <==      Total: 1
2026-06-15T10:18:35.240+09:00 DEBUG 31684 --- [http-nio-8080-exec-1] c.assignhub.mapper.AccountMapper.update  : ==>  Preparing: UPDATE m_account SET account_Id = ?, login_id =?, permission= ?, password_Hash = ?, updated_at = NOW() WHERE account_id =?
2026-06-15T10:18:35.241+09:00 DEBUG 31684 --- [http-nio-8080-exec-1] c.assignhub.mapper.AccountMapper.update  : ==> Parameters: 2(Integer), user02(String), 0(Integer), koizumi219(String), 2(Integer)
2026-06-15T10:18:35.243+09:00 DEBUG 31684 --- [http-nio-8080-exec-1] c.assignhub.mapper.AccountMapper.update  : <==    Updates: 1
2026-06-15T10:18:35.255+09:00 DEBUG 31684 --- [http-nio-8080-exec-10] c.a.mapper.AccountMapper.findAll         : ==>  Preparing: SELECT a.*, e.last_name, e.first_name FROM m_account a left JOIN m_employee e ON a.account_id = e.emp_id AND (e.delete_flg = 0 OR e.delete_flg IS NULL) WHERE a.delete_flg = 0 ORDER BY a.account_id ASC
2026-06-15T10:18:35.255+09:00 DEBUG 31684 --- [http-nio-8080-exec-10] c.a.mapper.AccountMapper.findAll         : ==> Parameters: 
2026-06-15T10:18:35.259+09:00 DEBUG 31684 --- [http-nio-8080-exec-10] c.a.mapper.AccountMapper.findAll         : <==      Total: 10
2026-06-15T10:18:39.548+09:00 DEBUG 31684 --- [http-nio-8080-exec-8] c.a.mapper.AccountMapper.findAll         : ==>  Preparing: SELECT a.*, e.last_name, e.first_name FROM m_account a left JOIN m_employee e ON a.account_id = e.emp_id AND (e.delete_flg = 0 OR e.delete_flg IS NULL) WHERE a.delete_flg = 0 ORDER BY a.account_id ASC
2026-06-15T10:18:39.549+09:00 DEBUG 31684 --- [http-nio-8080-exec-8] c.a.mapper.AccountMapper.findAll         : ==> Parameters: 
2026-06-15T10:18:39.551+09:00 DEBUG 31684 --- [http-nio-8080-exec-8] c.a.mapper.AccountMapper.findAll         : <==      Total: 10
2026-06-15T10:18:55.362+09:00 DEBUG 31684 --- [http-nio-8080-exec-3] c.a.mapper.AccountMapper.findByLoginId   : ==>  Preparing: SELECT * FROM m_account WHERE login_id = ? AND delete_flg = 0
2026-06-15T10:18:55.363+09:00 DEBUG 31684 --- [http-nio-8080-exec-3] c.a.mapper.AccountMapper.findByLoginId   : ==> Parameters: user2(String)
2026-06-15T10:18:55.365+09:00 DEBUG 31684 --- [http-nio-8080-exec-3] c.a.mapper.AccountMapper.findByLoginId   : <==      Total: 0
2026-06-15T10:19:00.073+09:00 DEBUG 31684 --- [http-nio-8080-exec-2] c.a.mapper.AccountMapper.findByLoginId   : ==>  Preparing: SELECT * FROM m_account WHERE login_id = ? AND delete_flg = 0
2026-06-15T10:19:00.073+09:00 DEBUG 31684 --- [http-nio-8080-exec-2] c.a.mapper.AccountMapper.findByLoginId   : ==> Parameters: user2(String)
2026-06-15T10:19:00.075+09:00 DEBUG 31684 --- [http-nio-8080-exec-2] c.a.mapper.AccountMapper.findByLoginId   : <==      Total: 0
2026-06-15T10:19:23.941+09:00 DEBUG 31684 --- [http-nio-8080-exec-9] c.a.mapper.AccountMapper.findAll         : ==>  Preparing: SELECT a.*, e.last_name, e.first_name FROM m_account a left JOIN m_employee e ON a.account_id = e.emp_id AND (e.delete_flg = 0 OR e.delete_flg IS NULL) WHERE a.delete_flg = 0 ORDER BY a.account_id ASC
2026-06-15T10:19:23.941+09:00 DEBUG 31684 --- [http-nio-8080-exec-9] c.a.mapper.AccountMapper.findAll         : ==> Parameters: 
2026-06-15T10:19:23.945+09:00 DEBUG 31684 --- [http-nio-8080-exec-9] c.a.mapper.AccountMapper.findAll         : <==      Total: 10
2026-06-15T10:19:24.584+09:00 DEBUG 31684 --- [http-nio-8080-exec-10] c.a.mapper.AccountMapper.findAll         : ==>  Preparing: SELECT a.*, e.last_name, e.first_name FROM m_account a left JOIN m_employee e ON a.account_id = e.emp_id AND (e.delete_flg = 0 OR e.delete_flg IS NULL) WHERE a.delete_flg = 0 ORDER BY a.account_id ASC
2026-06-15T10:19:24.585+09:00 DEBUG 31684 --- [http-nio-8080-exec-10] c.a.mapper.AccountMapper.findAll         : ==> Parameters: 
2026-06-15T10:19:24.588+09:00 DEBUG 31684 --- [http-nio-8080-exec-10] c.a.mapper.AccountMapper.findAll         : <==      Total: 10
2026-06-15T10:21:48.717+09:00 DEBUG 31684 --- [http-nio-8080-exec-10] c.a.mapper.AccountMapper.findByLoginId   : ==>  Preparing: SELECT * FROM m_account WHERE login_id = ? AND delete_flg = 0
2026-06-15T10:21:48.718+09:00 DEBUG 31684 --- [http-nio-8080-exec-10] c.a.mapper.AccountMapper.findByLoginId   : ==> Parameters: 34343434(String)
2026-06-15T10:21:48.722+09:00 DEBUG 31684 --- [http-nio-8080-exec-10] c.a.mapper.AccountMapper.findByLoginId   : <==      Total: 1
2026-06-15T10:21:48.722+09:00  WARN 31684 --- [http-nio-8080-exec-10] o.s.s.c.bcrypt.BCryptPasswordEncoder     : Encoded password does not look like BCrypt
2026-06-15T10:22:00.142+09:00 DEBUG 31684 --- [http-nio-8080-exec-2] c.a.mapper.AccountMapper.findAll         : ==>  Preparing: SELECT a.*, e.last_name, e.first_name FROM m_account a left JOIN m_employee e ON a.account_id = e.emp_id AND (e.delete_flg = 0 OR e.delete_flg IS NULL) WHERE a.delete_flg = 0 ORDER BY a.account_id ASC
2026-06-15T10:22:00.143+09:00 DEBUG 31684 --- [http-nio-8080-exec-2] c.a.mapper.AccountMapper.findAll         : ==> Parameters: 
2026-06-15T10:22:00.146+09:00 DEBUG 31684 --- [http-nio-8080-exec-2] c.a.mapper.AccountMapper.findAll         : <==      Total: 10
2026-06-15T10:22:27.621+09:00 DEBUG 31684 --- [http-nio-8080-exec-8] c.a.m.AccountMapper.isLoginIdDuplicate   : ==>  Preparing: SELECT COUNT(*) > 0 FROM m_account WHERE login_id = ?
2026-06-15T10:22:27.621+09:00 DEBUG 31684 --- [http-nio-8080-exec-8] c.a.m.AccountMapper.isLoginIdDuplicate   : ==> Parameters: 08021364527(String)
2026-06-15T10:22:27.623+09:00 DEBUG 31684 --- [http-nio-8080-exec-8] c.a.m.AccountMapper.isLoginIdDuplicate   : <==      Total: 1
2026-06-15T10:22:27.625+09:00 DEBUG 31684 --- [http-nio-8080-exec-8] c.assignhub.mapper.AccountMapper.save    : ==>  Preparing: INSERT INTO m_account (login_id, password_hash, permission, delete_flg) VALUES (?, ?, ?, 0)
2026-06-15T10:22:27.626+09:00 DEBUG 31684 --- [http-nio-8080-exec-8] c.assignhub.mapper.AccountMapper.save    : ==> Parameters: 08021364527(String), 12345678(String), 0(Integer)
2026-06-15T10:22:27.629+09:00 DEBUG 31684 --- [http-nio-8080-exec-8] c.assignhub.mapper.AccountMapper.save    : <==    Updates: 1
2026-06-15T10:22:27.640+09:00 DEBUG 31684 --- [http-nio-8080-exec-9] c.a.mapper.AccountMapper.findAll         : ==>  Preparing: SELECT a.*, e.last_name, e.first_name FROM m_account a left JOIN m_employee e ON a.account_id = e.emp_id AND (e.delete_flg = 0 OR e.delete_flg IS NULL) WHERE a.delete_flg = 0 ORDER BY a.account_id ASC
2026-06-15T10:22:27.640+09:00 DEBUG 31684 --- [http-nio-8080-exec-9] c.a.mapper.AccountMapper.findAll         : ==> Parameters: 
2026-06-15T10:22:27.646+09:00 DEBUG 31684 --- [http-nio-8080-exec-9] c.a.mapper.AccountMapper.findAll         : <==      Total: 11
2026-06-15T10:22:52.753+09:00 DEBUG 31684 --- [http-nio-8080-exec-3] c.a.mapper.AccountMapper.findByLoginId   : ==>  Preparing: SELECT * FROM m_account WHERE login_id = ? AND delete_flg = 0
2026-06-15T10:22:52.753+09:00 DEBUG 31684 --- [http-nio-8080-exec-3] c.a.mapper.AccountMapper.findByLoginId   : ==> Parameters: 08021364527(String)
2026-06-15T10:22:52.755+09:00 DEBUG 31684 --- [http-nio-8080-exec-3] c.a.mapper.AccountMapper.findByLoginId   : <==      Total: 1
2026-06-15T10:22:52.756+09:00  WARN 31684 --- [http-nio-8080-exec-3] o.s.s.c.bcrypt.BCryptPasswordEncoder     : Encoded password does not look like BCrypt
2026-06-15T10:23:37.155+09:00 DEBUG 31684 --- [http-nio-8080-exec-7] c.a.mapper.AccountMapper.findAll         : ==>  Preparing: SELECT a.*, e.last_name, e.first_name FROM m_account a left JOIN m_employee e ON a.account_id = e.emp_id AND (e.delete_flg = 0 OR e.delete_flg IS NULL) WHERE a.delete_flg = 0 ORDER BY a.account_id ASC
2026-06-15T10:23:37.156+09:00 DEBUG 31684 --- [http-nio-8080-exec-7] c.a.mapper.AccountMapper.findAll         : ==> Parameters: 
2026-06-15T10:23:37.160+09:00 DEBUG 31684 --- [http-nio-8080-exec-7] c.a.mapper.AccountMapper.findAll         : <==      Total: 11
2026-06-15T10:23:43.676+09:00 DEBUG 31684 --- [http-nio-8080-exec-4] c.a.mapper.AccountMapper.findById        : ==>  Preparing: SELECT * FROM m_account WHERE account_id = ?
2026-06-15T10:23:43.677+09:00 DEBUG 31684 --- [http-nio-8080-exec-4] c.a.mapper.AccountMapper.findById        : ==> Parameters: 24(Integer)
2026-06-15T10:23:43.679+09:00 DEBUG 31684 --- [http-nio-8080-exec-4] c.a.mapper.AccountMapper.findById        : <==      Total: 1
2026-06-15T10:24:05.741+09:00 DEBUG 31684 --- [http-nio-8080-exec-5] c.a.m.A.isLoginIdDuplicateUpdate         : ==>  Preparing: SELECT IF(COUNT(*) > 0, true, false) FROM m_account WHERE login_id = ? AND account_id != ?
2026-06-15T10:24:05.741+09:00 DEBUG 31684 --- [http-nio-8080-exec-5] c.a.m.A.isLoginIdDuplicateUpdate         : ==> Parameters: 08021364527(String), 24(Integer)
2026-06-15T10:24:05.743+09:00 DEBUG 31684 --- [http-nio-8080-exec-5] c.a.m.A.isLoginIdDuplicateUpdate         : <==      Total: 1
2026-06-15T10:24:05.746+09:00 DEBUG 31684 --- [http-nio-8080-exec-5] c.assignhub.mapper.AccountMapper.update  : ==>  Preparing: UPDATE m_account SET account_Id = ?, login_id =?, permission= ?, password_Hash = ?, updated_at = NOW() WHERE account_id =?
2026-06-15T10:24:05.747+09:00 DEBUG 31684 --- [http-nio-8080-exec-5] c.assignhub.mapper.AccountMapper.update  : ==> Parameters: 24(Integer), 08021364527(String), 0(Integer), 09058048136(String), 24(Integer)
2026-06-15T10:24:05.750+09:00 DEBUG 31684 --- [http-nio-8080-exec-5] c.assignhub.mapper.AccountMapper.update  : <==    Updates: 1
2026-06-15T10:24:05.763+09:00 DEBUG 31684 --- [http-nio-8080-exec-8] c.a.mapper.AccountMapper.findAll         : ==>  Preparing: SELECT a.*, e.last_name, e.first_name FROM m_account a left JOIN m_employee e ON a.account_id = e.emp_id AND (e.delete_flg = 0 OR e.delete_flg IS NULL) WHERE a.delete_flg = 0 ORDER BY a.account_id ASC
2026-06-15T10:24:05.763+09:00 DEBUG 31684 --- [http-nio-8080-exec-8] c.a.mapper.AccountMapper.findAll         : ==> Parameters: 
2026-06-15T10:24:05.767+09:00 DEBUG 31684 --- [http-nio-8080-exec-8] c.a.mapper.AccountMapper.findAll         : <==      Total: 11
2026-06-15T10:24:29.998+09:00 DEBUG 31684 --- [http-nio-8080-exec-2] c.a.mapper.AccountMapper.findByLoginId   : ==>  Preparing: SELECT * FROM m_account WHERE login_id = ? AND delete_flg = 0
2026-06-15T10:24:29.999+09:00 DEBUG 31684 --- [http-nio-8080-exec-2] c.a.mapper.AccountMapper.findByLoginId   : ==> Parameters: 08021364527(String)
2026-06-15T10:24:30.001+09:00 DEBUG 31684 --- [http-nio-8080-exec-2] c.a.mapper.AccountMapper.findByLoginId   : <==      Total: 1
2026-06-15T10:24:30.002+09:00  WARN 31684 --- [http-nio-8080-exec-2] o.s.s.c.bcrypt.BCryptPasswordEncoder     : Encoded password does not look like BCrypt
2026-06-15T10:24:48.127+09:00 DEBUG 31684 --- [http-nio-8080-exec-5] c.a.mapper.AccountMapper.findAll         : ==>  Preparing: SELECT a.*, e.last_name, e.first_name FROM m_account a left JOIN m_employee e ON a.account_id = e.emp_id AND (e.delete_flg = 0 OR e.delete_flg IS NULL) WHERE a.delete_flg = 0 ORDER BY a.account_id ASC
2026-06-15T10:24:48.128+09:00 DEBUG 31684 --- [http-nio-8080-exec-5] c.a.mapper.AccountMapper.findAll         : ==> Parameters: 
2026-06-15T10:24:48.130+09:00 DEBUG 31684 --- [http-nio-8080-exec-5] c.a.mapper.AccountMapper.findAll         : <==      Total: 11
2026-06-15T10:27:17.633+09:00 DEBUG 31684 --- [http-nio-8080-exec-5] c.a.mapper.AccountMapper.findByLoginId   : ==>  Preparing: SELECT * FROM m_account WHERE login_id = ? AND delete_flg = 0
2026-06-15T10:27:17.633+09:00 DEBUG 31684 --- [http-nio-8080-exec-5] c.a.mapper.AccountMapper.findByLoginId   : ==> Parameters: 08021364527(String)
2026-06-15T10:27:17.635+09:00 DEBUG 31684 --- [http-nio-8080-exec-5] c.a.mapper.AccountMapper.findByLoginId   : <==      Total: 1
2026-06-15T10:27:17.636+09:00  WARN 31684 --- [http-nio-8080-exec-5] o.s.s.c.bcrypt.BCryptPasswordEncoder     : Encoded password does not look like BCrypt
2026-06-15T10:27:22.846+09:00 DEBUG 31684 --- [http-nio-8080-exec-9] c.a.mapper.AccountMapper.findAll         : ==>  Preparing: SELECT a.*, e.last_name, e.first_name FROM m_account a left JOIN m_employee e ON a.account_id = e.emp_id AND (e.delete_flg = 0 OR e.delete_flg IS NULL) WHERE a.delete_flg = 0 ORDER BY a.account_id ASC
2026-06-15T10:27:22.847+09:00 DEBUG 31684 --- [http-nio-8080-exec-9] c.a.mapper.AccountMapper.findAll         : ==> Parameters: 
2026-06-15T10:27:22.851+09:00 DEBUG 31684 --- [http-nio-8080-exec-9] c.a.mapper.AccountMapper.findAll         : <==      Total: 11
2026-06-15T10:30:01.117+09:00 DEBUG 31684 --- [http-nio-8080-exec-3] c.a.mapper.AccountMapper.findAll         : ==>  Preparing: SELECT a.*, e.last_name, e.first_name FROM m_account a left JOIN m_employee e ON a.account_id = e.emp_id AND (e.delete_flg = 0 OR e.delete_flg IS NULL) WHERE a.delete_flg = 0 ORDER BY a.account_id ASC
2026-06-15T10:30:01.118+09:00 DEBUG 31684 --- [http-nio-8080-exec-3] c.a.mapper.AccountMapper.findAll         : ==> Parameters: 
2026-06-15T10:30:01.121+09:00 DEBUG 31684 --- [http-nio-8080-exec-3] c.a.mapper.AccountMapper.findAll         : <==      Total: 11
2026-06-15T10:30:24.264+09:00 DEBUG 31684 --- [http-nio-8080-exec-6] c.a.mapper.AccountMapper.findAll         : ==>  Preparing: SELECT a.*, e.last_name, e.first_name FROM m_account a left JOIN m_employee e ON a.account_id = e.emp_id AND (e.delete_flg = 0 OR e.delete_flg IS NULL) WHERE a.delete_flg = 0 ORDER BY a.account_id ASC
2026-06-15T10:30:24.264+09:00 DEBUG 31684 --- [http-nio-8080-exec-6] c.a.mapper.AccountMapper.findAll         : ==> Parameters: 
2026-06-15T10:30:24.267+09:00 DEBUG 31684 --- [http-nio-8080-exec-6] c.a.mapper.AccountMapper.findAll         : <==      Total: 11
2026-06-15T10:30:24.916+09:00 DEBUG 31684 --- [http-nio-8080-exec-10] c.a.mapper.AccountMapper.findAll         : ==>  Preparing: SELECT a.*, e.last_name, e.first_name FROM m_account a left JOIN m_employee e ON a.account_id = e.emp_id AND (e.delete_flg = 0 OR e.delete_flg IS NULL) WHERE a.delete_flg = 0 ORDER BY a.account_id ASC
2026-06-15T10:30:24.916+09:00 DEBUG 31684 --- [http-nio-8080-exec-10] c.a.mapper.AccountMapper.findAll         : ==> Parameters: 
2026-06-15T10:30:24.919+09:00 DEBUG 31684 --- [http-nio-8080-exec-10] c.a.mapper.AccountMapper.findAll         : <==      Total: 11
2026-06-15T10:30:25.764+09:00 DEBUG 31684 --- [http-nio-8080-exec-9] c.a.mapper.AccountMapper.findAll         : ==>  Preparing: SELECT a.*, e.last_name, e.first_name FROM m_account a left JOIN m_employee e ON a.account_id = e.emp_id AND (e.delete_flg = 0 OR e.delete_flg IS NULL) WHERE a.delete_flg = 0 ORDER BY a.account_id ASC
2026-06-15T10:30:25.765+09:00 DEBUG 31684 --- [http-nio-8080-exec-9] c.a.mapper.AccountMapper.findAll         : ==> Parameters: 
2026-06-15T10:30:25.766+09:00 DEBUG 31684 --- [http-nio-8080-exec-9] c.a.mapper.AccountMapper.findAll         : <==      Total: 11
2026-06-15T10:33:23.895+09:00 DEBUG 31684 --- [http-nio-8080-exec-5] c.a.mapper.AccountMapper.findAll         : ==>  Preparing: SELECT a.*, e.last_name, e.first_name FROM m_account a left JOIN m_employee e ON a.account_id = e.emp_id AND (e.delete_flg = 0 OR e.delete_flg IS NULL) WHERE a.delete_flg = 0 ORDER BY a.account_id ASC
2026-06-15T10:33:23.895+09:00 DEBUG 31684 --- [http-nio-8080-exec-5] c.a.mapper.AccountMapper.findAll         : ==> Parameters: 
2026-06-15T10:33:23.900+09:00 DEBUG 31684 --- [http-nio-8080-exec-5] c.a.mapper.AccountMapper.findAll         : <==      Total: 11
2026-06-15T10:33:29.988+09:00  WARN 31684 --- [http-nio-8080-exec-1] c.a.controller.GlobalExceptionHandler    : 静的リソースが見つかりません: /deleted/accounts
2026-06-15T10:34:22.025+09:00  INFO 31684 --- [File Watcher] rtingClassPathChangeChangedEventListener : Restarting due to 3 class path changes (0 additions, 0 deletions, 3 modifications)
2026-06-15T10:34:22.027+09:00  INFO 31684 --- [Thread-5] o.s.boot.tomcat.GracefulShutdown         : Commencing graceful shutdown. Waiting for active requests to complete
2026-06-15T10:34:22.204+09:00  INFO 31684 --- [tomcat-shutdown] o.s.boot.tomcat.GracefulShutdown         : Graceful shutdown complete
2026-06-15T10:34:22.207+09:00  INFO 31684 --- [Thread-5] com.zaxxer.hikari.HikariDataSource       : HikariPool-2 - Shutdown initiated...
2026-06-15T10:34:22.210+09:00  INFO 31684 --- [Thread-5] com.zaxxer.hikari.HikariDataSource       : HikariPool-2 - Shutdown completed.
2026-06-15T10:34:22.266+09:00  INFO 31684 --- [restartedMain] com.assignhub.AssignHubApplication       : Starting AssignHubApplication using Java 17.0.13 with PID 31684 (C:\Users\お客様\git\AssignHub\AssignHub\target\classes started by お客様 in C:\Users\お客様\git\AssignHub\AssignHub)
2026-06-15T10:34:22.266+09:00  INFO 31684 --- [restartedMain] com.assignhub.AssignHubApplication       : No active profile set, falling back to 1 default profile: "default"
2026-06-15T10:34:22.419+09:00  INFO 31684 --- [restartedMain] o.s.boot.tomcat.TomcatWebServer          : Tomcat initialized with port 8080 (http)
2026-06-15T10:34:22.419+09:00  INFO 31684 --- [restartedMain] o.apache.catalina.core.StandardService   : Starting service [Tomcat]
2026-06-15T10:34:22.419+09:00  INFO 31684 --- [restartedMain] o.apache.catalina.core.StandardEngine    : Starting Servlet engine: [Apache Tomcat/11.0.21]
2026-06-15T10:34:22.432+09:00  INFO 31684 --- [restartedMain] b.w.c.s.WebApplicationContextInitializer : Root WebApplicationContext: initialization completed in 162 ms
2026-06-15T10:34:22.544+09:00  INFO 31684 --- [restartedMain] o.s.boot.tomcat.TomcatWebServer          : Tomcat started on port 8080 (http) with context path '/'
2026-06-15T10:34:22.545+09:00  INFO 31684 --- [restartedMain] com.assignhub.AssignHubApplication       : Started AssignHubApplication in 0.295 seconds (process running for 1339.715)
2026-06-15T10:34:22.546+09:00  INFO 31684 --- [restartedMain] .ConditionEvaluationDeltaLoggingListener : Condition evaluation unchanged
2026-06-15T10:34:27.884+09:00  INFO 31684 --- [http-nio-8080-exec-1] o.a.c.c.C.[Tomcat].[localhost].[/]       : Initializing Spring DispatcherServlet 'dispatcherServlet'
2026-06-15T10:34:27.884+09:00  INFO 31684 --- [http-nio-8080-exec-1] o.s.web.servlet.DispatcherServlet        : Initializing Servlet 'dispatcherServlet'
2026-06-15T10:34:27.885+09:00  INFO 31684 --- [http-nio-8080-exec-1] o.s.web.servlet.DispatcherServlet        : Completed initialization in 1 ms
2026-06-15T10:34:41.397+09:00  INFO 31684 --- [http-nio-8080-exec-4] com.zaxxer.hikari.HikariDataSource       : HikariPool-3 - Starting...
2026-06-15T10:34:41.414+09:00  INFO 31684 --- [http-nio-8080-exec-4] com.zaxxer.hikari.pool.HikariPool        : HikariPool-3 - Added connection com.mysql.cj.jdbc.ConnectionImpl@f01bc7c
2026-06-15T10:34:41.415+09:00  INFO 31684 --- [http-nio-8080-exec-4] com.zaxxer.hikari.HikariDataSource       : HikariPool-3 - Start completed.
2026-06-15T10:34:41.415+09:00 DEBUG 31684 --- [http-nio-8080-exec-4] c.a.mapper.AccountMapper.findByLoginId   : ==>  Preparing: SELECT * FROM m_account WHERE login_id = ? AND delete_flg = 0
2026-06-15T10:34:41.415+09:00 DEBUG 31684 --- [http-nio-8080-exec-4] c.a.mapper.AccountMapper.findByLoginId   : ==> Parameters: 08021364527(String)
2026-06-15T10:34:41.419+09:00 DEBUG 31684 --- [http-nio-8080-exec-4] c.a.mapper.AccountMapper.findByLoginId   : <==      Total: 1
2026-06-15T10:34:41.420+09:00  WARN 31684 --- [http-nio-8080-exec-4] o.s.s.c.bcrypt.BCryptPasswordEncoder     : Encoded password does not look like BCrypt
2026-06-15T10:34:46.232+09:00 DEBUG 31684 --- [http-nio-8080-exec-5] c.a.mapper.AccountMapper.findByLoginId   : ==>  Preparing: SELECT * FROM m_account WHERE login_id = ? AND delete_flg = 0
2026-06-15T10:34:46.232+09:00 DEBUG 31684 --- [http-nio-8080-exec-5] c.a.mapper.AccountMapper.findByLoginId   : ==> Parameters: 08021364527(String)
2026-06-15T10:34:46.234+09:00 DEBUG 31684 --- [http-nio-8080-exec-5] c.a.mapper.AccountMapper.findByLoginId   : <==      Total: 1
2026-06-15T10:34:46.235+09:00  WARN 31684 --- [http-nio-8080-exec-5] o.s.s.c.bcrypt.BCryptPasswordEncoder     : Encoded password does not look like BCrypt
2026-06-15T10:35:01.017+09:00 DEBUG 31684 --- [http-nio-8080-exec-8] c.a.mapper.AccountMapper.findAll         : ==>  Preparing: SELECT a.*, e.last_name, e.first_name FROM m_account a left JOIN m_employee e ON a.account_id = e.emp_id AND (e.delete_flg = 0 OR e.delete_flg IS NULL) WHERE a.delete_flg = 0 ORDER BY a.account_id ASC
2026-06-15T10:35:01.018+09:00 DEBUG 31684 --- [http-nio-8080-exec-8] c.a.mapper.AccountMapper.findAll         : ==> Parameters: 
2026-06-15T10:35:01.020+09:00 DEBUG 31684 --- [http-nio-8080-exec-8] c.a.mapper.AccountMapper.findAll         : <==      Total: 11
2026-06-15T10:35:02.271+09:00 DEBUG 31684 --- [http-nio-8080-exec-3] c.a.mapper.AccountMapper.findAll         : ==>  Preparing: SELECT a.*, e.last_name, e.first_name FROM m_account a left JOIN m_employee e ON a.account_id = e.emp_id AND (e.delete_flg = 0 OR e.delete_flg IS NULL) WHERE a.delete_flg = 0 ORDER BY a.account_id ASC
2026-06-15T10:35:02.272+09:00 DEBUG 31684 --- [http-nio-8080-exec-3] c.a.mapper.AccountMapper.findAll         : ==> Parameters: 
2026-06-15T10:35:02.277+09:00 DEBUG 31684 --- [http-nio-8080-exec-3] c.a.mapper.AccountMapper.findAll         : <==      Total: 11
2026-06-15T10:35:17.011+09:00 DEBUG 31684 --- [http-nio-8080-exec-6] c.a.m.AccountMapper.isLoginIdDuplicate   : ==>  Preparing: SELECT COUNT(*) > 0 FROM m_account WHERE login_id = ?
2026-06-15T10:35:17.012+09:00 DEBUG 31684 --- [http-nio-8080-exec-6] c.a.m.AccountMapper.isLoginIdDuplicate   : ==> Parameters: user018(String)
2026-06-15T10:35:17.014+09:00 DEBUG 31684 --- [http-nio-8080-exec-6] c.a.m.AccountMapper.isLoginIdDuplicate   : <==      Total: 1
2026-06-15T10:35:17.123+09:00 DEBUG 31684 --- [http-nio-8080-exec-6] c.assignhub.mapper.AccountMapper.save    : ==>  Preparing: INSERT INTO m_account (login_id, password_hash, permission, delete_flg) VALUES (?, ?, ?, 0)
2026-06-15T10:35:17.124+09:00 DEBUG 31684 --- [http-nio-8080-exec-6] c.assignhub.mapper.AccountMapper.save    : ==> Parameters: user018(String), $2a$10$DxJjyJ4h.LnHZ6wSReY/F.uGyzDVCY7Qgz0pRtc5RYHe8ZqlHXfBa(String), 0(Integer)
2026-06-15T10:35:17.128+09:00 DEBUG 31684 --- [http-nio-8080-exec-6] c.assignhub.mapper.AccountMapper.save    : <==    Updates: 1
2026-06-15T10:35:17.143+09:00 DEBUG 31684 --- [http-nio-8080-exec-5] c.a.mapper.AccountMapper.findAll         : ==>  Preparing: SELECT a.*, e.last_name, e.first_name FROM m_account a left JOIN m_employee e ON a.account_id = e.emp_id AND (e.delete_flg = 0 OR e.delete_flg IS NULL) WHERE a.delete_flg = 0 ORDER BY a.account_id ASC
2026-06-15T10:35:17.144+09:00 DEBUG 31684 --- [http-nio-8080-exec-5] c.a.mapper.AccountMapper.findAll         : ==> Parameters: 
2026-06-15T10:35:17.146+09:00 DEBUG 31684 --- [http-nio-8080-exec-5] c.a.mapper.AccountMapper.findAll         : <==      Total: 12
2026-06-15T10:35:58.379+09:00 DEBUG 31684 --- [http-nio-8080-exec-2] c.a.mapper.AccountMapper.findByLoginId   : ==>  Preparing: SELECT * FROM m_account WHERE login_id = ? AND delete_flg = 0
2026-06-15T10:35:58.380+09:00 DEBUG 31684 --- [http-nio-8080-exec-2] c.a.mapper.AccountMapper.findByLoginId   : ==> Parameters: uers018(String)
2026-06-15T10:35:58.381+09:00 DEBUG 31684 --- [http-nio-8080-exec-2] c.a.mapper.AccountMapper.findByLoginId   : <==      Total: 0
2026-06-15T10:36:05.082+09:00 DEBUG 31684 --- [http-nio-8080-exec-6] c.a.mapper.AccountMapper.findByLoginId   : ==>  Preparing: SELECT * FROM m_account WHERE login_id = ? AND delete_flg = 0
2026-06-15T10:36:05.083+09:00 DEBUG 31684 --- [http-nio-8080-exec-6] c.a.mapper.AccountMapper.findByLoginId   : ==> Parameters: uers018(String)
2026-06-15T10:36:05.084+09:00 DEBUG 31684 --- [http-nio-8080-exec-6] c.a.mapper.AccountMapper.findByLoginId   : <==      Total: 0
2026-06-15T10:36:12.389+09:00 DEBUG 31684 --- [http-nio-8080-exec-8] c.a.mapper.AccountMapper.findByLoginId   : ==>  Preparing: SELECT * FROM m_account WHERE login_id = ? AND delete_flg = 0
2026-06-15T10:36:12.390+09:00 DEBUG 31684 --- [http-nio-8080-exec-8] c.a.mapper.AccountMapper.findByLoginId   : ==> Parameters: uers018(String)
2026-06-15T10:36:12.391+09:00 DEBUG 31684 --- [http-nio-8080-exec-8] c.a.mapper.AccountMapper.findByLoginId   : <==      Total: 0
2026-06-15T10:36:17.010+09:00  WARN 31684 --- [http-nio-8080-exec-9] c.a.controller.GlobalExceptionHandler    : 静的リソースが見つかりません: /accounts
2026-06-15T10:36:20.711+09:00 DEBUG 31684 --- [http-nio-8080-exec-3] c.a.mapper.AccountMapper.findAll         : ==>  Preparing: SELECT a.*, e.last_name, e.first_name FROM m_account a left JOIN m_employee e ON a.account_id = e.emp_id AND (e.delete_flg = 0 OR e.delete_flg IS NULL) WHERE a.delete_flg = 0 ORDER BY a.account_id ASC
2026-06-15T10:36:20.711+09:00 DEBUG 31684 --- [http-nio-8080-exec-3] c.a.mapper.AccountMapper.findAll         : ==> Parameters: 
2026-06-15T10:36:20.715+09:00 DEBUG 31684 --- [http-nio-8080-exec-3] c.a.mapper.AccountMapper.findAll         : <==      Total: 12
2026-06-15T10:36:34.081+09:00 DEBUG 31684 --- [http-nio-8080-exec-5] c.a.mapper.AccountMapper.findAll         : ==>  Preparing: SELECT a.*, e.last_name, e.first_name FROM m_account a left JOIN m_employee e ON a.account_id = e.emp_id AND (e.delete_flg = 0 OR e.delete_flg IS NULL) WHERE a.delete_flg = 0 ORDER BY a.account_id ASC
2026-06-15T10:36:34.081+09:00 DEBUG 31684 --- [http-nio-8080-exec-5] c.a.mapper.AccountMapper.findAll         : ==> Parameters: 
2026-06-15T10:36:34.084+09:00 DEBUG 31684 --- [http-nio-8080-exec-5] c.a.mapper.AccountMapper.findAll         : <==      Total: 12
2026-06-15T10:36:50.571+09:00 DEBUG 31684 --- [http-nio-8080-exec-9] c.a.m.AccountMapper.isLoginIdDuplicate   : ==>  Preparing: SELECT COUNT(*) > 0 FROM m_account WHERE login_id = ?
2026-06-15T10:36:50.572+09:00 DEBUG 31684 --- [http-nio-8080-exec-9] c.a.m.AccountMapper.isLoginIdDuplicate   : ==> Parameters: koizumi219(String)
2026-06-15T10:36:50.574+09:00 DEBUG 31684 --- [http-nio-8080-exec-9] c.a.m.AccountMapper.isLoginIdDuplicate   : <==      Total: 1
2026-06-15T10:36:50.682+09:00 DEBUG 31684 --- [http-nio-8080-exec-9] c.assignhub.mapper.AccountMapper.save    : ==>  Preparing: INSERT INTO m_account (login_id, password_hash, permission, delete_flg) VALUES (?, ?, ?, 0)
2026-06-15T10:36:50.683+09:00 DEBUG 31684 --- [http-nio-8080-exec-9] c.assignhub.mapper.AccountMapper.save    : ==> Parameters: koizumi219(String), $2a$10$3TSd/hxIJw4mTIit6ohsv.dUudYT9kbYsIISaUMUspyo5/3wzwuHm(String), 1(Integer)
2026-06-15T10:36:50.687+09:00 DEBUG 31684 --- [http-nio-8080-exec-9] c.assignhub.mapper.AccountMapper.save    : <==    Updates: 1
2026-06-15T10:36:50.702+09:00 DEBUG 31684 --- [http-nio-8080-exec-10] c.a.mapper.AccountMapper.findAll         : ==>  Preparing: SELECT a.*, e.last_name, e.first_name FROM m_account a left JOIN m_employee e ON a.account_id = e.emp_id AND (e.delete_flg = 0 OR e.delete_flg IS NULL) WHERE a.delete_flg = 0 ORDER BY a.account_id ASC
2026-06-15T10:36:50.702+09:00 DEBUG 31684 --- [http-nio-8080-exec-10] c.a.mapper.AccountMapper.findAll         : ==> Parameters: 
2026-06-15T10:36:50.706+09:00 DEBUG 31684 --- [http-nio-8080-exec-10] c.a.mapper.AccountMapper.findAll         : <==      Total: 13
2026-06-15T10:37:04.636+09:00 DEBUG 31684 --- [http-nio-8080-exec-8] c.a.mapper.AccountMapper.findByLoginId   : ==>  Preparing: SELECT * FROM m_account WHERE login_id = ? AND delete_flg = 0
2026-06-15T10:37:04.636+09:00 DEBUG 31684 --- [http-nio-8080-exec-8] c.a.mapper.AccountMapper.findByLoginId   : ==> Parameters: koizumi219(String)
2026-06-15T10:37:04.638+09:00 DEBUG 31684 --- [http-nio-8080-exec-8] c.a.mapper.AccountMapper.findByLoginId   : <==      Total: 1
2026-06-15T10:37:04.747+09:00 DEBUG 31684 --- [http-nio-8080-exec-7] c.a.mapper.AccountMapper.findAll         : ==>  Preparing: SELECT a.*, e.last_name, e.first_name FROM m_account a left JOIN m_employee e ON a.account_id = e.emp_id AND (e.delete_flg = 0 OR e.delete_flg IS NULL) WHERE a.delete_flg = 0 ORDER BY a.account_id ASC
2026-06-15T10:37:04.747+09:00 DEBUG 31684 --- [http-nio-8080-exec-7] c.a.mapper.AccountMapper.findAll         : ==> Parameters: 
2026-06-15T10:37:04.751+09:00 DEBUG 31684 --- [http-nio-8080-exec-7] c.a.mapper.AccountMapper.findAll         : <==      Total: 13
2026-06-15T10:39:44.656+09:00 DEBUG 31684 --- [http-nio-8080-exec-7] c.a.mapper.AccountMapper.findByLoginId   : ==>  Preparing: SELECT * FROM m_account WHERE login_id = ? AND delete_flg = 0
2026-06-15T10:39:44.657+09:00 DEBUG 31684 --- [http-nio-8080-exec-7] c.a.mapper.AccountMapper.findByLoginId   : ==> Parameters: koizumi219(String)
2026-06-15T10:39:44.662+09:00 DEBUG 31684 --- [http-nio-8080-exec-7] c.a.mapper.AccountMapper.findByLoginId   : <==      Total: 1
2026-06-15T10:39:44.726+09:00 DEBUG 31684 --- [http-nio-8080-exec-10] c.a.mapper.AccountMapper.findAll         : ==>  Preparing: SELECT a.*, e.last_name, e.first_name FROM m_account a left JOIN m_employee e ON a.account_id = e.emp_id AND (e.delete_flg = 0 OR e.delete_flg IS NULL) WHERE a.delete_flg = 0 ORDER BY a.account_id ASC
2026-06-15T10:39:44.726+09:00 DEBUG 31684 --- [http-nio-8080-exec-10] c.a.mapper.AccountMapper.findAll         : ==> Parameters: 
2026-06-15T10:39:44.730+09:00 DEBUG 31684 --- [http-nio-8080-exec-10] c.a.mapper.AccountMapper.findAll         : <==      Total: 13
2026-06-15T10:39:55.209+09:00  WARN 31684 --- [http-nio-8080-exec-1] c.a.controller.GlobalExceptionHandler    : 静的リソースが見つかりません: /deleted/employees
2026-06-15T10:44:10.367+09:00 ERROR 31684 --- [http-nio-8080-exec-8] c.a.controller.GlobalExceptionHandler    : 【システムエラー】予期せぬ例外が発生しました。

org.mybatis.spring.MyBatisSystemException: 
### Error querying database.  Cause: org.apache.ibatis.binding.BindingException: Parameter 'txt_emp_name' not found. Available parameters are [sort, keyword, param3, param1, param2, order]
### Cause: org.apache.ibatis.binding.BindingException: Parameter 'txt_emp_name' not found. Available parameters are [sort, keyword, param3, param1, param2, order]
	at org.mybatis.spring.MyBatisExceptionTranslator.translateExceptionIfPossible(MyBatisExceptionTranslator.java:101) ~[mybatis-spring-4.0.0.jar:4.0.0]
	at org.mybatis.spring.SqlSessionTemplate$SqlSessionInterceptor.invoke(SqlSessionTemplate.java:362) ~[mybatis-spring-4.0.0.jar:4.0.0]
	at jdk.proxy2/jdk.proxy2.$Proxy71.selectList(Unknown Source) ~[na:na]
	at org.mybatis.spring.SqlSessionTemplate.selectList(SqlSessionTemplate.java:209) ~[mybatis-spring-4.0.0.jar:4.0.0]
	at org.apache.ibatis.binding.MapperMethod.executeForMany(MapperMethod.java:147) ~[mybatis-3.5.19.jar:3.5.19]
	at org.apache.ibatis.binding.MapperMethod.execute(MapperMethod.java:80) ~[mybatis-3.5.19.jar:3.5.19]
	at org.apache.ibatis.binding.MapperProxy$PlainMethodInvoker.invoke(MapperProxy.java:141) ~[mybatis-3.5.19.jar:3.5.19]
	at org.apache.ibatis.binding.MapperProxy.invoke(MapperProxy.java:86) ~[mybatis-3.5.19.jar:3.5.19]
	at jdk.proxy6/jdk.proxy6.$Proxy103.findAll(Unknown Source) ~[na:na]
	at com.assignhub.service.EmployeeService.findAll(EmployeeService.java:43) ~[classes/:na]
	at java.base/jdk.internal.reflect.NativeMethodAccessorImpl.invoke0(Native Method) ~[na:na]
	at java.base/jdk.internal.reflect.NativeMethodAccessorImpl.invoke(NativeMethodAccessorImpl.java:77) ~[na:na]
	at java.base/jdk.internal.reflect.DelegatingMethodAccessorImpl.invoke(DelegatingMethodAccessorImpl.java:43) ~[na:na]
	at java.base/java.lang.reflect.Method.invoke(Method.java:569) ~[na:na]
	at org.springframework.aop.support.AopUtils.invokeJoinpointUsingReflection(AopUtils.java:359) ~[spring-aop-7.0.7.jar:7.0.7]
	at org.springframework.aop.framework.CglibAopProxy$DynamicAdvisedInterceptor.intercept(CglibAopProxy.java:715) ~[spring-aop-7.0.7.jar:7.0.7]
	at com.assignhub.service.EmployeeService$$SpringCGLIB$$0.findAll(<generated>) ~[classes/:na]
	at com.assignhub.controller.EmployeeController.index(EmployeeController.java:52) ~[classes/:na]
	at java.base/jdk.internal.reflect.NativeMethodAccessorImpl.invoke0(Native Method) ~[na:na]
	at java.base/jdk.internal.reflect.NativeMethodAccessorImpl.invoke(NativeMethodAccessorImpl.java:77) ~[na:na]
	at java.base/jdk.internal.reflect.DelegatingMethodAccessorImpl.invoke(DelegatingMethodAccessorImpl.java:43) ~[na:na]
	at java.base/java.lang.reflect.Method.invoke(Method.java:569) ~[na:na]
	at org.springframework.web.method.support.InvocableHandlerMethod.doInvoke(InvocableHandlerMethod.java:252) ~[spring-web-7.0.7.jar:7.0.7]
	at org.springframework.web.method.support.InvocableHandlerMethod.invokeForRequest(InvocableHandlerMethod.java:184) ~[spring-web-7.0.7.jar:7.0.7]
	at org.springframework.web.servlet.mvc.method.annotation.ServletInvocableHandlerMethod.invokeAndHandle(ServletInvocableHandlerMethod.java:117) ~[spring-webmvc-7.0.7.jar:7.0.7]
	at org.springframework.web.servlet.mvc.method.annotation.RequestMappingHandlerAdapter.invokeHandlerMethod(RequestMappingHandlerAdapter.java:934) ~[spring-webmvc-7.0.7.jar:7.0.7]
	at org.springframework.web.servlet.mvc.method.annotation.RequestMappingHandlerAdapter.handleInternal(RequestMappingHandlerAdapter.java:853) ~[spring-webmvc-7.0.7.jar:7.0.7]
	at org.springframework.web.servlet.mvc.method.AbstractHandlerMethodAdapter.handle(AbstractHandlerMethodAdapter.java:86) ~[spring-webmvc-7.0.7.jar:7.0.7]
	at org.springframework.web.servlet.DispatcherServlet.doDispatch(DispatcherServlet.java:963) ~[spring-webmvc-7.0.7.jar:7.0.7]
	at org.springframework.web.servlet.DispatcherServlet.doService(DispatcherServlet.java:866) ~[spring-webmvc-7.0.7.jar:7.0.7]
	at org.springframework.web.servlet.FrameworkServlet.processRequest(FrameworkServlet.java:1000) ~[spring-webmvc-7.0.7.jar:7.0.7]
	at org.springframework.web.servlet.FrameworkServlet.doGet(FrameworkServlet.java:892) ~[spring-webmvc-7.0.7.jar:7.0.7]
	at jakarta.servlet.http.HttpServlet.service(HttpServlet.java:622) ~[tomcat-embed-core-11.0.21.jar:6.1]
	at org.springframework.web.servlet.FrameworkServlet.service(FrameworkServlet.java:874) ~[spring-webmvc-7.0.7.jar:7.0.7]
	at jakarta.servlet.http.HttpServlet.service(HttpServlet.java:710) ~[tomcat-embed-core-11.0.21.jar:6.1]
	at org.apache.catalina.core.ApplicationFilterChain.doFilter(ApplicationFilterChain.java:128) ~[tomcat-embed-core-11.0.21.jar:11.0.21]
	at org.apache.tomcat.websocket.server.WsFilter.doFilter(WsFilter.java:53) ~[tomcat-embed-websocket-11.0.21.jar:11.0.21]
	at org.apache.catalina.core.ApplicationFilterChain.doFilter(ApplicationFilterChain.java:107) ~[tomcat-embed-core-11.0.21.jar:11.0.21]
	at org.springframework.web.filter.RequestContextFilter.doFilterInternal(RequestContextFilter.java:100) ~[spring-web-7.0.7.jar:7.0.7]
	at org.springframework.web.filter.OncePerRequestFilter.doFilter(OncePerRequestFilter.java:116) ~[spring-web-7.0.7.jar:7.0.7]
	at org.apache.catalina.core.ApplicationFilterChain.doFilter(ApplicationFilterChain.java:107) ~[tomcat-embed-core-11.0.21.jar:11.0.21]
	at org.springframework.web.filter.FormContentFilter.doFilterInternal(FormContentFilter.java:93) ~[spring-web-7.0.7.jar:7.0.7]
	at org.springframework.web.filter.OncePerRequestFilter.doFilter(OncePerRequestFilter.java:116) ~[spring-web-7.0.7.jar:7.0.7]
	at org.apache.catalina.core.ApplicationFilterChain.doFilter(ApplicationFilterChain.java:107) ~[tomcat-embed-core-11.0.21.jar:11.0.21]
	at org.springframework.web.filter.CharacterEncodingFilter.doFilterInternal(CharacterEncodingFilter.java:199) ~[spring-web-7.0.7.jar:7.0.7]
	at org.springframework.web.filter.OncePerRequestFilter.doFilter(OncePerRequestFilter.java:116) ~[spring-web-7.0.7.jar:7.0.7]
	at org.apache.catalina.core.ApplicationFilterChain.doFilter(ApplicationFilterChain.java:107) ~[tomcat-embed-core-11.0.21.jar:11.0.21]
	at org.apache.catalina.core.StandardWrapperValve.invoke(StandardWrapperValve.java:165) ~[tomcat-embed-core-11.0.21.jar:11.0.21]
	at org.apache.catalina.core.StandardContextValve.invoke(StandardContextValve.java:77) ~[tomcat-embed-core-11.0.21.jar:11.0.21]
	at org.apache.catalina.authenticator.AuthenticatorBase.invoke(AuthenticatorBase.java:492) ~[tomcat-embed-core-11.0.21.jar:11.0.21]
	at org.apache.catalina.core.StandardHostValve.invoke(StandardHostValve.java:113) ~[tomcat-embed-core-11.0.21.jar:11.0.21]
	at org.apache.catalina.valves.ErrorReportValve.invoke(ErrorReportValve.java:83) ~[tomcat-embed-core-11.0.21.jar:11.0.21]
	at org.apache.catalina.core.StandardEngineValve.invoke(StandardEngineValve.java:72) ~[tomcat-embed-core-11.0.21.jar:11.0.21]
	at org.apache.catalina.connector.CoyoteAdapter.service(CoyoteAdapter.java:341) ~[tomcat-embed-core-11.0.21.jar:11.0.21]
	at org.apache.coyote.http11.Http11Processor.service(Http11Processor.java:397) ~[tomcat-embed-core-11.0.21.jar:11.0.21]
	at org.apache.coyote.AbstractProcessorLight.process(AbstractProcessorLight.java:63) ~[tomcat-embed-core-11.0.21.jar:11.0.21]
	at org.apache.coyote.AbstractProtocol$ConnectionHandler.process(AbstractProtocol.java:903) ~[tomcat-embed-core-11.0.21.jar:11.0.21]
	at org.apache.tomcat.util.net.NioEndpoint$SocketProcessor.doRun(NioEndpoint.java:1801) ~[tomcat-embed-core-11.0.21.jar:11.0.21]
	at org.apache.tomcat.util.net.SocketProcessorBase.run(SocketProcessorBase.java:52) ~[tomcat-embed-core-11.0.21.jar:11.0.21]
	at org.apache.tomcat.util.threads.ThreadPoolExecutor.runWorker(ThreadPoolExecutor.java:946) ~[tomcat-embed-core-11.0.21.jar:11.0.21]
	at org.apache.tomcat.util.threads.ThreadPoolExecutor$Worker.run(ThreadPoolExecutor.java:480) ~[tomcat-embed-core-11.0.21.jar:11.0.21]
	at org.apache.tomcat.util.threads.TaskThread$WrappingRunnable.run(TaskThread.java:57) ~[tomcat-embed-core-11.0.21.jar:11.0.21]
	at java.base/java.lang.Thread.run(Thread.java:840) ~[na:na]
Caused by: org.apache.ibatis.binding.BindingException: Parameter 'txt_emp_name' not found. Available parameters are [sort, keyword, param3, param1, param2, order]
	at org.apache.ibatis.binding.MapperMethod$ParamMap.get(MapperMethod.java:210) ~[mybatis-3.5.19.jar:3.5.19]
	at org.apache.ibatis.scripting.xmltags.DynamicContext$ContextAccessor.getProperty(DynamicContext.java:119) ~[mybatis-3.5.19.jar:3.5.19]
	at org.apache.ibatis.ognl.OgnlRuntime.getProperty(OgnlRuntime.java:2352) ~[mybatis-3.5.19.jar:3.5.19]
	at org.apache.ibatis.ognl.ASTProperty.getValueBody(ASTProperty.java:95) ~[mybatis-3.5.19.jar:3.5.19]
	at org.apache.ibatis.ognl.SimpleNode.evaluateGetValueBody(SimpleNode.java:171) ~[mybatis-3.5.19.jar:3.5.19]
	at org.apache.ibatis.ognl.SimpleNode.getValue(SimpleNode.java:206) ~[mybatis-3.5.19.jar:3.5.19]
	at org.apache.ibatis.ognl.ASTNotEq.getValueBody(ASTNotEq.java:34) ~[mybatis-3.5.19.jar:3.5.19]
	at org.apache.ibatis.ognl.SimpleNode.evaluateGetValueBody(SimpleNode.java:171) ~[mybatis-3.5.19.jar:3.5.19]
	at org.apache.ibatis.ognl.SimpleNode.getValue(SimpleNode.java:206) ~[mybatis-3.5.19.jar:3.5.19]
	at org.apache.ibatis.ognl.ASTAnd.getValueBody(ASTAnd.java:45) ~[mybatis-3.5.19.jar:3.5.19]
	at org.apache.ibatis.ognl.SimpleNode.evaluateGetValueBody(SimpleNode.java:171) ~[mybatis-3.5.19.jar:3.5.19]
	at org.apache.ibatis.ognl.SimpleNode.getValue(SimpleNode.java:206) ~[mybatis-3.5.19.jar:3.5.19]
	at org.apache.ibatis.ognl.Ognl.getValue(Ognl.java:408) ~[mybatis-3.5.19.jar:3.5.19]
	at org.apache.ibatis.ognl.Ognl.getValue(Ognl.java:383) ~[mybatis-3.5.19.jar:3.5.19]
	at org.apache.ibatis.scripting.xmltags.OgnlCache.getValue(OgnlCache.java:47) ~[mybatis-3.5.19.jar:3.5.19]
	at org.apache.ibatis.scripting.xmltags.ExpressionEvaluator.evaluateBoolean(ExpressionEvaluator.java:34) ~[mybatis-3.5.19.jar:3.5.19]
	at org.apache.ibatis.scripting.xmltags.IfSqlNode.apply(IfSqlNode.java:33) ~[mybatis-3.5.19.jar:3.5.19]
	at org.apache.ibatis.scripting.xmltags.MixedSqlNode.lambda$apply$0(MixedSqlNode.java:32) ~[mybatis-3.5.19.jar:3.5.19]
	at java.base/java.util.ArrayList.forEach(ArrayList.java:1511) ~[na:na]
	at org.apache.ibatis.scripting.xmltags.MixedSqlNode.apply(MixedSqlNode.java:32) ~[mybatis-3.5.19.jar:3.5.19]
	at org.apache.ibatis.scripting.xmltags.TrimSqlNode.apply(TrimSqlNode.java:58) ~[mybatis-3.5.19.jar:3.5.19]
	at org.apache.ibatis.scripting.xmltags.MixedSqlNode.lambda$apply$0(MixedSqlNode.java:32) ~[mybatis-3.5.19.jar:3.5.19]
	at java.base/java.util.ArrayList.forEach(ArrayList.java:1511) ~[na:na]
	at org.apache.ibatis.scripting.xmltags.MixedSqlNode.apply(MixedSqlNode.java:32) ~[mybatis-3.5.19.jar:3.5.19]
	at org.apache.ibatis.scripting.xmltags.DynamicSqlSource.getBoundSql(DynamicSqlSource.java:39) ~[mybatis-3.5.19.jar:3.5.19]
	at org.apache.ibatis.mapping.MappedStatement.getBoundSql(MappedStatement.java:320) ~[mybatis-3.5.19.jar:3.5.19]
	at org.apache.ibatis.executor.CachingExecutor.query(CachingExecutor.java:88) ~[mybatis-3.5.19.jar:3.5.19]
	at org.apache.ibatis.session.defaults.DefaultSqlSession.selectList(DefaultSqlSession.java:154) ~[mybatis-3.5.19.jar:3.5.19]
	at org.apache.ibatis.session.defaults.DefaultSqlSession.selectList(DefaultSqlSession.java:147) ~[mybatis-3.5.19.jar:3.5.19]
	at org.apache.ibatis.session.defaults.DefaultSqlSession.selectList(DefaultSqlSession.java:142) ~[mybatis-3.5.19.jar:3.5.19]
	at jdk.internal.reflect.GeneratedMethodAccessor58.invoke(Unknown Source) ~[na:na]
	at java.base/jdk.internal.reflect.DelegatingMethodAccessorImpl.invoke(DelegatingMethodAccessorImpl.java:43) ~[na:na]
	at java.base/java.lang.reflect.Method.invoke(Method.java:569) ~[na:na]
	at org.mybatis.spring.SqlSessionTemplate$SqlSessionInterceptor.invoke(SqlSessionTemplate.java:348) ~[mybatis-spring-4.0.0.jar:4.0.0]
	... 61 common frames omitted

2026-06-15T10:44:10.375+09:00 ERROR 31684 --- [http-nio-8080-exec-8] o.a.c.c.C.[.[.[/].[dispatcherServlet]    : Servlet.service() for servlet [dispatcherServlet] in context with path [] threw exception [Request processing failed: org.mybatis.spring.MyBatisSystemException: 
### Error querying database.  Cause: org.apache.ibatis.binding.BindingException: Parameter 'txt_emp_name' not found. Available parameters are [sort, keyword, param3, param1, param2, order]
### Cause: org.apache.ibatis.binding.BindingException: Parameter 'txt_emp_name' not found. Available parameters are [sort, keyword, param3, param1, param2, order]] with root cause

org.apache.ibatis.binding.BindingException: Parameter 'txt_emp_name' not found. Available parameters are [sort, keyword, param3, param1, param2, order]
	at org.apache.ibatis.binding.MapperMethod$ParamMap.get(MapperMethod.java:210) ~[mybatis-3.5.19.jar:3.5.19]
	at org.apache.ibatis.scripting.xmltags.DynamicContext$ContextAccessor.getProperty(DynamicContext.java:119) ~[mybatis-3.5.19.jar:3.5.19]
	at org.apache.ibatis.ognl.OgnlRuntime.getProperty(OgnlRuntime.java:2352) ~[mybatis-3.5.19.jar:3.5.19]
	at org.apache.ibatis.ognl.ASTProperty.getValueBody(ASTProperty.java:95) ~[mybatis-3.5.19.jar:3.5.19]
	at org.apache.ibatis.ognl.SimpleNode.evaluateGetValueBody(SimpleNode.java:171) ~[mybatis-3.5.19.jar:3.5.19]
	at org.apache.ibatis.ognl.SimpleNode.getValue(SimpleNode.java:206) ~[mybatis-3.5.19.jar:3.5.19]
	at org.apache.ibatis.ognl.ASTNotEq.getValueBody(ASTNotEq.java:34) ~[mybatis-3.5.19.jar:3.5.19]
	at org.apache.ibatis.ognl.SimpleNode.evaluateGetValueBody(SimpleNode.java:171) ~[mybatis-3.5.19.jar:3.5.19]
	at org.apache.ibatis.ognl.SimpleNode.getValue(SimpleNode.java:206) ~[mybatis-3.5.19.jar:3.5.19]
	at org.apache.ibatis.ognl.ASTAnd.getValueBody(ASTAnd.java:45) ~[mybatis-3.5.19.jar:3.5.19]
	at org.apache.ibatis.ognl.SimpleNode.evaluateGetValueBody(SimpleNode.java:171) ~[mybatis-3.5.19.jar:3.5.19]
	at org.apache.ibatis.ognl.SimpleNode.getValue(SimpleNode.java:206) ~[mybatis-3.5.19.jar:3.5.19]
	at org.apache.ibatis.ognl.Ognl.getValue(Ognl.java:408) ~[mybatis-3.5.19.jar:3.5.19]
	at org.apache.ibatis.ognl.Ognl.getValue(Ognl.java:383) ~[mybatis-3.5.19.jar:3.5.19]
	at org.apache.ibatis.scripting.xmltags.OgnlCache.getValue(OgnlCache.java:47) ~[mybatis-3.5.19.jar:3.5.19]
	at org.apache.ibatis.scripting.xmltags.ExpressionEvaluator.evaluateBoolean(ExpressionEvaluator.java:34) ~[mybatis-3.5.19.jar:3.5.19]
	at org.apache.ibatis.scripting.xmltags.IfSqlNode.apply(IfSqlNode.java:33) ~[mybatis-3.5.19.jar:3.5.19]
	at org.apache.ibatis.scripting.xmltags.MixedSqlNode.lambda$apply$0(MixedSqlNode.java:32) ~[mybatis-3.5.19.jar:3.5.19]
	at java.base/java.util.ArrayList.forEach(ArrayList.java:1511) ~[na:na]
	at org.apache.ibatis.scripting.xmltags.MixedSqlNode.apply(MixedSqlNode.java:32) ~[mybatis-3.5.19.jar:3.5.19]
	at org.apache.ibatis.scripting.xmltags.TrimSqlNode.apply(TrimSqlNode.java:58) ~[mybatis-3.5.19.jar:3.5.19]
	at org.apache.ibatis.scripting.xmltags.MixedSqlNode.lambda$apply$0(MixedSqlNode.java:32) ~[mybatis-3.5.19.jar:3.5.19]
	at java.base/java.util.ArrayList.forEach(ArrayList.java:1511) ~[na:na]
	at org.apache.ibatis.scripting.xmltags.MixedSqlNode.apply(MixedSqlNode.java:32) ~[mybatis-3.5.19.jar:3.5.19]
	at org.apache.ibatis.scripting.xmltags.DynamicSqlSource.getBoundSql(DynamicSqlSource.java:39) ~[mybatis-3.5.19.jar:3.5.19]
	at org.apache.ibatis.mapping.MappedStatement.getBoundSql(MappedStatement.java:320) ~[mybatis-3.5.19.jar:3.5.19]
	at org.apache.ibatis.executor.CachingExecutor.query(CachingExecutor.java:88) ~[mybatis-3.5.19.jar:3.5.19]
	at org.apache.ibatis.session.defaults.DefaultSqlSession.selectList(DefaultSqlSession.java:154) ~[mybatis-3.5.19.jar:3.5.19]
	at org.apache.ibatis.session.defaults.DefaultSqlSession.selectList(DefaultSqlSession.java:147) ~[mybatis-3.5.19.jar:3.5.19]
	at org.apache.ibatis.session.defaults.DefaultSqlSession.selectList(DefaultSqlSession.java:142) ~[mybatis-3.5.19.jar:3.5.19]
	at jdk.internal.reflect.GeneratedMethodAccessor58.invoke(Unknown Source) ~[na:na]
	at java.base/jdk.internal.reflect.DelegatingMethodAccessorImpl.invoke(DelegatingMethodAccessorImpl.java:43) ~[na:na]
	at java.base/java.lang.reflect.Method.invoke(Method.java:569) ~[na:na]
	at org.mybatis.spring.SqlSessionTemplate$SqlSessionInterceptor.invoke(SqlSessionTemplate.java:348) ~[mybatis-spring-4.0.0.jar:4.0.0]
	at jdk.proxy2/jdk.proxy2.$Proxy71.selectList(Unknown Source) ~[na:na]
	at org.mybatis.spring.SqlSessionTemplate.selectList(SqlSessionTemplate.java:209) ~[mybatis-spring-4.0.0.jar:4.0.0]
	at org.apache.ibatis.binding.MapperMethod.executeForMany(MapperMethod.java:147) ~[mybatis-3.5.19.jar:3.5.19]
	at org.apache.ibatis.binding.MapperMethod.execute(MapperMethod.java:80) ~[mybatis-3.5.19.jar:3.5.19]
	at org.apache.ibatis.binding.MapperProxy$PlainMethodInvoker.invoke(MapperProxy.java:141) ~[mybatis-3.5.19.jar:3.5.19]
	at org.apache.ibatis.binding.MapperProxy.invoke(MapperProxy.java:86) ~[mybatis-3.5.19.jar:3.5.19]
	at jdk.proxy6/jdk.proxy6.$Proxy103.findAll(Unknown Source) ~[na:na]
	at com.assignhub.service.EmployeeService.findAll(EmployeeService.java:43) ~[classes/:na]
	at java.base/jdk.internal.reflect.NativeMethodAccessorImpl.invoke0(Native Method) ~[na:na]
	at java.base/jdk.internal.reflect.NativeMethodAccessorImpl.invoke(NativeMethodAccessorImpl.java:77) ~[na:na]
	at java.base/jdk.internal.reflect.DelegatingMethodAccessorImpl.invoke(DelegatingMethodAccessorImpl.java:43) ~[na:na]
	at java.base/java.lang.reflect.Method.invoke(Method.java:569) ~[na:na]
	at org.springframework.aop.support.AopUtils.invokeJoinpointUsingReflection(AopUtils.java:359) ~[spring-aop-7.0.7.jar:7.0.7]
	at org.springframework.aop.framework.CglibAopProxy$DynamicAdvisedInterceptor.intercept(CglibAopProxy.java:715) ~[spring-aop-7.0.7.jar:7.0.7]
	at com.assignhub.service.EmployeeService$$SpringCGLIB$$0.findAll(<generated>) ~[classes/:na]
	at com.assignhub.controller.EmployeeController.index(EmployeeController.java:52) ~[classes/:na]
	at java.base/jdk.internal.reflect.NativeMethodAccessorImpl.invoke0(Native Method) ~[na:na]
	at java.base/jdk.internal.reflect.NativeMethodAccessorImpl.invoke(NativeMethodAccessorImpl.java:77) ~[na:na]
	at java.base/jdk.internal.reflect.DelegatingMethodAccessorImpl.invoke(DelegatingMethodAccessorImpl.java:43) ~[na:na]
	at java.base/java.lang.reflect.Method.invoke(Method.java:569) ~[na:na]
	at org.springframework.web.method.support.InvocableHandlerMethod.doInvoke(InvocableHandlerMethod.java:252) ~[spring-web-7.0.7.jar:7.0.7]
	at org.springframework.web.method.support.InvocableHandlerMethod.invokeForRequest(InvocableHandlerMethod.java:184) ~[spring-web-7.0.7.jar:7.0.7]
	at org.springframework.web.servlet.mvc.method.annotation.ServletInvocableHandlerMethod.invokeAndHandle(ServletInvocableHandlerMethod.java:117) ~[spring-webmvc-7.0.7.jar:7.0.7]
	at org.springframework.web.servlet.mvc.method.annotation.RequestMappingHandlerAdapter.invokeHandlerMethod(RequestMappingHandlerAdapter.java:934) ~[spring-webmvc-7.0.7.jar:7.0.7]
	at org.springframework.web.servlet.mvc.method.annotation.RequestMappingHandlerAdapter.handleInternal(RequestMappingHandlerAdapter.java:853) ~[spring-webmvc-7.0.7.jar:7.0.7]
	at org.springframework.web.servlet.mvc.method.AbstractHandlerMethodAdapter.handle(AbstractHandlerMethodAdapter.java:86) ~[spring-webmvc-7.0.7.jar:7.0.7]
	at org.springframework.web.servlet.DispatcherServlet.doDispatch(DispatcherServlet.java:963) ~[spring-webmvc-7.0.7.jar:7.0.7]
	at org.springframework.web.servlet.DispatcherServlet.doService(DispatcherServlet.java:866) ~[spring-webmvc-7.0.7.jar:7.0.7]
	at org.springframework.web.servlet.FrameworkServlet.processRequest(FrameworkServlet.java:1000) ~[spring-webmvc-7.0.7.jar:7.0.7]
	at org.springframework.web.servlet.FrameworkServlet.doGet(FrameworkServlet.java:892) ~[spring-webmvc-7.0.7.jar:7.0.7]
	at jakarta.servlet.http.HttpServlet.service(HttpServlet.java:622) ~[tomcat-embed-core-11.0.21.jar:6.1]
	at org.springframework.web.servlet.FrameworkServlet.service(FrameworkServlet.java:874) ~[spring-webmvc-7.0.7.jar:7.0.7]
	at jakarta.servlet.http.HttpServlet.service(HttpServlet.java:710) ~[tomcat-embed-core-11.0.21.jar:6.1]
	at org.apache.catalina.core.ApplicationFilterChain.doFilter(ApplicationFilterChain.java:128) ~[tomcat-embed-core-11.0.21.jar:11.0.21]
	at org.apache.tomcat.websocket.server.WsFilter.doFilter(WsFilter.java:53) ~[tomcat-embed-websocket-11.0.21.jar:11.0.21]
	at org.apache.catalina.core.ApplicationFilterChain.doFilter(ApplicationFilterChain.java:107) ~[tomcat-embed-core-11.0.21.jar:11.0.21]
	at org.springframework.web.filter.RequestContextFilter.doFilterInternal(RequestContextFilter.java:100) ~[spring-web-7.0.7.jar:7.0.7]
	at org.springframework.web.filter.OncePerRequestFilter.doFilter(OncePerRequestFilter.java:116) ~[spring-web-7.0.7.jar:7.0.7]
	at org.apache.catalina.core.ApplicationFilterChain.doFilter(ApplicationFilterChain.java:107) ~[tomcat-embed-core-11.0.21.jar:11.0.21]
	at org.springframework.web.filter.FormContentFilter.doFilterInternal(FormContentFilter.java:93) ~[spring-web-7.0.7.jar:7.0.7]
	at org.springframework.web.filter.OncePerRequestFilter.doFilter(OncePerRequestFilter.java:116) ~[spring-web-7.0.7.jar:7.0.7]
	at org.apache.catalina.core.ApplicationFilterChain.doFilter(ApplicationFilterChain.java:107) ~[tomcat-embed-core-11.0.21.jar:11.0.21]
	at org.springframework.web.filter.CharacterEncodingFilter.doFilterInternal(CharacterEncodingFilter.java:199) ~[spring-web-7.0.7.jar:7.0.7]
	at org.springframework.web.filter.OncePerRequestFilter.doFilter(OncePerRequestFilter.java:116) ~[spring-web-7.0.7.jar:7.0.7]
	at org.apache.catalina.core.ApplicationFilterChain.doFilter(ApplicationFilterChain.java:107) ~[tomcat-embed-core-11.0.21.jar:11.0.21]
	at org.apache.catalina.core.StandardWrapperValve.invoke(StandardWrapperValve.java:165) ~[tomcat-embed-core-11.0.21.jar:11.0.21]
	at org.apache.catalina.core.StandardContextValve.invoke(StandardContextValve.java:77) ~[tomcat-embed-core-11.0.21.jar:11.0.21]
	at org.apache.catalina.authenticator.AuthenticatorBase.invoke(AuthenticatorBase.java:492) ~[tomcat-embed-core-11.0.21.jar:11.0.21]
	at org.apache.catalina.core.StandardHostValve.invoke(StandardHostValve.java:113) ~[tomcat-embed-core-11.0.21.jar:11.0.21]
	at org.apache.catalina.valves.ErrorReportValve.invoke(ErrorReportValve.java:83) ~[tomcat-embed-core-11.0.21.jar:11.0.21]
	at org.apache.catalina.core.StandardEngineValve.invoke(StandardEngineValve.java:72) ~[tomcat-embed-core-11.0.21.jar:11.0.21]
	at org.apache.catalina.connector.CoyoteAdapter.service(CoyoteAdapter.java:341) ~[tomcat-embed-core-11.0.21.jar:11.0.21]
	at org.apache.coyote.http11.Http11Processor.service(Http11Processor.java:397) ~[tomcat-embed-core-11.0.21.jar:11.0.21]
	at org.apache.coyote.AbstractProcessorLight.process(AbstractProcessorLight.java:63) ~[tomcat-embed-core-11.0.21.jar:11.0.21]
	at org.apache.coyote.AbstractProtocol$ConnectionHandler.process(AbstractProtocol.java:903) ~[tomcat-embed-core-11.0.21.jar:11.0.21]
	at org.apache.tomcat.util.net.NioEndpoint$SocketProcessor.doRun(NioEndpoint.java:1801) ~[tomcat-embed-core-11.0.21.jar:11.0.21]
	at org.apache.tomcat.util.net.SocketProcessorBase.run(SocketProcessorBase.java:52) ~[tomcat-embed-core-11.0.21.jar:11.0.21]
	at org.apache.tomcat.util.threads.ThreadPoolExecutor.runWorker(ThreadPoolExecutor.java:946) ~[tomcat-embed-core-11.0.21.jar:11.0.21]
	at org.apache.tomcat.util.threads.ThreadPoolExecutor$Worker.run(ThreadPoolExecutor.java:480) ~[tomcat-embed-core-11.0.21.jar:11.0.21]
	at org.apache.tomcat.util.threads.TaskThread$WrappingRunnable.run(TaskThread.java:57) ~[tomcat-embed-core-11.0.21.jar:11.0.21]
	at java.base/java.lang.Thread.run(Thread.java:840) ~[na:na]

2026-06-15T10:50:26.916+09:00 DEBUG 31684 --- [http-nio-8080-exec-10] c.a.mapper.AccountMapper.findAll         : ==>  Preparing: SELECT a.*, e.last_name, e.first_name FROM m_account a left JOIN m_employee e ON a.account_id = e.emp_id AND (e.delete_flg = 0 OR e.delete_flg IS NULL) WHERE a.delete_flg = 0 ORDER BY a.account_id ASC
2026-06-15T10:50:26.916+09:00 DEBUG 31684 --- [http-nio-8080-exec-10] c.a.mapper.AccountMapper.findAll         : ==> Parameters: 
2026-06-15T10:50:26.924+09:00 DEBUG 31684 --- [http-nio-8080-exec-10] c.a.mapper.AccountMapper.findAll         : <==      Total: 13
2026-06-15T10:50:27.742+09:00 DEBUG 31684 --- [http-nio-8080-exec-1] c.a.mapper.AccountMapper.findAll         : ==>  Preparing: SELECT a.*, e.last_name, e.first_name FROM m_account a left JOIN m_employee e ON a.account_id = e.emp_id AND (e.delete_flg = 0 OR e.delete_flg IS NULL) WHERE a.delete_flg = 0 ORDER BY a.account_id ASC
2026-06-15T10:50:27.742+09:00 DEBUG 31684 --- [http-nio-8080-exec-1] c.a.mapper.AccountMapper.findAll         : ==> Parameters: 
2026-06-15T10:50:27.745+09:00 DEBUG 31684 --- [http-nio-8080-exec-1] c.a.mapper.AccountMapper.findAll         : <==      Total: 13
2026-06-15T10:50:27.956+09:00 DEBUG 31684 --- [http-nio-8080-exec-8] c.a.mapper.AccountMapper.findAll         : ==>  Preparing: SELECT a.*, e.last_name, e.first_name FROM m_account a left JOIN m_employee e ON a.account_id = e.emp_id AND (e.delete_flg = 0 OR e.delete_flg IS NULL) WHERE a.delete_flg = 0 ORDER BY a.account_id ASC
2026-06-15T10:50:27.957+09:00 DEBUG 31684 --- [http-nio-8080-exec-8] c.a.mapper.AccountMapper.findAll         : ==> Parameters: 
2026-06-15T10:50:27.959+09:00 DEBUG 31684 --- [http-nio-8080-exec-8] c.a.mapper.AccountMapper.findAll         : <==      Total: 13
2026-06-15T10:50:28.160+09:00 DEBUG 31684 --- [http-nio-8080-exec-9] c.a.mapper.AccountMapper.findAll         : ==>  Preparing: SELECT a.*, e.last_name, e.first_name FROM m_account a left JOIN m_employee e ON a.account_id = e.emp_id AND (e.delete_flg = 0 OR e.delete_flg IS NULL) WHERE a.delete_flg = 0 ORDER BY a.account_id ASC
2026-06-15T10:50:28.160+09:00 DEBUG 31684 --- [http-nio-8080-exec-9] c.a.mapper.AccountMapper.findAll         : ==> Parameters: 
2026-06-15T10:50:28.164+09:00 DEBUG 31684 --- [http-nio-8080-exec-9] c.a.mapper.AccountMapper.findAll         : <==      Total: 13
2026-06-15T10:50:29.709+09:00 DEBUG 31684 --- [http-nio-8080-exec-5] c.a.mapper.AccountMapper.findAll         : ==>  Preparing: SELECT a.*, e.last_name, e.first_name FROM m_account a left JOIN m_employee e ON a.account_id = e.emp_id AND (e.delete_flg = 0 OR e.delete_flg IS NULL) WHERE a.delete_flg = 0 ORDER BY a.account_id ASC
2026-06-15T10:50:29.710+09:00 DEBUG 31684 --- [http-nio-8080-exec-5] c.a.mapper.AccountMapper.findAll         : ==> Parameters: 
2026-06-15T10:50:29.712+09:00 DEBUG 31684 --- [http-nio-8080-exec-5] c.a.mapper.AccountMapper.findAll         : <==      Total: 13
2026-06-15T10:51:13.919+09:00  WARN 31684 --- [http-nio-8080-exec-7] c.a.controller.GlobalExceptionHandler    : 静的リソースが見つかりません: /deleted/accounts
2026-06-15T10:51:16.809+09:00 ERROR 31684 --- [http-nio-8080-exec-2] c.a.controller.GlobalExceptionHandler    : 【システムエラー】予期せぬ例外が発生しました。

org.mybatis.spring.MyBatisSystemException: 
### Error querying database.  Cause: org.apache.ibatis.binding.BindingException: Parameter 'txt_emp_name' not found. Available parameters are [sort, keyword, param3, param1, param2, order]
### Cause: org.apache.ibatis.binding.BindingException: Parameter 'txt_emp_name' not found. Available parameters are [sort, keyword, param3, param1, param2, order]
	at org.mybatis.spring.MyBatisExceptionTranslator.translateExceptionIfPossible(MyBatisExceptionTranslator.java:101) ~[mybatis-spring-4.0.0.jar:4.0.0]
	at org.mybatis.spring.SqlSessionTemplate$SqlSessionInterceptor.invoke(SqlSessionTemplate.java:362) ~[mybatis-spring-4.0.0.jar:4.0.0]
	at jdk.proxy2/jdk.proxy2.$Proxy71.selectList(Unknown Source) ~[na:na]
	at org.mybatis.spring.SqlSessionTemplate.selectList(SqlSessionTemplate.java:209) ~[mybatis-spring-4.0.0.jar:4.0.0]
	at org.apache.ibatis.binding.MapperMethod.executeForMany(MapperMethod.java:147) ~[mybatis-3.5.19.jar:3.5.19]
	at org.apache.ibatis.binding.MapperMethod.execute(MapperMethod.java:80) ~[mybatis-3.5.19.jar:3.5.19]
	at org.apache.ibatis.binding.MapperProxy$PlainMethodInvoker.invoke(MapperProxy.java:141) ~[mybatis-3.5.19.jar:3.5.19]
	at org.apache.ibatis.binding.MapperProxy.invoke(MapperProxy.java:86) ~[mybatis-3.5.19.jar:3.5.19]
	at jdk.proxy6/jdk.proxy6.$Proxy103.findAll(Unknown Source) ~[na:na]
	at com.assignhub.service.EmployeeService.findAll(EmployeeService.java:43) ~[classes/:na]
	at java.base/jdk.internal.reflect.NativeMethodAccessorImpl.invoke0(Native Method) ~[na:na]
	at java.base/jdk.internal.reflect.NativeMethodAccessorImpl.invoke(NativeMethodAccessorImpl.java:77) ~[na:na]
	at java.base/jdk.internal.reflect.DelegatingMethodAccessorImpl.invoke(DelegatingMethodAccessorImpl.java:43) ~[na:na]
	at java.base/java.lang.reflect.Method.invoke(Method.java:569) ~[na:na]
	at org.springframework.aop.support.AopUtils.invokeJoinpointUsingReflection(AopUtils.java:359) ~[spring-aop-7.0.7.jar:7.0.7]
	at org.springframework.aop.framework.CglibAopProxy$DynamicAdvisedInterceptor.intercept(CglibAopProxy.java:715) ~[spring-aop-7.0.7.jar:7.0.7]
	at com.assignhub.service.EmployeeService$$SpringCGLIB$$0.findAll(<generated>) ~[classes/:na]
	at com.assignhub.controller.EmployeeController.index(EmployeeController.java:52) ~[classes/:na]
	at java.base/jdk.internal.reflect.NativeMethodAccessorImpl.invoke0(Native Method) ~[na:na]
	at java.base/jdk.internal.reflect.NativeMethodAccessorImpl.invoke(NativeMethodAccessorImpl.java:77) ~[na:na]
	at java.base/jdk.internal.reflect.DelegatingMethodAccessorImpl.invoke(DelegatingMethodAccessorImpl.java:43) ~[na:na]
	at java.base/java.lang.reflect.Method.invoke(Method.java:569) ~[na:na]
	at org.springframework.web.method.support.InvocableHandlerMethod.doInvoke(InvocableHandlerMethod.java:252) ~[spring-web-7.0.7.jar:7.0.7]
	at org.springframework.web.method.support.InvocableHandlerMethod.invokeForRequest(InvocableHandlerMethod.java:184) ~[spring-web-7.0.7.jar:7.0.7]
	at org.springframework.web.servlet.mvc.method.annotation.ServletInvocableHandlerMethod.invokeAndHandle(ServletInvocableHandlerMethod.java:117) ~[spring-webmvc-7.0.7.jar:7.0.7]
	at org.springframework.web.servlet.mvc.method.annotation.RequestMappingHandlerAdapter.invokeHandlerMethod(RequestMappingHandlerAdapter.java:934) ~[spring-webmvc-7.0.7.jar:7.0.7]
	at org.springframework.web.servlet.mvc.method.annotation.RequestMappingHandlerAdapter.handleInternal(RequestMappingHandlerAdapter.java:853) ~[spring-webmvc-7.0.7.jar:7.0.7]
	at org.springframework.web.servlet.mvc.method.AbstractHandlerMethodAdapter.handle(AbstractHandlerMethodAdapter.java:86) ~[spring-webmvc-7.0.7.jar:7.0.7]
	at org.springframework.web.servlet.DispatcherServlet.doDispatch(DispatcherServlet.java:963) ~[spring-webmvc-7.0.7.jar:7.0.7]
	at org.springframework.web.servlet.DispatcherServlet.doService(DispatcherServlet.java:866) ~[spring-webmvc-7.0.7.jar:7.0.7]
	at org.springframework.web.servlet.FrameworkServlet.processRequest(FrameworkServlet.java:1000) ~[spring-webmvc-7.0.7.jar:7.0.7]
	at org.springframework.web.servlet.FrameworkServlet.doGet(FrameworkServlet.java:892) ~[spring-webmvc-7.0.7.jar:7.0.7]
	at jakarta.servlet.http.HttpServlet.service(HttpServlet.java:622) ~[tomcat-embed-core-11.0.21.jar:6.1]
	at org.springframework.web.servlet.FrameworkServlet.service(FrameworkServlet.java:874) ~[spring-webmvc-7.0.7.jar:7.0.7]
	at jakarta.servlet.http.HttpServlet.service(HttpServlet.java:710) ~[tomcat-embed-core-11.0.21.jar:6.1]
	at org.apache.catalina.core.ApplicationFilterChain.doFilter(ApplicationFilterChain.java:128) ~[tomcat-embed-core-11.0.21.jar:11.0.21]
	at org.apache.tomcat.websocket.server.WsFilter.doFilter(WsFilter.java:53) ~[tomcat-embed-websocket-11.0.21.jar:11.0.21]
	at org.apache.catalina.core.ApplicationFilterChain.doFilter(ApplicationFilterChain.java:107) ~[tomcat-embed-core-11.0.21.jar:11.0.21]
	at org.springframework.web.filter.RequestContextFilter.doFilterInternal(RequestContextFilter.java:100) ~[spring-web-7.0.7.jar:7.0.7]
	at org.springframework.web.filter.OncePerRequestFilter.doFilter(OncePerRequestFilter.java:116) ~[spring-web-7.0.7.jar:7.0.7]
	at org.apache.catalina.core.ApplicationFilterChain.doFilter(ApplicationFilterChain.java:107) ~[tomcat-embed-core-11.0.21.jar:11.0.21]
	at org.springframework.web.filter.FormContentFilter.doFilterInternal(FormContentFilter.java:93) ~[spring-web-7.0.7.jar:7.0.7]
	at org.springframework.web.filter.OncePerRequestFilter.doFilter(OncePerRequestFilter.java:116) ~[spring-web-7.0.7.jar:7.0.7]
	at org.apache.catalina.core.ApplicationFilterChain.doFilter(ApplicationFilterChain.java:107) ~[tomcat-embed-core-11.0.21.jar:11.0.21]
	at org.springframework.web.filter.CharacterEncodingFilter.doFilterInternal(CharacterEncodingFilter.java:199) ~[spring-web-7.0.7.jar:7.0.7]
	at org.springframework.web.filter.OncePerRequestFilter.doFilter(OncePerRequestFilter.java:116) ~[spring-web-7.0.7.jar:7.0.7]
	at org.apache.catalina.core.ApplicationFilterChain.doFilter(ApplicationFilterChain.java:107) ~[tomcat-embed-core-11.0.21.jar:11.0.21]
	at org.apache.catalina.core.StandardWrapperValve.invoke(StandardWrapperValve.java:165) ~[tomcat-embed-core-11.0.21.jar:11.0.21]
	at org.apache.catalina.core.StandardContextValve.invoke(StandardContextValve.java:77) ~[tomcat-embed-core-11.0.21.jar:11.0.21]
	at org.apache.catalina.authenticator.AuthenticatorBase.invoke(AuthenticatorBase.java:492) ~[tomcat-embed-core-11.0.21.jar:11.0.21]
	at org.apache.catalina.core.StandardHostValve.invoke(StandardHostValve.java:113) ~[tomcat-embed-core-11.0.21.jar:11.0.21]
	at org.apache.catalina.valves.ErrorReportValve.invoke(ErrorReportValve.java:83) ~[tomcat-embed-core-11.0.21.jar:11.0.21]
	at org.apache.catalina.core.StandardEngineValve.invoke(StandardEngineValve.java:72) ~[tomcat-embed-core-11.0.21.jar:11.0.21]
	at org.apache.catalina.connector.CoyoteAdapter.service(CoyoteAdapter.java:341) ~[tomcat-embed-core-11.0.21.jar:11.0.21]
	at org.apache.coyote.http11.Http11Processor.service(Http11Processor.java:397) ~[tomcat-embed-core-11.0.21.jar:11.0.21]
	at org.apache.coyote.AbstractProcessorLight.process(AbstractProcessorLight.java:63) ~[tomcat-embed-core-11.0.21.jar:11.0.21]
	at org.apache.coyote.AbstractProtocol$ConnectionHandler.process(AbstractProtocol.java:903) ~[tomcat-embed-core-11.0.21.jar:11.0.21]
	at org.apache.tomcat.util.net.NioEndpoint$SocketProcessor.doRun(NioEndpoint.java:1801) ~[tomcat-embed-core-11.0.21.jar:11.0.21]
	at org.apache.tomcat.util.net.SocketProcessorBase.run(SocketProcessorBase.java:52) ~[tomcat-embed-core-11.0.21.jar:11.0.21]
	at org.apache.tomcat.util.threads.ThreadPoolExecutor.runWorker(ThreadPoolExecutor.java:946) ~[tomcat-embed-core-11.0.21.jar:11.0.21]
	at org.apache.tomcat.util.threads.ThreadPoolExecutor$Worker.run(ThreadPoolExecutor.java:480) ~[tomcat-embed-core-11.0.21.jar:11.0.21]
	at org.apache.tomcat.util.threads.TaskThread$WrappingRunnable.run(TaskThread.java:57) ~[tomcat-embed-core-11.0.21.jar:11.0.21]
	at java.base/java.lang.Thread.run(Thread.java:840) ~[na:na]
Caused by: org.apache.ibatis.binding.BindingException: Parameter 'txt_emp_name' not found. Available parameters are [sort, keyword, param3, param1, param2, order]
	at org.apache.ibatis.binding.MapperMethod$ParamMap.get(MapperMethod.java:210) ~[mybatis-3.5.19.jar:3.5.19]
	at org.apache.ibatis.scripting.xmltags.DynamicContext$ContextAccessor.getProperty(DynamicContext.java:119) ~[mybatis-3.5.19.jar:3.5.19]
	at org.apache.ibatis.ognl.OgnlRuntime.getProperty(OgnlRuntime.java:2352) ~[mybatis-3.5.19.jar:3.5.19]
	at org.apache.ibatis.ognl.ASTProperty.getValueBody(ASTProperty.java:95) ~[mybatis-3.5.19.jar:3.5.19]
	at org.apache.ibatis.ognl.SimpleNode.evaluateGetValueBody(SimpleNode.java:171) ~[mybatis-3.5.19.jar:3.5.19]
	at org.apache.ibatis.ognl.SimpleNode.getValue(SimpleNode.java:206) ~[mybatis-3.5.19.jar:3.5.19]
	at org.apache.ibatis.ognl.ASTNotEq.getValueBody(ASTNotEq.java:34) ~[mybatis-3.5.19.jar:3.5.19]
	at org.apache.ibatis.ognl.SimpleNode.evaluateGetValueBody(SimpleNode.java:171) ~[mybatis-3.5.19.jar:3.5.19]
	at org.apache.ibatis.ognl.SimpleNode.getValue(SimpleNode.java:206) ~[mybatis-3.5.19.jar:3.5.19]
	at org.apache.ibatis.ognl.ASTAnd.getValueBody(ASTAnd.java:45) ~[mybatis-3.5.19.jar:3.5.19]
	at org.apache.ibatis.ognl.SimpleNode.evaluateGetValueBody(SimpleNode.java:171) ~[mybatis-3.5.19.jar:3.5.19]
	at org.apache.ibatis.ognl.SimpleNode.getValue(SimpleNode.java:206) ~[mybatis-3.5.19.jar:3.5.19]
	at org.apache.ibatis.ognl.Ognl.getValue(Ognl.java:408) ~[mybatis-3.5.19.jar:3.5.19]
	at org.apache.ibatis.ognl.Ognl.getValue(Ognl.java:383) ~[mybatis-3.5.19.jar:3.5.19]
	at org.apache.ibatis.scripting.xmltags.OgnlCache.getValue(OgnlCache.java:47) ~[mybatis-3.5.19.jar:3.5.19]
	at org.apache.ibatis.scripting.xmltags.ExpressionEvaluator.evaluateBoolean(ExpressionEvaluator.java:34) ~[mybatis-3.5.19.jar:3.5.19]
	at org.apache.ibatis.scripting.xmltags.IfSqlNode.apply(IfSqlNode.java:33) ~[mybatis-3.5.19.jar:3.5.19]
	at org.apache.ibatis.scripting.xmltags.MixedSqlNode.lambda$apply$0(MixedSqlNode.java:32) ~[mybatis-3.5.19.jar:3.5.19]
	at java.base/java.util.ArrayList.forEach(ArrayList.java:1511) ~[na:na]
	at org.apache.ibatis.scripting.xmltags.MixedSqlNode.apply(MixedSqlNode.java:32) ~[mybatis-3.5.19.jar:3.5.19]
	at org.apache.ibatis.scripting.xmltags.TrimSqlNode.apply(TrimSqlNode.java:58) ~[mybatis-3.5.19.jar:3.5.19]
	at org.apache.ibatis.scripting.xmltags.MixedSqlNode.lambda$apply$0(MixedSqlNode.java:32) ~[mybatis-3.5.19.jar:3.5.19]
	at java.base/java.util.ArrayList.forEach(ArrayList.java:1511) ~[na:na]
	at org.apache.ibatis.scripting.xmltags.MixedSqlNode.apply(MixedSqlNode.java:32) ~[mybatis-3.5.19.jar:3.5.19]
	at org.apache.ibatis.scripting.xmltags.DynamicSqlSource.getBoundSql(DynamicSqlSource.java:39) ~[mybatis-3.5.19.jar:3.5.19]
	at org.apache.ibatis.mapping.MappedStatement.getBoundSql(MappedStatement.java:320) ~[mybatis-3.5.19.jar:3.5.19]
	at org.apache.ibatis.executor.CachingExecutor.query(CachingExecutor.java:88) ~[mybatis-3.5.19.jar:3.5.19]
	at org.apache.ibatis.session.defaults.DefaultSqlSession.selectList(DefaultSqlSession.java:154) ~[mybatis-3.5.19.jar:3.5.19]
	at org.apache.ibatis.session.defaults.DefaultSqlSession.selectList(DefaultSqlSession.java:147) ~[mybatis-3.5.19.jar:3.5.19]
	at org.apache.ibatis.session.defaults.DefaultSqlSession.selectList(DefaultSqlSession.java:142) ~[mybatis-3.5.19.jar:3.5.19]
	at jdk.internal.reflect.GeneratedMethodAccessor58.invoke(Unknown Source) ~[na:na]
	at java.base/jdk.internal.reflect.DelegatingMethodAccessorImpl.invoke(DelegatingMethodAccessorImpl.java:43) ~[na:na]
	at java.base/java.lang.reflect.Method.invoke(Method.java:569) ~[na:na]
	at org.mybatis.spring.SqlSessionTemplate$SqlSessionInterceptor.invoke(SqlSessionTemplate.java:348) ~[mybatis-spring-4.0.0.jar:4.0.0]
	... 61 common frames omitted

2026-06-15T10:51:16.811+09:00 ERROR 31684 --- [http-nio-8080-exec-2] o.a.c.c.C.[.[.[/].[dispatcherServlet]    : Servlet.service() for servlet [dispatcherServlet] in context with path [] threw exception [Request processing failed: org.mybatis.spring.MyBatisSystemException: 
### Error querying database.  Cause: org.apache.ibatis.binding.BindingException: Parameter 'txt_emp_name' not found. Available parameters are [sort, keyword, param3, param1, param2, order]
### Cause: org.apache.ibatis.binding.BindingException: Parameter 'txt_emp_name' not found. Available parameters are [sort, keyword, param3, param1, param2, order]] with root cause

org.apache.ibatis.binding.BindingException: Parameter 'txt_emp_name' not found. Available parameters are [sort, keyword, param3, param1, param2, order]
	at org.apache.ibatis.binding.MapperMethod$ParamMap.get(MapperMethod.java:210) ~[mybatis-3.5.19.jar:3.5.19]
	at org.apache.ibatis.scripting.xmltags.DynamicContext$ContextAccessor.getProperty(DynamicContext.java:119) ~[mybatis-3.5.19.jar:3.5.19]
	at org.apache.ibatis.ognl.OgnlRuntime.getProperty(OgnlRuntime.java:2352) ~[mybatis-3.5.19.jar:3.5.19]
	at org.apache.ibatis.ognl.ASTProperty.getValueBody(ASTProperty.java:95) ~[mybatis-3.5.19.jar:3.5.19]
	at org.apache.ibatis.ognl.SimpleNode.evaluateGetValueBody(SimpleNode.java:171) ~[mybatis-3.5.19.jar:3.5.19]
	at org.apache.ibatis.ognl.SimpleNode.getValue(SimpleNode.java:206) ~[mybatis-3.5.19.jar:3.5.19]
	at org.apache.ibatis.ognl.ASTNotEq.getValueBody(ASTNotEq.java:34) ~[mybatis-3.5.19.jar:3.5.19]
	at org.apache.ibatis.ognl.SimpleNode.evaluateGetValueBody(SimpleNode.java:171) ~[mybatis-3.5.19.jar:3.5.19]
	at org.apache.ibatis.ognl.SimpleNode.getValue(SimpleNode.java:206) ~[mybatis-3.5.19.jar:3.5.19]
	at org.apache.ibatis.ognl.ASTAnd.getValueBody(ASTAnd.java:45) ~[mybatis-3.5.19.jar:3.5.19]
	at org.apache.ibatis.ognl.SimpleNode.evaluateGetValueBody(SimpleNode.java:171) ~[mybatis-3.5.19.jar:3.5.19]
	at org.apache.ibatis.ognl.SimpleNode.getValue(SimpleNode.java:206) ~[mybatis-3.5.19.jar:3.5.19]
	at org.apache.ibatis.ognl.Ognl.getValue(Ognl.java:408) ~[mybatis-3.5.19.jar:3.5.19]
	at org.apache.ibatis.ognl.Ognl.getValue(Ognl.java:383) ~[mybatis-3.5.19.jar:3.5.19]
	at org.apache.ibatis.scripting.xmltags.OgnlCache.getValue(OgnlCache.java:47) ~[mybatis-3.5.19.jar:3.5.19]
	at org.apache.ibatis.scripting.xmltags.ExpressionEvaluator.evaluateBoolean(ExpressionEvaluator.java:34) ~[mybatis-3.5.19.jar:3.5.19]
	at org.apache.ibatis.scripting.xmltags.IfSqlNode.apply(IfSqlNode.java:33) ~[mybatis-3.5.19.jar:3.5.19]
	at org.apache.ibatis.scripting.xmltags.MixedSqlNode.lambda$apply$0(MixedSqlNode.java:32) ~[mybatis-3.5.19.jar:3.5.19]
	at java.base/java.util.ArrayList.forEach(ArrayList.java:1511) ~[na:na]
	at org.apache.ibatis.scripting.xmltags.MixedSqlNode.apply(MixedSqlNode.java:32) ~[mybatis-3.5.19.jar:3.5.19]
	at org.apache.ibatis.scripting.xmltags.TrimSqlNode.apply(TrimSqlNode.java:58) ~[mybatis-3.5.19.jar:3.5.19]
	at org.apache.ibatis.scripting.xmltags.MixedSqlNode.lambda$apply$0(MixedSqlNode.java:32) ~[mybatis-3.5.19.jar:3.5.19]
	at java.base/java.util.ArrayList.forEach(ArrayList.java:1511) ~[na:na]
	at org.apache.ibatis.scripting.xmltags.MixedSqlNode.apply(MixedSqlNode.java:32) ~[mybatis-3.5.19.jar:3.5.19]
	at org.apache.ibatis.scripting.xmltags.DynamicSqlSource.getBoundSql(DynamicSqlSource.java:39) ~[mybatis-3.5.19.jar:3.5.19]
	at org.apache.ibatis.mapping.MappedStatement.getBoundSql(MappedStatement.java:320) ~[mybatis-3.5.19.jar:3.5.19]
	at org.apache.ibatis.executor.CachingExecutor.query(CachingExecutor.java:88) ~[mybatis-3.5.19.jar:3.5.19]
	at org.apache.ibatis.session.defaults.DefaultSqlSession.selectList(DefaultSqlSession.java:154) ~[mybatis-3.5.19.jar:3.5.19]
	at org.apache.ibatis.session.defaults.DefaultSqlSession.selectList(DefaultSqlSession.java:147) ~[mybatis-3.5.19.jar:3.5.19]
	at org.apache.ibatis.session.defaults.DefaultSqlSession.selectList(DefaultSqlSession.java:142) ~[mybatis-3.5.19.jar:3.5.19]
	at jdk.internal.reflect.GeneratedMethodAccessor58.invoke(Unknown Source) ~[na:na]
	at java.base/jdk.internal.reflect.DelegatingMethodAccessorImpl.invoke(DelegatingMethodAccessorImpl.java:43) ~[na:na]
	at java.base/java.lang.reflect.Method.invoke(Method.java:569) ~[na:na]
	at org.mybatis.spring.SqlSessionTemplate$SqlSessionInterceptor.invoke(SqlSessionTemplate.java:348) ~[mybatis-spring-4.0.0.jar:4.0.0]
	at jdk.proxy2/jdk.proxy2.$Proxy71.selectList(Unknown Source) ~[na:na]
	at org.mybatis.spring.SqlSessionTemplate.selectList(SqlSessionTemplate.java:209) ~[mybatis-spring-4.0.0.jar:4.0.0]
	at org.apache.ibatis.binding.MapperMethod.executeForMany(MapperMethod.java:147) ~[mybatis-3.5.19.jar:3.5.19]
	at org.apache.ibatis.binding.MapperMethod.execute(MapperMethod.java:80) ~[mybatis-3.5.19.jar:3.5.19]
	at org.apache.ibatis.binding.MapperProxy$PlainMethodInvoker.invoke(MapperProxy.java:141) ~[mybatis-3.5.19.jar:3.5.19]
	at org.apache.ibatis.binding.MapperProxy.invoke(MapperProxy.java:86) ~[mybatis-3.5.19.jar:3.5.19]
	at jdk.proxy6/jdk.proxy6.$Proxy103.findAll(Unknown Source) ~[na:na]
	at com.assignhub.service.EmployeeService.findAll(EmployeeService.java:43) ~[classes/:na]
	at java.base/jdk.internal.reflect.NativeMethodAccessorImpl.invoke0(Native Method) ~[na:na]
	at java.base/jdk.internal.reflect.NativeMethodAccessorImpl.invoke(NativeMethodAccessorImpl.java:77) ~[na:na]
	at java.base/jdk.internal.reflect.DelegatingMethodAccessorImpl.invoke(DelegatingMethodAccessorImpl.java:43) ~[na:na]
	at java.base/java.lang.reflect.Method.invoke(Method.java:569) ~[na:na]
	at org.springframework.aop.support.AopUtils.invokeJoinpointUsingReflection(AopUtils.java:359) ~[spring-aop-7.0.7.jar:7.0.7]
	at org.springframework.aop.framework.CglibAopProxy$DynamicAdvisedInterceptor.intercept(CglibAopProxy.java:715) ~[spring-aop-7.0.7.jar:7.0.7]
	at com.assignhub.service.EmployeeService$$SpringCGLIB$$0.findAll(<generated>) ~[classes/:na]
	at com.assignhub.controller.EmployeeController.index(EmployeeController.java:52) ~[classes/:na]
	at java.base/jdk.internal.reflect.NativeMethodAccessorImpl.invoke0(Native Method) ~[na:na]
	at java.base/jdk.internal.reflect.NativeMethodAccessorImpl.invoke(NativeMethodAccessorImpl.java:77) ~[na:na]
	at java.base/jdk.internal.reflect.DelegatingMethodAccessorImpl.invoke(DelegatingMethodAccessorImpl.java:43) ~[na:na]
	at java.base/java.lang.reflect.Method.invoke(Method.java:569) ~[na:na]
	at org.springframework.web.method.support.InvocableHandlerMethod.doInvoke(InvocableHandlerMethod.java:252) ~[spring-web-7.0.7.jar:7.0.7]
	at org.springframework.web.method.support.InvocableHandlerMethod.invokeForRequest(InvocableHandlerMethod.java:184) ~[spring-web-7.0.7.jar:7.0.7]
	at org.springframework.web.servlet.mvc.method.annotation.ServletInvocableHandlerMethod.invokeAndHandle(ServletInvocableHandlerMethod.java:117) ~[spring-webmvc-7.0.7.jar:7.0.7]
	at org.springframework.web.servlet.mvc.method.annotation.RequestMappingHandlerAdapter.invokeHandlerMethod(RequestMappingHandlerAdapter.java:934) ~[spring-webmvc-7.0.7.jar:7.0.7]
	at org.springframework.web.servlet.mvc.method.annotation.RequestMappingHandlerAdapter.handleInternal(RequestMappingHandlerAdapter.java:853) ~[spring-webmvc-7.0.7.jar:7.0.7]
	at org.springframework.web.servlet.mvc.method.AbstractHandlerMethodAdapter.handle(AbstractHandlerMethodAdapter.java:86) ~[spring-webmvc-7.0.7.jar:7.0.7]
	at org.springframework.web.servlet.DispatcherServlet.doDispatch(DispatcherServlet.java:963) ~[spring-webmvc-7.0.7.jar:7.0.7]
	at org.springframework.web.servlet.DispatcherServlet.doService(DispatcherServlet.java:866) ~[spring-webmvc-7.0.7.jar:7.0.7]
	at org.springframework.web.servlet.FrameworkServlet.processRequest(FrameworkServlet.java:1000) ~[spring-webmvc-7.0.7.jar:7.0.7]
	at org.springframework.web.servlet.FrameworkServlet.doGet(FrameworkServlet.java:892) ~[spring-webmvc-7.0.7.jar:7.0.7]
	at jakarta.servlet.http.HttpServlet.service(HttpServlet.java:622) ~[tomcat-embed-core-11.0.21.jar:6.1]
	at org.springframework.web.servlet.FrameworkServlet.service(FrameworkServlet.java:874) ~[spring-webmvc-7.0.7.jar:7.0.7]
	at jakarta.servlet.http.HttpServlet.service(HttpServlet.java:710) ~[tomcat-embed-core-11.0.21.jar:6.1]
	at org.apache.catalina.core.ApplicationFilterChain.doFilter(ApplicationFilterChain.java:128) ~[tomcat-embed-core-11.0.21.jar:11.0.21]
	at org.apache.tomcat.websocket.server.WsFilter.doFilter(WsFilter.java:53) ~[tomcat-embed-websocket-11.0.21.jar:11.0.21]
	at org.apache.catalina.core.ApplicationFilterChain.doFilter(ApplicationFilterChain.java:107) ~[tomcat-embed-core-11.0.21.jar:11.0.21]
	at org.springframework.web.filter.RequestContextFilter.doFilterInternal(RequestContextFilter.java:100) ~[spring-web-7.0.7.jar:7.0.7]
	at org.springframework.web.filter.OncePerRequestFilter.doFilter(OncePerRequestFilter.java:116) ~[spring-web-7.0.7.jar:7.0.7]
	at org.apache.catalina.core.ApplicationFilterChain.doFilter(ApplicationFilterChain.java:107) ~[tomcat-embed-core-11.0.21.jar:11.0.21]
	at org.springframework.web.filter.FormContentFilter.doFilterInternal(FormContentFilter.java:93) ~[spring-web-7.0.7.jar:7.0.7]
	at org.springframework.web.filter.OncePerRequestFilter.doFilter(OncePerRequestFilter.java:116) ~[spring-web-7.0.7.jar:7.0.7]
	at org.apache.catalina.core.ApplicationFilterChain.doFilter(ApplicationFilterChain.java:107) ~[tomcat-embed-core-11.0.21.jar:11.0.21]
	at org.springframework.web.filter.CharacterEncodingFilter.doFilterInternal(CharacterEncodingFilter.java:199) ~[spring-web-7.0.7.jar:7.0.7]
	at org.springframework.web.filter.OncePerRequestFilter.doFilter(OncePerRequestFilter.java:116) ~[spring-web-7.0.7.jar:7.0.7]
	at org.apache.catalina.core.ApplicationFilterChain.doFilter(ApplicationFilterChain.java:107) ~[tomcat-embed-core-11.0.21.jar:11.0.21]
	at org.apache.catalina.core.StandardWrapperValve.invoke(StandardWrapperValve.java:165) ~[tomcat-embed-core-11.0.21.jar:11.0.21]
	at org.apache.catalina.core.StandardContextValve.invoke(StandardContextValve.java:77) ~[tomcat-embed-core-11.0.21.jar:11.0.21]
	at org.apache.catalina.authenticator.AuthenticatorBase.invoke(AuthenticatorBase.java:492) ~[tomcat-embed-core-11.0.21.jar:11.0.21]
	at org.apache.catalina.core.StandardHostValve.invoke(StandardHostValve.java:113) ~[tomcat-embed-core-11.0.21.jar:11.0.21]
	at org.apache.catalina.valves.ErrorReportValve.invoke(ErrorReportValve.java:83) ~[tomcat-embed-core-11.0.21.jar:11.0.21]
	at org.apache.catalina.core.StandardEngineValve.invoke(StandardEngineValve.java:72) ~[tomcat-embed-core-11.0.21.jar:11.0.21]
	at org.apache.catalina.connector.CoyoteAdapter.service(CoyoteAdapter.java:341) ~[tomcat-embed-core-11.0.21.jar:11.0.21]
	at org.apache.coyote.http11.Http11Processor.service(Http11Processor.java:397) ~[tomcat-embed-core-11.0.21.jar:11.0.21]
	at org.apache.coyote.AbstractProcessorLight.process(AbstractProcessorLight.java:63) ~[tomcat-embed-core-11.0.21.jar:11.0.21]
	at org.apache.coyote.AbstractProtocol$ConnectionHandler.process(AbstractProtocol.java:903) ~[tomcat-embed-core-11.0.21.jar:11.0.21]
	at org.apache.tomcat.util.net.NioEndpoint$SocketProcessor.doRun(NioEndpoint.java:1801) ~[tomcat-embed-core-11.0.21.jar:11.0.21]
	at org.apache.tomcat.util.net.SocketProcessorBase.run(SocketProcessorBase.java:52) ~[tomcat-embed-core-11.0.21.jar:11.0.21]
	at org.apache.tomcat.util.threads.ThreadPoolExecutor.runWorker(ThreadPoolExecutor.java:946) ~[tomcat-embed-core-11.0.21.jar:11.0.21]
	at org.apache.tomcat.util.threads.ThreadPoolExecutor$Worker.run(ThreadPoolExecutor.java:480) ~[tomcat-embed-core-11.0.21.jar:11.0.21]
	at org.apache.tomcat.util.threads.TaskThread$WrappingRunnable.run(TaskThread.java:57) ~[tomcat-embed-core-11.0.21.jar:11.0.21]
	at java.base/java.lang.Thread.run(Thread.java:840) ~[na:na]

2026-06-15T10:51:19.636+09:00 DEBUG 31684 --- [http-nio-8080-exec-10] c.a.mapper.AccountMapper.findAll         : ==>  Preparing: SELECT a.*, e.last_name, e.first_name FROM m_account a left JOIN m_employee e ON a.account_id = e.emp_id AND (e.delete_flg = 0 OR e.delete_flg IS NULL) WHERE a.delete_flg = 0 ORDER BY a.account_id ASC
2026-06-15T10:51:19.636+09:00 DEBUG 31684 --- [http-nio-8080-exec-10] c.a.mapper.AccountMapper.findAll         : ==> Parameters: 
2026-06-15T10:51:19.638+09:00 DEBUG 31684 --- [http-nio-8080-exec-10] c.a.mapper.AccountMapper.findAll         : <==      Total: 13
2026-06-15T10:52:24.898+09:00 DEBUG 31684 --- [http-nio-8080-exec-7] c.a.mapper.AccountMapper.findAll         : ==>  Preparing: SELECT a.*, e.last_name, e.first_name FROM m_account a left JOIN m_employee e ON a.account_id = e.emp_id AND (e.delete_flg = 0 OR e.delete_flg IS NULL) WHERE a.delete_flg = 0 ORDER BY a.account_id ASC
2026-06-15T10:52:24.899+09:00 DEBUG 31684 --- [http-nio-8080-exec-7] c.a.mapper.AccountMapper.findAll         : ==> Parameters: 
2026-06-15T10:52:24.901+09:00 DEBUG 31684 --- [http-nio-8080-exec-7] c.a.mapper.AccountMapper.findAll         : <==      Total: 13
2026-06-15T10:52:41.932+09:00 DEBUG 31684 --- [http-nio-8080-exec-1] c.a.mapper.AccountMapper.findAll         : ==>  Preparing: SELECT a.*, e.last_name, e.first_name FROM m_account a left JOIN m_employee e ON a.account_id = e.emp_id AND (e.delete_flg = 0 OR e.delete_flg IS NULL) WHERE a.delete_flg = 0 AND ( e.first_name LIKE CONCAT('%', ?, '%') OR e.last_name LIKE CONCAT('%', ?, '%') ) AND permission = ? ORDER BY a.account_id ASC
2026-06-15T10:52:41.934+09:00 DEBUG 31684 --- [http-nio-8080-exec-1] c.a.mapper.AccountMapper.findAll         : ==> Parameters: 川田　次郎(String), 川田　次郎(String), 0(Integer)
2026-06-15T10:52:41.941+09:00 DEBUG 31684 --- [http-nio-8080-exec-1] c.a.mapper.AccountMapper.findAll         : <==      Total: 0
2026-06-15T10:52:53.018+09:00 DEBUG 31684 --- [http-nio-8080-exec-8] c.a.mapper.AccountMapper.findAll         : ==>  Preparing: SELECT a.*, e.last_name, e.first_name FROM m_account a left JOIN m_employee e ON a.account_id = e.emp_id AND (e.delete_flg = 0 OR e.delete_flg IS NULL) WHERE a.delete_flg = 0 AND permission = ? ORDER BY a.account_id ASC
2026-06-15T10:52:53.019+09:00 DEBUG 31684 --- [http-nio-8080-exec-8] c.a.mapper.AccountMapper.findAll         : ==> Parameters: 0(Integer)
2026-06-15T10:52:53.022+09:00 DEBUG 31684 --- [http-nio-8080-exec-8] c.a.mapper.AccountMapper.findAll         : <==      Total: 10
2026-06-15T10:53:02.433+09:00 DEBUG 31684 --- [http-nio-8080-exec-9] c.a.mapper.AccountMapper.findAll         : ==>  Preparing: SELECT a.*, e.last_name, e.first_name FROM m_account a left JOIN m_employee e ON a.account_id = e.emp_id AND (e.delete_flg = 0 OR e.delete_flg IS NULL) WHERE a.delete_flg = 0 AND ( e.first_name LIKE CONCAT('%', ?, '%') OR e.last_name LIKE CONCAT('%', ?, '%') ) ORDER BY a.account_id ASC
2026-06-15T10:53:02.434+09:00 DEBUG 31684 --- [http-nio-8080-exec-9] c.a.mapper.AccountMapper.findAll         : ==> Parameters: 川田　次郎(String), 川田　次郎(String)
2026-06-15T10:53:02.436+09:00 DEBUG 31684 --- [http-nio-8080-exec-9] c.a.mapper.AccountMapper.findAll         : <==      Total: 0
2026-06-15T10:53:29.895+09:00 DEBUG 31684 --- [http-nio-8080-exec-5] c.a.mapper.AccountMapper.findAll         : ==>  Preparing: SELECT a.*, e.last_name, e.first_name FROM m_account a left JOIN m_employee e ON a.account_id = e.emp_id AND (e.delete_flg = 0 OR e.delete_flg IS NULL) WHERE a.delete_flg = 0 ORDER BY a.account_id ASC
2026-06-15T10:53:29.896+09:00 DEBUG 31684 --- [http-nio-8080-exec-5] c.a.mapper.AccountMapper.findAll         : ==> Parameters: 
2026-06-15T10:53:29.901+09:00 DEBUG 31684 --- [http-nio-8080-exec-5] c.a.mapper.AccountMapper.findAll         : <==      Total: 13
2026-06-15T10:53:32.481+09:00 DEBUG 31684 --- [http-nio-8080-exec-3] c.a.mapper.AccountMapper.findAll         : ==>  Preparing: SELECT a.*, e.last_name, e.first_name FROM m_account a left JOIN m_employee e ON a.account_id = e.emp_id AND (e.delete_flg = 0 OR e.delete_flg IS NULL) WHERE a.delete_flg = 0 ORDER BY a.account_id ASC
2026-06-15T10:53:32.482+09:00 DEBUG 31684 --- [http-nio-8080-exec-3] c.a.mapper.AccountMapper.findAll         : ==> Parameters: 
2026-06-15T10:53:32.485+09:00 DEBUG 31684 --- [http-nio-8080-exec-3] c.a.mapper.AccountMapper.findAll         : <==      Total: 13
2026-06-15T10:53:49.672+09:00 ERROR 31684 --- [http-nio-8080-exec-4] c.a.controller.GlobalExceptionHandler    : 【システムエラー】予期せぬ例外が発生しました。

org.mybatis.spring.MyBatisSystemException: 
### Error querying database.  Cause: org.apache.ibatis.binding.BindingException: Parameter 'txt_emp_name' not found. Available parameters are [sort, keyword, param3, param1, param2, order]
### Cause: org.apache.ibatis.binding.BindingException: Parameter 'txt_emp_name' not found. Available parameters are [sort, keyword, param3, param1, param2, order]
	at org.mybatis.spring.MyBatisExceptionTranslator.translateExceptionIfPossible(MyBatisExceptionTranslator.java:101) ~[mybatis-spring-4.0.0.jar:4.0.0]
	at org.mybatis.spring.SqlSessionTemplate$SqlSessionInterceptor.invoke(SqlSessionTemplate.java:362) ~[mybatis-spring-4.0.0.jar:4.0.0]
	at jdk.proxy2/jdk.proxy2.$Proxy71.selectList(Unknown Source) ~[na:na]
	at org.mybatis.spring.SqlSessionTemplate.selectList(SqlSessionTemplate.java:209) ~[mybatis-spring-4.0.0.jar:4.0.0]
	at org.apache.ibatis.binding.MapperMethod.executeForMany(MapperMethod.java:147) ~[mybatis-3.5.19.jar:3.5.19]
	at org.apache.ibatis.binding.MapperMethod.execute(MapperMethod.java:80) ~[mybatis-3.5.19.jar:3.5.19]
	at org.apache.ibatis.binding.MapperProxy$PlainMethodInvoker.invoke(MapperProxy.java:141) ~[mybatis-3.5.19.jar:3.5.19]
	at org.apache.ibatis.binding.MapperProxy.invoke(MapperProxy.java:86) ~[mybatis-3.5.19.jar:3.5.19]
	at jdk.proxy6/jdk.proxy6.$Proxy103.findAll(Unknown Source) ~[na:na]
	at com.assignhub.service.EmployeeService.findAll(EmployeeService.java:43) ~[classes/:na]
	at java.base/jdk.internal.reflect.NativeMethodAccessorImpl.invoke0(Native Method) ~[na:na]
	at java.base/jdk.internal.reflect.NativeMethodAccessorImpl.invoke(NativeMethodAccessorImpl.java:77) ~[na:na]
	at java.base/jdk.internal.reflect.DelegatingMethodAccessorImpl.invoke(DelegatingMethodAccessorImpl.java:43) ~[na:na]
	at java.base/java.lang.reflect.Method.invoke(Method.java:569) ~[na:na]
	at org.springframework.aop.support.AopUtils.invokeJoinpointUsingReflection(AopUtils.java:359) ~[spring-aop-7.0.7.jar:7.0.7]
	at org.springframework.aop.framework.CglibAopProxy$DynamicAdvisedInterceptor.intercept(CglibAopProxy.java:715) ~[spring-aop-7.0.7.jar:7.0.7]
	at com.assignhub.service.EmployeeService$$SpringCGLIB$$0.findAll(<generated>) ~[classes/:na]
	at com.assignhub.controller.EmployeeController.index(EmployeeController.java:52) ~[classes/:na]
	at java.base/jdk.internal.reflect.NativeMethodAccessorImpl.invoke0(Native Method) ~[na:na]
	at java.base/jdk.internal.reflect.NativeMethodAccessorImpl.invoke(NativeMethodAccessorImpl.java:77) ~[na:na]
	at java.base/jdk.internal.reflect.DelegatingMethodAccessorImpl.invoke(DelegatingMethodAccessorImpl.java:43) ~[na:na]
	at java.base/java.lang.reflect.Method.invoke(Method.java:569) ~[na:na]
	at org.springframework.web.method.support.InvocableHandlerMethod.doInvoke(InvocableHandlerMethod.java:252) ~[spring-web-7.0.7.jar:7.0.7]
	at org.springframework.web.method.support.InvocableHandlerMethod.invokeForRequest(InvocableHandlerMethod.java:184) ~[spring-web-7.0.7.jar:7.0.7]
	at org.springframework.web.servlet.mvc.method.annotation.ServletInvocableHandlerMethod.invokeAndHandle(ServletInvocableHandlerMethod.java:117) ~[spring-webmvc-7.0.7.jar:7.0.7]
	at org.springframework.web.servlet.mvc.method.annotation.RequestMappingHandlerAdapter.invokeHandlerMethod(RequestMappingHandlerAdapter.java:934) ~[spring-webmvc-7.0.7.jar:7.0.7]
	at org.springframework.web.servlet.mvc.method.annotation.RequestMappingHandlerAdapter.handleInternal(RequestMappingHandlerAdapter.java:853) ~[spring-webmvc-7.0.7.jar:7.0.7]
	at org.springframework.web.servlet.mvc.method.AbstractHandlerMethodAdapter.handle(AbstractHandlerMethodAdapter.java:86) ~[spring-webmvc-7.0.7.jar:7.0.7]
	at org.springframework.web.servlet.DispatcherServlet.doDispatch(DispatcherServlet.java:963) ~[spring-webmvc-7.0.7.jar:7.0.7]
	at org.springframework.web.servlet.DispatcherServlet.doService(DispatcherServlet.java:866) ~[spring-webmvc-7.0.7.jar:7.0.7]
	at org.springframework.web.servlet.FrameworkServlet.processRequest(FrameworkServlet.java:1000) ~[spring-webmvc-7.0.7.jar:7.0.7]
	at org.springframework.web.servlet.FrameworkServlet.doGet(FrameworkServlet.java:892) ~[spring-webmvc-7.0.7.jar:7.0.7]
	at jakarta.servlet.http.HttpServlet.service(HttpServlet.java:622) ~[tomcat-embed-core-11.0.21.jar:6.1]
	at org.springframework.web.servlet.FrameworkServlet.service(FrameworkServlet.java:874) ~[spring-webmvc-7.0.7.jar:7.0.7]
	at jakarta.servlet.http.HttpServlet.service(HttpServlet.java:710) ~[tomcat-embed-core-11.0.21.jar:6.1]
	at org.apache.catalina.core.ApplicationFilterChain.doFilter(ApplicationFilterChain.java:128) ~[tomcat-embed-core-11.0.21.jar:11.0.21]
	at org.apache.tomcat.websocket.server.WsFilter.doFilter(WsFilter.java:53) ~[tomcat-embed-websocket-11.0.21.jar:11.0.21]
	at org.apache.catalina.core.ApplicationFilterChain.doFilter(ApplicationFilterChain.java:107) ~[tomcat-embed-core-11.0.21.jar:11.0.21]
	at org.springframework.web.filter.RequestContextFilter.doFilterInternal(RequestContextFilter.java:100) ~[spring-web-7.0.7.jar:7.0.7]
	at org.springframework.web.filter.OncePerRequestFilter.doFilter(OncePerRequestFilter.java:116) ~[spring-web-7.0.7.jar:7.0.7]
	at org.apache.catalina.core.ApplicationFilterChain.doFilter(ApplicationFilterChain.java:107) ~[tomcat-embed-core-11.0.21.jar:11.0.21]
	at org.springframework.web.filter.FormContentFilter.doFilterInternal(FormContentFilter.java:93) ~[spring-web-7.0.7.jar:7.0.7]
	at org.springframework.web.filter.OncePerRequestFilter.doFilter(OncePerRequestFilter.java:116) ~[spring-web-7.0.7.jar:7.0.7]
	at org.apache.catalina.core.ApplicationFilterChain.doFilter(ApplicationFilterChain.java:107) ~[tomcat-embed-core-11.0.21.jar:11.0.21]
	at org.springframework.web.filter.CharacterEncodingFilter.doFilterInternal(CharacterEncodingFilter.java:199) ~[spring-web-7.0.7.jar:7.0.7]
	at org.springframework.web.filter.OncePerRequestFilter.doFilter(OncePerRequestFilter.java:116) ~[spring-web-7.0.7.jar:7.0.7]
	at org.apache.catalina.core.ApplicationFilterChain.doFilter(ApplicationFilterChain.java:107) ~[tomcat-embed-core-11.0.21.jar:11.0.21]
	at org.apache.catalina.core.StandardWrapperValve.invoke(StandardWrapperValve.java:165) ~[tomcat-embed-core-11.0.21.jar:11.0.21]
	at org.apache.catalina.core.StandardContextValve.invoke(StandardContextValve.java:77) ~[tomcat-embed-core-11.0.21.jar:11.0.21]
	at org.apache.catalina.authenticator.AuthenticatorBase.invoke(AuthenticatorBase.java:492) ~[tomcat-embed-core-11.0.21.jar:11.0.21]
	at org.apache.catalina.core.StandardHostValve.invoke(StandardHostValve.java:113) ~[tomcat-embed-core-11.0.21.jar:11.0.21]
	at org.apache.catalina.valves.ErrorReportValve.invoke(ErrorReportValve.java:83) ~[tomcat-embed-core-11.0.21.jar:11.0.21]
	at org.apache.catalina.core.StandardEngineValve.invoke(StandardEngineValve.java:72) ~[tomcat-embed-core-11.0.21.jar:11.0.21]
	at org.apache.catalina.connector.CoyoteAdapter.service(CoyoteAdapter.java:341) ~[tomcat-embed-core-11.0.21.jar:11.0.21]
	at org.apache.coyote.http11.Http11Processor.service(Http11Processor.java:397) ~[tomcat-embed-core-11.0.21.jar:11.0.21]
	at org.apache.coyote.AbstractProcessorLight.process(AbstractProcessorLight.java:63) ~[tomcat-embed-core-11.0.21.jar:11.0.21]
	at org.apache.coyote.AbstractProtocol$ConnectionHandler.process(AbstractProtocol.java:903) ~[tomcat-embed-core-11.0.21.jar:11.0.21]
	at org.apache.tomcat.util.net.NioEndpoint$SocketProcessor.doRun(NioEndpoint.java:1801) ~[tomcat-embed-core-11.0.21.jar:11.0.21]
	at org.apache.tomcat.util.net.SocketProcessorBase.run(SocketProcessorBase.java:52) ~[tomcat-embed-core-11.0.21.jar:11.0.21]
	at org.apache.tomcat.util.threads.ThreadPoolExecutor.runWorker(ThreadPoolExecutor.java:946) ~[tomcat-embed-core-11.0.21.jar:11.0.21]
	at org.apache.tomcat.util.threads.ThreadPoolExecutor$Worker.run(ThreadPoolExecutor.java:480) ~[tomcat-embed-core-11.0.21.jar:11.0.21]
	at org.apache.tomcat.util.threads.TaskThread$WrappingRunnable.run(TaskThread.java:57) ~[tomcat-embed-core-11.0.21.jar:11.0.21]
	at java.base/java.lang.Thread.run(Thread.java:840) ~[na:na]
Caused by: org.apache.ibatis.binding.BindingException: Parameter 'txt_emp_name' not found. Available parameters are [sort, keyword, param3, param1, param2, order]
	at org.apache.ibatis.binding.MapperMethod$ParamMap.get(MapperMethod.java:210) ~[mybatis-3.5.19.jar:3.5.19]
	at org.apache.ibatis.scripting.xmltags.DynamicContext$ContextAccessor.getProperty(DynamicContext.java:119) ~[mybatis-3.5.19.jar:3.5.19]
	at org.apache.ibatis.ognl.OgnlRuntime.getProperty(OgnlRuntime.java:2352) ~[mybatis-3.5.19.jar:3.5.19]
	at org.apache.ibatis.ognl.ASTProperty.getValueBody(ASTProperty.java:95) ~[mybatis-3.5.19.jar:3.5.19]
	at org.apache.ibatis.ognl.SimpleNode.evaluateGetValueBody(SimpleNode.java:171) ~[mybatis-3.5.19.jar:3.5.19]
	at org.apache.ibatis.ognl.SimpleNode.getValue(SimpleNode.java:206) ~[mybatis-3.5.19.jar:3.5.19]
	at org.apache.ibatis.ognl.ASTNotEq.getValueBody(ASTNotEq.java:34) ~[mybatis-3.5.19.jar:3.5.19]
	at org.apache.ibatis.ognl.SimpleNode.evaluateGetValueBody(SimpleNode.java:171) ~[mybatis-3.5.19.jar:3.5.19]
	at org.apache.ibatis.ognl.SimpleNode.getValue(SimpleNode.java:206) ~[mybatis-3.5.19.jar:3.5.19]
	at org.apache.ibatis.ognl.ASTAnd.getValueBody(ASTAnd.java:45) ~[mybatis-3.5.19.jar:3.5.19]
	at org.apache.ibatis.ognl.SimpleNode.evaluateGetValueBody(SimpleNode.java:171) ~[mybatis-3.5.19.jar:3.5.19]
	at org.apache.ibatis.ognl.SimpleNode.getValue(SimpleNode.java:206) ~[mybatis-3.5.19.jar:3.5.19]
	at org.apache.ibatis.ognl.Ognl.getValue(Ognl.java:408) ~[mybatis-3.5.19.jar:3.5.19]
	at org.apache.ibatis.ognl.Ognl.getValue(Ognl.java:383) ~[mybatis-3.5.19.jar:3.5.19]
	at org.apache.ibatis.scripting.xmltags.OgnlCache.getValue(OgnlCache.java:47) ~[mybatis-3.5.19.jar:3.5.19]
	at org.apache.ibatis.scripting.xmltags.ExpressionEvaluator.evaluateBoolean(ExpressionEvaluator.java:34) ~[mybatis-3.5.19.jar:3.5.19]
	at org.apache.ibatis.scripting.xmltags.IfSqlNode.apply(IfSqlNode.java:33) ~[mybatis-3.5.19.jar:3.5.19]
	at org.apache.ibatis.scripting.xmltags.MixedSqlNode.lambda$apply$0(MixedSqlNode.java:32) ~[mybatis-3.5.19.jar:3.5.19]
	at java.base/java.util.ArrayList.forEach(ArrayList.java:1511) ~[na:na]
	at org.apache.ibatis.scripting.xmltags.MixedSqlNode.apply(MixedSqlNode.java:32) ~[mybatis-3.5.19.jar:3.5.19]
	at org.apache.ibatis.scripting.xmltags.TrimSqlNode.apply(TrimSqlNode.java:58) ~[mybatis-3.5.19.jar:3.5.19]
	at org.apache.ibatis.scripting.xmltags.MixedSqlNode.lambda$apply$0(MixedSqlNode.java:32) ~[mybatis-3.5.19.jar:3.5.19]
	at java.base/java.util.ArrayList.forEach(ArrayList.java:1511) ~[na:na]
	at org.apache.ibatis.scripting.xmltags.MixedSqlNode.apply(MixedSqlNode.java:32) ~[mybatis-3.5.19.jar:3.5.19]
	at org.apache.ibatis.scripting.xmltags.DynamicSqlSource.getBoundSql(DynamicSqlSource.java:39) ~[mybatis-3.5.19.jar:3.5.19]
	at org.apache.ibatis.mapping.MappedStatement.getBoundSql(MappedStatement.java:320) ~[mybatis-3.5.19.jar:3.5.19]
	at org.apache.ibatis.executor.CachingExecutor.query(CachingExecutor.java:88) ~[mybatis-3.5.19.jar:3.5.19]
	at org.apache.ibatis.session.defaults.DefaultSqlSession.selectList(DefaultSqlSession.java:154) ~[mybatis-3.5.19.jar:3.5.19]
	at org.apache.ibatis.session.defaults.DefaultSqlSession.selectList(DefaultSqlSession.java:147) ~[mybatis-3.5.19.jar:3.5.19]
	at org.apache.ibatis.session.defaults.DefaultSqlSession.selectList(DefaultSqlSession.java:142) ~[mybatis-3.5.19.jar:3.5.19]
	at jdk.internal.reflect.GeneratedMethodAccessor58.invoke(Unknown Source) ~[na:na]
	at java.base/jdk.internal.reflect.DelegatingMethodAccessorImpl.invoke(DelegatingMethodAccessorImpl.java:43) ~[na:na]
	at java.base/java.lang.reflect.Method.invoke(Method.java:569) ~[na:na]
	at org.mybatis.spring.SqlSessionTemplate$SqlSessionInterceptor.invoke(SqlSessionTemplate.java:348) ~[mybatis-spring-4.0.0.jar:4.0.0]
	... 61 common frames omitted

2026-06-15T10:53:49.676+09:00 ERROR 31684 --- [http-nio-8080-exec-4] o.a.c.c.C.[.[.[/].[dispatcherServlet]    : Servlet.service() for servlet [dispatcherServlet] in context with path [] threw exception [Request processing failed: org.mybatis.spring.MyBatisSystemException: 
### Error querying database.  Cause: org.apache.ibatis.binding.BindingException: Parameter 'txt_emp_name' not found. Available parameters are [sort, keyword, param3, param1, param2, order]
### Cause: org.apache.ibatis.binding.BindingException: Parameter 'txt_emp_name' not found. Available parameters are [sort, keyword, param3, param1, param2, order]] with root cause

org.apache.ibatis.binding.BindingException: Parameter 'txt_emp_name' not found. Available parameters are [sort, keyword, param3, param1, param2, order]
	at org.apache.ibatis.binding.MapperMethod$ParamMap.get(MapperMethod.java:210) ~[mybatis-3.5.19.jar:3.5.19]
	at org.apache.ibatis.scripting.xmltags.DynamicContext$ContextAccessor.getProperty(DynamicContext.java:119) ~[mybatis-3.5.19.jar:3.5.19]
	at org.apache.ibatis.ognl.OgnlRuntime.getProperty(OgnlRuntime.java:2352) ~[mybatis-3.5.19.jar:3.5.19]
	at org.apache.ibatis.ognl.ASTProperty.getValueBody(ASTProperty.java:95) ~[mybatis-3.5.19.jar:3.5.19]
	at org.apache.ibatis.ognl.SimpleNode.evaluateGetValueBody(SimpleNode.java:171) ~[mybatis-3.5.19.jar:3.5.19]
	at org.apache.ibatis.ognl.SimpleNode.getValue(SimpleNode.java:206) ~[mybatis-3.5.19.jar:3.5.19]
	at org.apache.ibatis.ognl.ASTNotEq.getValueBody(ASTNotEq.java:34) ~[mybatis-3.5.19.jar:3.5.19]
	at org.apache.ibatis.ognl.SimpleNode.evaluateGetValueBody(SimpleNode.java:171) ~[mybatis-3.5.19.jar:3.5.19]
	at org.apache.ibatis.ognl.SimpleNode.getValue(SimpleNode.java:206) ~[mybatis-3.5.19.jar:3.5.19]
	at org.apache.ibatis.ognl.ASTAnd.getValueBody(ASTAnd.java:45) ~[mybatis-3.5.19.jar:3.5.19]
	at org.apache.ibatis.ognl.SimpleNode.evaluateGetValueBody(SimpleNode.java:171) ~[mybatis-3.5.19.jar:3.5.19]
	at org.apache.ibatis.ognl.SimpleNode.getValue(SimpleNode.java:206) ~[mybatis-3.5.19.jar:3.5.19]
	at org.apache.ibatis.ognl.Ognl.getValue(Ognl.java:408) ~[mybatis-3.5.19.jar:3.5.19]
	at org.apache.ibatis.ognl.Ognl.getValue(Ognl.java:383) ~[mybatis-3.5.19.jar:3.5.19]
	at org.apache.ibatis.scripting.xmltags.OgnlCache.getValue(OgnlCache.java:47) ~[mybatis-3.5.19.jar:3.5.19]
	at org.apache.ibatis.scripting.xmltags.ExpressionEvaluator.evaluateBoolean(ExpressionEvaluator.java:34) ~[mybatis-3.5.19.jar:3.5.19]
	at org.apache.ibatis.scripting.xmltags.IfSqlNode.apply(IfSqlNode.java:33) ~[mybatis-3.5.19.jar:3.5.19]
	at org.apache.ibatis.scripting.xmltags.MixedSqlNode.lambda$apply$0(MixedSqlNode.java:32) ~[mybatis-3.5.19.jar:3.5.19]
	at java.base/java.util.ArrayList.forEach(ArrayList.java:1511) ~[na:na]
	at org.apache.ibatis.scripting.xmltags.MixedSqlNode.apply(MixedSqlNode.java:32) ~[mybatis-3.5.19.jar:3.5.19]
	at org.apache.ibatis.scripting.xmltags.TrimSqlNode.apply(TrimSqlNode.java:58) ~[mybatis-3.5.19.jar:3.5.19]
	at org.apache.ibatis.scripting.xmltags.MixedSqlNode.lambda$apply$0(MixedSqlNode.java:32) ~[mybatis-3.5.19.jar:3.5.19]
	at java.base/java.util.ArrayList.forEach(ArrayList.java:1511) ~[na:na]
	at org.apache.ibatis.scripting.xmltags.MixedSqlNode.apply(MixedSqlNode.java:32) ~[mybatis-3.5.19.jar:3.5.19]
	at org.apache.ibatis.scripting.xmltags.DynamicSqlSource.getBoundSql(DynamicSqlSource.java:39) ~[mybatis-3.5.19.jar:3.5.19]
	at org.apache.ibatis.mapping.MappedStatement.getBoundSql(MappedStatement.java:320) ~[mybatis-3.5.19.jar:3.5.19]
	at org.apache.ibatis.executor.CachingExecutor.query(CachingExecutor.java:88) ~[mybatis-3.5.19.jar:3.5.19]
	at org.apache.ibatis.session.defaults.DefaultSqlSession.selectList(DefaultSqlSession.java:154) ~[mybatis-3.5.19.jar:3.5.19]
	at org.apache.ibatis.session.defaults.DefaultSqlSession.selectList(DefaultSqlSession.java:147) ~[mybatis-3.5.19.jar:3.5.19]
	at org.apache.ibatis.session.defaults.DefaultSqlSession.selectList(DefaultSqlSession.java:142) ~[mybatis-3.5.19.jar:3.5.19]
	at jdk.internal.reflect.GeneratedMethodAccessor58.invoke(Unknown Source) ~[na:na]
	at java.base/jdk.internal.reflect.DelegatingMethodAccessorImpl.invoke(DelegatingMethodAccessorImpl.java:43) ~[na:na]
	at java.base/java.lang.reflect.Method.invoke(Method.java:569) ~[na:na]
	at org.mybatis.spring.SqlSessionTemplate$SqlSessionInterceptor.invoke(SqlSessionTemplate.java:348) ~[mybatis-spring-4.0.0.jar:4.0.0]
	at jdk.proxy2/jdk.proxy2.$Proxy71.selectList(Unknown Source) ~[na:na]
	at org.mybatis.spring.SqlSessionTemplate.selectList(SqlSessionTemplate.java:209) ~[mybatis-spring-4.0.0.jar:4.0.0]
	at org.apache.ibatis.binding.MapperMethod.executeForMany(MapperMethod.java:147) ~[mybatis-3.5.19.jar:3.5.19]
	at org.apache.ibatis.binding.MapperMethod.execute(MapperMethod.java:80) ~[mybatis-3.5.19.jar:3.5.19]
	at org.apache.ibatis.binding.MapperProxy$PlainMethodInvoker.invoke(MapperProxy.java:141) ~[mybatis-3.5.19.jar:3.5.19]
	at org.apache.ibatis.binding.MapperProxy.invoke(MapperProxy.java:86) ~[mybatis-3.5.19.jar:3.5.19]
	at jdk.proxy6/jdk.proxy6.$Proxy103.findAll(Unknown Source) ~[na:na]
	at com.assignhub.service.EmployeeService.findAll(EmployeeService.java:43) ~[classes/:na]
	at java.base/jdk.internal.reflect.NativeMethodAccessorImpl.invoke0(Native Method) ~[na:na]
	at java.base/jdk.internal.reflect.NativeMethodAccessorImpl.invoke(NativeMethodAccessorImpl.java:77) ~[na:na]
	at java.base/jdk.internal.reflect.DelegatingMethodAccessorImpl.invoke(DelegatingMethodAccessorImpl.java:43) ~[na:na]
	at java.base/java.lang.reflect.Method.invoke(Method.java:569) ~[na:na]
	at org.springframework.aop.support.AopUtils.invokeJoinpointUsingReflection(AopUtils.java:359) ~[spring-aop-7.0.7.jar:7.0.7]
	at org.springframework.aop.framework.CglibAopProxy$DynamicAdvisedInterceptor.intercept(CglibAopProxy.java:715) ~[spring-aop-7.0.7.jar:7.0.7]
	at com.assignhub.service.EmployeeService$$SpringCGLIB$$0.findAll(<generated>) ~[classes/:na]
	at com.assignhub.controller.EmployeeController.index(EmployeeController.java:52) ~[classes/:na]
	at java.base/jdk.internal.reflect.NativeMethodAccessorImpl.invoke0(Native Method) ~[na:na]
	at java.base/jdk.internal.reflect.NativeMethodAccessorImpl.invoke(NativeMethodAccessorImpl.java:77) ~[na:na]
	at java.base/jdk.internal.reflect.DelegatingMethodAccessorImpl.invoke(DelegatingMethodAccessorImpl.java:43) ~[na:na]
	at java.base/java.lang.reflect.Method.invoke(Method.java:569) ~[na:na]
	at org.springframework.web.method.support.InvocableHandlerMethod.doInvoke(InvocableHandlerMethod.java:252) ~[spring-web-7.0.7.jar:7.0.7]
	at org.springframework.web.method.support.InvocableHandlerMethod.invokeForRequest(InvocableHandlerMethod.java:184) ~[spring-web-7.0.7.jar:7.0.7]
	at org.springframework.web.servlet.mvc.method.annotation.ServletInvocableHandlerMethod.invokeAndHandle(ServletInvocableHandlerMethod.java:117) ~[spring-webmvc-7.0.7.jar:7.0.7]
	at org.springframework.web.servlet.mvc.method.annotation.RequestMappingHandlerAdapter.invokeHandlerMethod(RequestMappingHandlerAdapter.java:934) ~[spring-webmvc-7.0.7.jar:7.0.7]
	at org.springframework.web.servlet.mvc.method.annotation.RequestMappingHandlerAdapter.handleInternal(RequestMappingHandlerAdapter.java:853) ~[spring-webmvc-7.0.7.jar:7.0.7]
	at org.springframework.web.servlet.mvc.method.AbstractHandlerMethodAdapter.handle(AbstractHandlerMethodAdapter.java:86) ~[spring-webmvc-7.0.7.jar:7.0.7]
	at org.springframework.web.servlet.DispatcherServlet.doDispatch(DispatcherServlet.java:963) ~[spring-webmvc-7.0.7.jar:7.0.7]
	at org.springframework.web.servlet.DispatcherServlet.doService(DispatcherServlet.java:866) ~[spring-webmvc-7.0.7.jar:7.0.7]
	at org.springframework.web.servlet.FrameworkServlet.processRequest(FrameworkServlet.java:1000) ~[spring-webmvc-7.0.7.jar:7.0.7]
	at org.springframework.web.servlet.FrameworkServlet.doGet(FrameworkServlet.java:892) ~[spring-webmvc-7.0.7.jar:7.0.7]
	at jakarta.servlet.http.HttpServlet.service(HttpServlet.java:622) ~[tomcat-embed-core-11.0.21.jar:6.1]
	at org.springframework.web.servlet.FrameworkServlet.service(FrameworkServlet.java:874) ~[spring-webmvc-7.0.7.jar:7.0.7]
	at jakarta.servlet.http.HttpServlet.service(HttpServlet.java:710) ~[tomcat-embed-core-11.0.21.jar:6.1]
	at org.apache.catalina.core.ApplicationFilterChain.doFilter(ApplicationFilterChain.java:128) ~[tomcat-embed-core-11.0.21.jar:11.0.21]
	at org.apache.tomcat.websocket.server.WsFilter.doFilter(WsFilter.java:53) ~[tomcat-embed-websocket-11.0.21.jar:11.0.21]
	at org.apache.catalina.core.ApplicationFilterChain.doFilter(ApplicationFilterChain.java:107) ~[tomcat-embed-core-11.0.21.jar:11.0.21]
	at org.springframework.web.filter.RequestContextFilter.doFilterInternal(RequestContextFilter.java:100) ~[spring-web-7.0.7.jar:7.0.7]
	at org.springframework.web.filter.OncePerRequestFilter.doFilter(OncePerRequestFilter.java:116) ~[spring-web-7.0.7.jar:7.0.7]
	at org.apache.catalina.core.ApplicationFilterChain.doFilter(ApplicationFilterChain.java:107) ~[tomcat-embed-core-11.0.21.jar:11.0.21]
	at org.springframework.web.filter.FormContentFilter.doFilterInternal(FormContentFilter.java:93) ~[spring-web-7.0.7.jar:7.0.7]
	at org.springframework.web.filter.OncePerRequestFilter.doFilter(OncePerRequestFilter.java:116) ~[spring-web-7.0.7.jar:7.0.7]
	at org.apache.catalina.core.ApplicationFilterChain.doFilter(ApplicationFilterChain.java:107) ~[tomcat-embed-core-11.0.21.jar:11.0.21]
	at org.springframework.web.filter.CharacterEncodingFilter.doFilterInternal(CharacterEncodingFilter.java:199) ~[spring-web-7.0.7.jar:7.0.7]
	at org.springframework.web.filter.OncePerRequestFilter.doFilter(OncePerRequestFilter.java:116) ~[spring-web-7.0.7.jar:7.0.7]
	at org.apache.catalina.core.ApplicationFilterChain.doFilter(ApplicationFilterChain.java:107) ~[tomcat-embed-core-11.0.21.jar:11.0.21]
	at org.apache.catalina.core.StandardWrapperValve.invoke(StandardWrapperValve.java:165) ~[tomcat-embed-core-11.0.21.jar:11.0.21]
	at org.apache.catalina.core.StandardContextValve.invoke(StandardContextValve.java:77) ~[tomcat-embed-core-11.0.21.jar:11.0.21]
	at org.apache.catalina.authenticator.AuthenticatorBase.invoke(AuthenticatorBase.java:492) ~[tomcat-embed-core-11.0.21.jar:11.0.21]
	at org.apache.catalina.core.StandardHostValve.invoke(StandardHostValve.java:113) ~[tomcat-embed-core-11.0.21.jar:11.0.21]
	at org.apache.catalina.valves.ErrorReportValve.invoke(ErrorReportValve.java:83) ~[tomcat-embed-core-11.0.21.jar:11.0.21]
	at org.apache.catalina.core.StandardEngineValve.invoke(StandardEngineValve.java:72) ~[tomcat-embed-core-11.0.21.jar:11.0.21]
	at org.apache.catalina.connector.CoyoteAdapter.service(CoyoteAdapter.java:341) ~[tomcat-embed-core-11.0.21.jar:11.0.21]
	at org.apache.coyote.http11.Http11Processor.service(Http11Processor.java:397) ~[tomcat-embed-core-11.0.21.jar:11.0.21]
	at org.apache.coyote.AbstractProcessorLight.process(AbstractProcessorLight.java:63) ~[tomcat-embed-core-11.0.21.jar:11.0.21]
	at org.apache.coyote.AbstractProtocol$ConnectionHandler.process(AbstractProtocol.java:903) ~[tomcat-embed-core-11.0.21.jar:11.0.21]
	at org.apache.tomcat.util.net.NioEndpoint$SocketProcessor.doRun(NioEndpoint.java:1801) ~[tomcat-embed-core-11.0.21.jar:11.0.21]
	at org.apache.tomcat.util.net.SocketProcessorBase.run(SocketProcessorBase.java:52) ~[tomcat-embed-core-11.0.21.jar:11.0.21]
	at org.apache.tomcat.util.threads.ThreadPoolExecutor.runWorker(ThreadPoolExecutor.java:946) ~[tomcat-embed-core-11.0.21.jar:11.0.21]
	at org.apache.tomcat.util.threads.ThreadPoolExecutor$Worker.run(ThreadPoolExecutor.java:480) ~[tomcat-embed-core-11.0.21.jar:11.0.21]
	at org.apache.tomcat.util.threads.TaskThread$WrappingRunnable.run(TaskThread.java:57) ~[tomcat-embed-core-11.0.21.jar:11.0.21]
	at java.base/java.lang.Thread.run(Thread.java:840) ~[na:na]

2026-06-15T10:54:06.939+09:00 ERROR 31684 --- [http-nio-8080-exec-10] c.a.controller.GlobalExceptionHandler    : 【システムエラー】予期せぬ例外が発生しました。

org.mybatis.spring.MyBatisSystemException: 
### Error querying database.  Cause: org.apache.ibatis.binding.BindingException: Parameter 'txt_emp_name' not found. Available parameters are [sort, keyword, param3, param1, param2, order]
### Cause: org.apache.ibatis.binding.BindingException: Parameter 'txt_emp_name' not found. Available parameters are [sort, keyword, param3, param1, param2, order]
	at org.mybatis.spring.MyBatisExceptionTranslator.translateExceptionIfPossible(MyBatisExceptionTranslator.java:101) ~[mybatis-spring-4.0.0.jar:4.0.0]
	at org.mybatis.spring.SqlSessionTemplate$SqlSessionInterceptor.invoke(SqlSessionTemplate.java:362) ~[mybatis-spring-4.0.0.jar:4.0.0]
	at jdk.proxy2/jdk.proxy2.$Proxy71.selectList(Unknown Source) ~[na:na]
	at org.mybatis.spring.SqlSessionTemplate.selectList(SqlSessionTemplate.java:209) ~[mybatis-spring-4.0.0.jar:4.0.0]
	at org.apache.ibatis.binding.MapperMethod.executeForMany(MapperMethod.java:147) ~[mybatis-3.5.19.jar:3.5.19]
	at org.apache.ibatis.binding.MapperMethod.execute(MapperMethod.java:80) ~[mybatis-3.5.19.jar:3.5.19]
	at org.apache.ibatis.binding.MapperProxy$PlainMethodInvoker.invoke(MapperProxy.java:141) ~[mybatis-3.5.19.jar:3.5.19]
	at org.apache.ibatis.binding.MapperProxy.invoke(MapperProxy.java:86) ~[mybatis-3.5.19.jar:3.5.19]
	at jdk.proxy6/jdk.proxy6.$Proxy103.findAll(Unknown Source) ~[na:na]
	at com.assignhub.service.EmployeeService.findAll(EmployeeService.java:43) ~[classes/:na]
	at java.base/jdk.internal.reflect.NativeMethodAccessorImpl.invoke0(Native Method) ~[na:na]
	at java.base/jdk.internal.reflect.NativeMethodAccessorImpl.invoke(NativeMethodAccessorImpl.java:77) ~[na:na]
	at java.base/jdk.internal.reflect.DelegatingMethodAccessorImpl.invoke(DelegatingMethodAccessorImpl.java:43) ~[na:na]
	at java.base/java.lang.reflect.Method.invoke(Method.java:569) ~[na:na]
	at org.springframework.aop.support.AopUtils.invokeJoinpointUsingReflection(AopUtils.java:359) ~[spring-aop-7.0.7.jar:7.0.7]
	at org.springframework.aop.framework.CglibAopProxy$DynamicAdvisedInterceptor.intercept(CglibAopProxy.java:715) ~[spring-aop-7.0.7.jar:7.0.7]
	at com.assignhub.service.EmployeeService$$SpringCGLIB$$0.findAll(<generated>) ~[classes/:na]
	at com.assignhub.controller.EmployeeController.index(EmployeeController.java:52) ~[classes/:na]
	at java.base/jdk.internal.reflect.NativeMethodAccessorImpl.invoke0(Native Method) ~[na:na]
	at java.base/jdk.internal.reflect.NativeMethodAccessorImpl.invoke(NativeMethodAccessorImpl.java:77) ~[na:na]
	at java.base/jdk.internal.reflect.DelegatingMethodAccessorImpl.invoke(DelegatingMethodAccessorImpl.java:43) ~[na:na]
	at java.base/java.lang.reflect.Method.invoke(Method.java:569) ~[na:na]
	at org.springframework.web.method.support.InvocableHandlerMethod.doInvoke(InvocableHandlerMethod.java:252) ~[spring-web-7.0.7.jar:7.0.7]
	at org.springframework.web.method.support.InvocableHandlerMethod.invokeForRequest(InvocableHandlerMethod.java:184) ~[spring-web-7.0.7.jar:7.0.7]
	at org.springframework.web.servlet.mvc.method.annotation.ServletInvocableHandlerMethod.invokeAndHandle(ServletInvocableHandlerMethod.java:117) ~[spring-webmvc-7.0.7.jar:7.0.7]
	at org.springframework.web.servlet.mvc.method.annotation.RequestMappingHandlerAdapter.invokeHandlerMethod(RequestMappingHandlerAdapter.java:934) ~[spring-webmvc-7.0.7.jar:7.0.7]
	at org.springframework.web.servlet.mvc.method.annotation.RequestMappingHandlerAdapter.handleInternal(RequestMappingHandlerAdapter.java:853) ~[spring-webmvc-7.0.7.jar:7.0.7]
	at org.springframework.web.servlet.mvc.method.AbstractHandlerMethodAdapter.handle(AbstractHandlerMethodAdapter.java:86) ~[spring-webmvc-7.0.7.jar:7.0.7]
	at org.springframework.web.servlet.DispatcherServlet.doDispatch(DispatcherServlet.java:963) ~[spring-webmvc-7.0.7.jar:7.0.7]
	at org.springframework.web.servlet.DispatcherServlet.doService(DispatcherServlet.java:866) ~[spring-webmvc-7.0.7.jar:7.0.7]
	at org.springframework.web.servlet.FrameworkServlet.processRequest(FrameworkServlet.java:1000) ~[spring-webmvc-7.0.7.jar:7.0.7]
	at org.springframework.web.servlet.FrameworkServlet.doGet(FrameworkServlet.java:892) ~[spring-webmvc-7.0.7.jar:7.0.7]
	at jakarta.servlet.http.HttpServlet.service(HttpServlet.java:622) ~[tomcat-embed-core-11.0.21.jar:6.1]
	at org.springframework.web.servlet.FrameworkServlet.service(FrameworkServlet.java:874) ~[spring-webmvc-7.0.7.jar:7.0.7]
	at jakarta.servlet.http.HttpServlet.service(HttpServlet.java:710) ~[tomcat-embed-core-11.0.21.jar:6.1]
	at org.apache.catalina.core.ApplicationFilterChain.doFilter(ApplicationFilterChain.java:128) ~[tomcat-embed-core-11.0.21.jar:11.0.21]
	at org.apache.tomcat.websocket.server.WsFilter.doFilter(WsFilter.java:53) ~[tomcat-embed-websocket-11.0.21.jar:11.0.21]
	at org.apache.catalina.core.ApplicationFilterChain.doFilter(ApplicationFilterChain.java:107) ~[tomcat-embed-core-11.0.21.jar:11.0.21]
	at org.springframework.web.filter.RequestContextFilter.doFilterInternal(RequestContextFilter.java:100) ~[spring-web-7.0.7.jar:7.0.7]
	at org.springframework.web.filter.OncePerRequestFilter.doFilter(OncePerRequestFilter.java:116) ~[spring-web-7.0.7.jar:7.0.7]
	at org.apache.catalina.core.ApplicationFilterChain.doFilter(ApplicationFilterChain.java:107) ~[tomcat-embed-core-11.0.21.jar:11.0.21]
	at org.springframework.web.filter.FormContentFilter.doFilterInternal(FormContentFilter.java:93) ~[spring-web-7.0.7.jar:7.0.7]
	at org.springframework.web.filter.OncePerRequestFilter.doFilter(OncePerRequestFilter.java:116) ~[spring-web-7.0.7.jar:7.0.7]
	at org.apache.catalina.core.ApplicationFilterChain.doFilter(ApplicationFilterChain.java:107) ~[tomcat-embed-core-11.0.21.jar:11.0.21]
	at org.springframework.web.filter.CharacterEncodingFilter.doFilterInternal(CharacterEncodingFilter.java:199) ~[spring-web-7.0.7.jar:7.0.7]
	at org.springframework.web.filter.OncePerRequestFilter.doFilter(OncePerRequestFilter.java:116) ~[spring-web-7.0.7.jar:7.0.7]
	at org.apache.catalina.core.ApplicationFilterChain.doFilter(ApplicationFilterChain.java:107) ~[tomcat-embed-core-11.0.21.jar:11.0.21]
	at org.apache.catalina.core.StandardWrapperValve.invoke(StandardWrapperValve.java:165) ~[tomcat-embed-core-11.0.21.jar:11.0.21]
	at org.apache.catalina.core.StandardContextValve.invoke(StandardContextValve.java:77) ~[tomcat-embed-core-11.0.21.jar:11.0.21]
	at org.apache.catalina.authenticator.AuthenticatorBase.invoke(AuthenticatorBase.java:492) ~[tomcat-embed-core-11.0.21.jar:11.0.21]
	at org.apache.catalina.core.StandardHostValve.invoke(StandardHostValve.java:113) ~[tomcat-embed-core-11.0.21.jar:11.0.21]
	at org.apache.catalina.valves.ErrorReportValve.invoke(ErrorReportValve.java:83) ~[tomcat-embed-core-11.0.21.jar:11.0.21]
	at org.apache.catalina.core.StandardEngineValve.invoke(StandardEngineValve.java:72) ~[tomcat-embed-core-11.0.21.jar:11.0.21]
	at org.apache.catalina.connector.CoyoteAdapter.service(CoyoteAdapter.java:341) ~[tomcat-embed-core-11.0.21.jar:11.0.21]
	at org.apache.coyote.http11.Http11Processor.service(Http11Processor.java:397) ~[tomcat-embed-core-11.0.21.jar:11.0.21]
	at org.apache.coyote.AbstractProcessorLight.process(AbstractProcessorLight.java:63) ~[tomcat-embed-core-11.0.21.jar:11.0.21]
	at org.apache.coyote.AbstractProtocol$ConnectionHandler.process(AbstractProtocol.java:903) ~[tomcat-embed-core-11.0.21.jar:11.0.21]
	at org.apache.tomcat.util.net.NioEndpoint$SocketProcessor.doRun(NioEndpoint.java:1801) ~[tomcat-embed-core-11.0.21.jar:11.0.21]
	at org.apache.tomcat.util.net.SocketProcessorBase.run(SocketProcessorBase.java:52) ~[tomcat-embed-core-11.0.21.jar:11.0.21]
	at org.apache.tomcat.util.threads.ThreadPoolExecutor.runWorker(ThreadPoolExecutor.java:946) ~[tomcat-embed-core-11.0.21.jar:11.0.21]
	at org.apache.tomcat.util.threads.ThreadPoolExecutor$Worker.run(ThreadPoolExecutor.java:480) ~[tomcat-embed-core-11.0.21.jar:11.0.21]
	at org.apache.tomcat.util.threads.TaskThread$WrappingRunnable.run(TaskThread.java:57) ~[tomcat-embed-core-11.0.21.jar:11.0.21]
	at java.base/java.lang.Thread.run(Thread.java:840) ~[na:na]
Caused by: org.apache.ibatis.binding.BindingException: Parameter 'txt_emp_name' not found. Available parameters are [sort, keyword, param3, param1, param2, order]
	at org.apache.ibatis.binding.MapperMethod$ParamMap.get(MapperMethod.java:210) ~[mybatis-3.5.19.jar:3.5.19]
	at org.apache.ibatis.scripting.xmltags.DynamicContext$ContextAccessor.getProperty(DynamicContext.java:119) ~[mybatis-3.5.19.jar:3.5.19]
	at org.apache.ibatis.ognl.OgnlRuntime.getProperty(OgnlRuntime.java:2352) ~[mybatis-3.5.19.jar:3.5.19]
	at org.apache.ibatis.ognl.ASTProperty.getValueBody(ASTProperty.java:95) ~[mybatis-3.5.19.jar:3.5.19]
	at org.apache.ibatis.ognl.SimpleNode.evaluateGetValueBody(SimpleNode.java:171) ~[mybatis-3.5.19.jar:3.5.19]
	at org.apache.ibatis.ognl.SimpleNode.getValue(SimpleNode.java:206) ~[mybatis-3.5.19.jar:3.5.19]
	at org.apache.ibatis.ognl.ASTNotEq.getValueBody(ASTNotEq.java:34) ~[mybatis-3.5.19.jar:3.5.19]
	at org.apache.ibatis.ognl.SimpleNode.evaluateGetValueBody(SimpleNode.java:171) ~[mybatis-3.5.19.jar:3.5.19]
	at org.apache.ibatis.ognl.SimpleNode.getValue(SimpleNode.java:206) ~[mybatis-3.5.19.jar:3.5.19]
	at org.apache.ibatis.ognl.ASTAnd.getValueBody(ASTAnd.java:45) ~[mybatis-3.5.19.jar:3.5.19]
	at org.apache.ibatis.ognl.SimpleNode.evaluateGetValueBody(SimpleNode.java:171) ~[mybatis-3.5.19.jar:3.5.19]
	at org.apache.ibatis.ognl.SimpleNode.getValue(SimpleNode.java:206) ~[mybatis-3.5.19.jar:3.5.19]
	at org.apache.ibatis.ognl.Ognl.getValue(Ognl.java:408) ~[mybatis-3.5.19.jar:3.5.19]
	at org.apache.ibatis.ognl.Ognl.getValue(Ognl.java:383) ~[mybatis-3.5.19.jar:3.5.19]
	at org.apache.ibatis.scripting.xmltags.OgnlCache.getValue(OgnlCache.java:47) ~[mybatis-3.5.19.jar:3.5.19]
	at org.apache.ibatis.scripting.xmltags.ExpressionEvaluator.evaluateBoolean(ExpressionEvaluator.java:34) ~[mybatis-3.5.19.jar:3.5.19]
	at org.apache.ibatis.scripting.xmltags.IfSqlNode.apply(IfSqlNode.java:33) ~[mybatis-3.5.19.jar:3.5.19]
	at org.apache.ibatis.scripting.xmltags.MixedSqlNode.lambda$apply$0(MixedSqlNode.java:32) ~[mybatis-3.5.19.jar:3.5.19]
	at java.base/java.util.ArrayList.forEach(ArrayList.java:1511) ~[na:na]
	at org.apache.ibatis.scripting.xmltags.MixedSqlNode.apply(MixedSqlNode.java:32) ~[mybatis-3.5.19.jar:3.5.19]
	at org.apache.ibatis.scripting.xmltags.TrimSqlNode.apply(TrimSqlNode.java:58) ~[mybatis-3.5.19.jar:3.5.19]
	at org.apache.ibatis.scripting.xmltags.MixedSqlNode.lambda$apply$0(MixedSqlNode.java:32) ~[mybatis-3.5.19.jar:3.5.19]
	at java.base/java.util.ArrayList.forEach(ArrayList.java:1511) ~[na:na]
	at org.apache.ibatis.scripting.xmltags.MixedSqlNode.apply(MixedSqlNode.java:32) ~[mybatis-3.5.19.jar:3.5.19]
	at org.apache.ibatis.scripting.xmltags.DynamicSqlSource.getBoundSql(DynamicSqlSource.java:39) ~[mybatis-3.5.19.jar:3.5.19]
	at org.apache.ibatis.mapping.MappedStatement.getBoundSql(MappedStatement.java:320) ~[mybatis-3.5.19.jar:3.5.19]
	at org.apache.ibatis.executor.CachingExecutor.query(CachingExecutor.java:88) ~[mybatis-3.5.19.jar:3.5.19]
	at org.apache.ibatis.session.defaults.DefaultSqlSession.selectList(DefaultSqlSession.java:154) ~[mybatis-3.5.19.jar:3.5.19]
	at org.apache.ibatis.session.defaults.DefaultSqlSession.selectList(DefaultSqlSession.java:147) ~[mybatis-3.5.19.jar:3.5.19]
	at org.apache.ibatis.session.defaults.DefaultSqlSession.selectList(DefaultSqlSession.java:142) ~[mybatis-3.5.19.jar:3.5.19]
	at jdk.internal.reflect.GeneratedMethodAccessor58.invoke(Unknown Source) ~[na:na]
	at java.base/jdk.internal.reflect.DelegatingMethodAccessorImpl.invoke(DelegatingMethodAccessorImpl.java:43) ~[na:na]
	at java.base/java.lang.reflect.Method.invoke(Method.java:569) ~[na:na]
	at org.mybatis.spring.SqlSessionTemplate$SqlSessionInterceptor.invoke(SqlSessionTemplate.java:348) ~[mybatis-spring-4.0.0.jar:4.0.0]
	... 61 common frames omitted

2026-06-15T10:54:06.941+09:00 ERROR 31684 --- [http-nio-8080-exec-10] o.a.c.c.C.[.[.[/].[dispatcherServlet]    : Servlet.service() for servlet [dispatcherServlet] in context with path [] threw exception [Request processing failed: org.mybatis.spring.MyBatisSystemException: 
### Error querying database.  Cause: org.apache.ibatis.binding.BindingException: Parameter 'txt_emp_name' not found. Available parameters are [sort, keyword, param3, param1, param2, order]
### Cause: org.apache.ibatis.binding.BindingException: Parameter 'txt_emp_name' not found. Available parameters are [sort, keyword, param3, param1, param2, order]] with root cause

org.apache.ibatis.binding.BindingException: Parameter 'txt_emp_name' not found. Available parameters are [sort, keyword, param3, param1, param2, order]
	at org.apache.ibatis.binding.MapperMethod$ParamMap.get(MapperMethod.java:210) ~[mybatis-3.5.19.jar:3.5.19]
	at org.apache.ibatis.scripting.xmltags.DynamicContext$ContextAccessor.getProperty(DynamicContext.java:119) ~[mybatis-3.5.19.jar:3.5.19]
	at org.apache.ibatis.ognl.OgnlRuntime.getProperty(OgnlRuntime.java:2352) ~[mybatis-3.5.19.jar:3.5.19]
	at org.apache.ibatis.ognl.ASTProperty.getValueBody(ASTProperty.java:95) ~[mybatis-3.5.19.jar:3.5.19]
	at org.apache.ibatis.ognl.SimpleNode.evaluateGetValueBody(SimpleNode.java:171) ~[mybatis-3.5.19.jar:3.5.19]
	at org.apache.ibatis.ognl.SimpleNode.getValue(SimpleNode.java:206) ~[mybatis-3.5.19.jar:3.5.19]
	at org.apache.ibatis.ognl.ASTNotEq.getValueBody(ASTNotEq.java:34) ~[mybatis-3.5.19.jar:3.5.19]
	at org.apache.ibatis.ognl.SimpleNode.evaluateGetValueBody(SimpleNode.java:171) ~[mybatis-3.5.19.jar:3.5.19]
	at org.apache.ibatis.ognl.SimpleNode.getValue(SimpleNode.java:206) ~[mybatis-3.5.19.jar:3.5.19]
	at org.apache.ibatis.ognl.ASTAnd.getValueBody(ASTAnd.java:45) ~[mybatis-3.5.19.jar:3.5.19]
	at org.apache.ibatis.ognl.SimpleNode.evaluateGetValueBody(SimpleNode.java:171) ~[mybatis-3.5.19.jar:3.5.19]
	at org.apache.ibatis.ognl.SimpleNode.getValue(SimpleNode.java:206) ~[mybatis-3.5.19.jar:3.5.19]
	at org.apache.ibatis.ognl.Ognl.getValue(Ognl.java:408) ~[mybatis-3.5.19.jar:3.5.19]
	at org.apache.ibatis.ognl.Ognl.getValue(Ognl.java:383) ~[mybatis-3.5.19.jar:3.5.19]
	at org.apache.ibatis.scripting.xmltags.OgnlCache.getValue(OgnlCache.java:47) ~[mybatis-3.5.19.jar:3.5.19]
	at org.apache.ibatis.scripting.xmltags.ExpressionEvaluator.evaluateBoolean(ExpressionEvaluator.java:34) ~[mybatis-3.5.19.jar:3.5.19]
	at org.apache.ibatis.scripting.xmltags.IfSqlNode.apply(IfSqlNode.java:33) ~[mybatis-3.5.19.jar:3.5.19]
	at org.apache.ibatis.scripting.xmltags.MixedSqlNode.lambda$apply$0(MixedSqlNode.java:32) ~[mybatis-3.5.19.jar:3.5.19]
	at java.base/java.util.ArrayList.forEach(ArrayList.java:1511) ~[na:na]
	at org.apache.ibatis.scripting.xmltags.MixedSqlNode.apply(MixedSqlNode.java:32) ~[mybatis-3.5.19.jar:3.5.19]
	at org.apache.ibatis.scripting.xmltags.TrimSqlNode.apply(TrimSqlNode.java:58) ~[mybatis-3.5.19.jar:3.5.19]
	at org.apache.ibatis.scripting.xmltags.MixedSqlNode.lambda$apply$0(MixedSqlNode.java:32) ~[mybatis-3.5.19.jar:3.5.19]
	at java.base/java.util.ArrayList.forEach(ArrayList.java:1511) ~[na:na]
	at org.apache.ibatis.scripting.xmltags.MixedSqlNode.apply(MixedSqlNode.java:32) ~[mybatis-3.5.19.jar:3.5.19]
	at org.apache.ibatis.scripting.xmltags.DynamicSqlSource.getBoundSql(DynamicSqlSource.java:39) ~[mybatis-3.5.19.jar:3.5.19]
	at org.apache.ibatis.mapping.MappedStatement.getBoundSql(MappedStatement.java:320) ~[mybatis-3.5.19.jar:3.5.19]
	at org.apache.ibatis.executor.CachingExecutor.query(CachingExecutor.java:88) ~[mybatis-3.5.19.jar:3.5.19]
	at org.apache.ibatis.session.defaults.DefaultSqlSession.selectList(DefaultSqlSession.java:154) ~[mybatis-3.5.19.jar:3.5.19]
	at org.apache.ibatis.session.defaults.DefaultSqlSession.selectList(DefaultSqlSession.java:147) ~[mybatis-3.5.19.jar:3.5.19]
	at org.apache.ibatis.session.defaults.DefaultSqlSession.selectList(DefaultSqlSession.java:142) ~[mybatis-3.5.19.jar:3.5.19]
	at jdk.internal.reflect.GeneratedMethodAccessor58.invoke(Unknown Source) ~[na:na]
	at java.base/jdk.internal.reflect.DelegatingMethodAccessorImpl.invoke(DelegatingMethodAccessorImpl.java:43) ~[na:na]
	at java.base/java.lang.reflect.Method.invoke(Method.java:569) ~[na:na]
	at org.mybatis.spring.SqlSessionTemplate$SqlSessionInterceptor.invoke(SqlSessionTemplate.java:348) ~[mybatis-spring-4.0.0.jar:4.0.0]
	at jdk.proxy2/jdk.proxy2.$Proxy71.selectList(Unknown Source) ~[na:na]
	at org.mybatis.spring.SqlSessionTemplate.selectList(SqlSessionTemplate.java:209) ~[mybatis-spring-4.0.0.jar:4.0.0]
	at org.apache.ibatis.binding.MapperMethod.executeForMany(MapperMethod.java:147) ~[mybatis-3.5.19.jar:3.5.19]
	at org.apache.ibatis.binding.MapperMethod.execute(MapperMethod.java:80) ~[mybatis-3.5.19.jar:3.5.19]
	at org.apache.ibatis.binding.MapperProxy$PlainMethodInvoker.invoke(MapperProxy.java:141) ~[mybatis-3.5.19.jar:3.5.19]
	at org.apache.ibatis.binding.MapperProxy.invoke(MapperProxy.java:86) ~[mybatis-3.5.19.jar:3.5.19]
	at jdk.proxy6/jdk.proxy6.$Proxy103.findAll(Unknown Source) ~[na:na]
	at com.assignhub.service.EmployeeService.findAll(EmployeeService.java:43) ~[classes/:na]
	at java.base/jdk.internal.reflect.NativeMethodAccessorImpl.invoke0(Native Method) ~[na:na]
	at java.base/jdk.internal.reflect.NativeMethodAccessorImpl.invoke(NativeMethodAccessorImpl.java:77) ~[na:na]
	at java.base/jdk.internal.reflect.DelegatingMethodAccessorImpl.invoke(DelegatingMethodAccessorImpl.java:43) ~[na:na]
	at java.base/java.lang.reflect.Method.invoke(Method.java:569) ~[na:na]
	at org.springframework.aop.support.AopUtils.invokeJoinpointUsingReflection(AopUtils.java:359) ~[spring-aop-7.0.7.jar:7.0.7]
	at org.springframework.aop.framework.CglibAopProxy$DynamicAdvisedInterceptor.intercept(CglibAopProxy.java:715) ~[spring-aop-7.0.7.jar:7.0.7]
	at com.assignhub.service.EmployeeService$$SpringCGLIB$$0.findAll(<generated>) ~[classes/:na]
	at com.assignhub.controller.EmployeeController.index(EmployeeController.java:52) ~[classes/:na]
	at java.base/jdk.internal.reflect.NativeMethodAccessorImpl.invoke0(Native Method) ~[na:na]
	at java.base/jdk.internal.reflect.NativeMethodAccessorImpl.invoke(NativeMethodAccessorImpl.java:77) ~[na:na]
	at java.base/jdk.internal.reflect.DelegatingMethodAccessorImpl.invoke(DelegatingMethodAccessorImpl.java:43) ~[na:na]
	at java.base/java.lang.reflect.Method.invoke(Method.java:569) ~[na:na]
	at org.springframework.web.method.support.InvocableHandlerMethod.doInvoke(InvocableHandlerMethod.java:252) ~[spring-web-7.0.7.jar:7.0.7]
	at org.springframework.web.method.support.InvocableHandlerMethod.invokeForRequest(InvocableHandlerMethod.java:184) ~[spring-web-7.0.7.jar:7.0.7]
	at org.springframework.web.servlet.mvc.method.annotation.ServletInvocableHandlerMethod.invokeAndHandle(ServletInvocableHandlerMethod.java:117) ~[spring-webmvc-7.0.7.jar:7.0.7]
	at org.springframework.web.servlet.mvc.method.annotation.RequestMappingHandlerAdapter.invokeHandlerMethod(RequestMappingHandlerAdapter.java:934) ~[spring-webmvc-7.0.7.jar:7.0.7]
	at org.springframework.web.servlet.mvc.method.annotation.RequestMappingHandlerAdapter.handleInternal(RequestMappingHandlerAdapter.java:853) ~[spring-webmvc-7.0.7.jar:7.0.7]
	at org.springframework.web.servlet.mvc.method.AbstractHandlerMethodAdapter.handle(AbstractHandlerMethodAdapter.java:86) ~[spring-webmvc-7.0.7.jar:7.0.7]
	at org.springframework.web.servlet.DispatcherServlet.doDispatch(DispatcherServlet.java:963) ~[spring-webmvc-7.0.7.jar:7.0.7]
	at org.springframework.web.servlet.DispatcherServlet.doService(DispatcherServlet.java:866) ~[spring-webmvc-7.0.7.jar:7.0.7]
	at org.springframework.web.servlet.FrameworkServlet.processRequest(FrameworkServlet.java:1000) ~[spring-webmvc-7.0.7.jar:7.0.7]
	at org.springframework.web.servlet.FrameworkServlet.doGet(FrameworkServlet.java:892) ~[spring-webmvc-7.0.7.jar:7.0.7]
	at jakarta.servlet.http.HttpServlet.service(HttpServlet.java:622) ~[tomcat-embed-core-11.0.21.jar:6.1]
	at org.springframework.web.servlet.FrameworkServlet.service(FrameworkServlet.java:874) ~[spring-webmvc-7.0.7.jar:7.0.7]
	at jakarta.servlet.http.HttpServlet.service(HttpServlet.java:710) ~[tomcat-embed-core-11.0.21.jar:6.1]
	at org.apache.catalina.core.ApplicationFilterChain.doFilter(ApplicationFilterChain.java:128) ~[tomcat-embed-core-11.0.21.jar:11.0.21]
	at org.apache.tomcat.websocket.server.WsFilter.doFilter(WsFilter.java:53) ~[tomcat-embed-websocket-11.0.21.jar:11.0.21]
	at org.apache.catalina.core.ApplicationFilterChain.doFilter(ApplicationFilterChain.java:107) ~[tomcat-embed-core-11.0.21.jar:11.0.21]
	at org.springframework.web.filter.RequestContextFilter.doFilterInternal(RequestContextFilter.java:100) ~[spring-web-7.0.7.jar:7.0.7]
	at org.springframework.web.filter.OncePerRequestFilter.doFilter(OncePerRequestFilter.java:116) ~[spring-web-7.0.7.jar:7.0.7]
	at org.apache.catalina.core.ApplicationFilterChain.doFilter(ApplicationFilterChain.java:107) ~[tomcat-embed-core-11.0.21.jar:11.0.21]
	at org.springframework.web.filter.FormContentFilter.doFilterInternal(FormContentFilter.java:93) ~[spring-web-7.0.7.jar:7.0.7]
	at org.springframework.web.filter.OncePerRequestFilter.doFilter(OncePerRequestFilter.java:116) ~[spring-web-7.0.7.jar:7.0.7]
	at org.apache.catalina.core.ApplicationFilterChain.doFilter(ApplicationFilterChain.java:107) ~[tomcat-embed-core-11.0.21.jar:11.0.21]
	at org.springframework.web.filter.CharacterEncodingFilter.doFilterInternal(CharacterEncodingFilter.java:199) ~[spring-web-7.0.7.jar:7.0.7]
	at org.springframework.web.filter.OncePerRequestFilter.doFilter(OncePerRequestFilter.java:116) ~[spring-web-7.0.7.jar:7.0.7]
	at org.apache.catalina.core.ApplicationFilterChain.doFilter(ApplicationFilterChain.java:107) ~[tomcat-embed-core-11.0.21.jar:11.0.21]
	at org.apache.catalina.core.StandardWrapperValve.invoke(StandardWrapperValve.java:165) ~[tomcat-embed-core-11.0.21.jar:11.0.21]
	at org.apache.catalina.core.StandardContextValve.invoke(StandardContextValve.java:77) ~[tomcat-embed-core-11.0.21.jar:11.0.21]
	at org.apache.catalina.authenticator.AuthenticatorBase.invoke(AuthenticatorBase.java:492) ~[tomcat-embed-core-11.0.21.jar:11.0.21]
	at org.apache.catalina.core.StandardHostValve.invoke(StandardHostValve.java:113) ~[tomcat-embed-core-11.0.21.jar:11.0.21]
	at org.apache.catalina.valves.ErrorReportValve.invoke(ErrorReportValve.java:83) ~[tomcat-embed-core-11.0.21.jar:11.0.21]
	at org.apache.catalina.core.StandardEngineValve.invoke(StandardEngineValve.java:72) ~[tomcat-embed-core-11.0.21.jar:11.0.21]
	at org.apache.catalina.connector.CoyoteAdapter.service(CoyoteAdapter.java:341) ~[tomcat-embed-core-11.0.21.jar:11.0.21]
	at org.apache.coyote.http11.Http11Processor.service(Http11Processor.java:397) ~[tomcat-embed-core-11.0.21.jar:11.0.21]
	at org.apache.coyote.AbstractProcessorLight.process(AbstractProcessorLight.java:63) ~[tomcat-embed-core-11.0.21.jar:11.0.21]
	at org.apache.coyote.AbstractProtocol$ConnectionHandler.process(AbstractProtocol.java:903) ~[tomcat-embed-core-11.0.21.jar:11.0.21]
	at org.apache.tomcat.util.net.NioEndpoint$SocketProcessor.doRun(NioEndpoint.java:1801) ~[tomcat-embed-core-11.0.21.jar:11.0.21]
	at org.apache.tomcat.util.net.SocketProcessorBase.run(SocketProcessorBase.java:52) ~[tomcat-embed-core-11.0.21.jar:11.0.21]
	at org.apache.tomcat.util.threads.ThreadPoolExecutor.runWorker(ThreadPoolExecutor.java:946) ~[tomcat-embed-core-11.0.21.jar:11.0.21]
	at org.apache.tomcat.util.threads.ThreadPoolExecutor$Worker.run(ThreadPoolExecutor.java:480) ~[tomcat-embed-core-11.0.21.jar:11.0.21]
	at org.apache.tomcat.util.threads.TaskThread$WrappingRunnable.run(TaskThread.java:57) ~[tomcat-embed-core-11.0.21.jar:11.0.21]
	at java.base/java.lang.Thread.run(Thread.java:840) ~[na:na]

2026-06-15T10:56:24.127+09:00 ERROR 31684 --- [http-nio-8080-exec-5] c.a.controller.GlobalExceptionHandler    : 【システムエラー】予期せぬ例外が発生しました。

org.mybatis.spring.MyBatisSystemException: 
### Error querying database.  Cause: org.apache.ibatis.binding.BindingException: Parameter 'txt_emp_name' not found. Available parameters are [sort, keyword, param3, param1, param2, order]
### Cause: org.apache.ibatis.binding.BindingException: Parameter 'txt_emp_name' not found. Available parameters are [sort, keyword, param3, param1, param2, order]
	at org.mybatis.spring.MyBatisExceptionTranslator.translateExceptionIfPossible(MyBatisExceptionTranslator.java:101) ~[mybatis-spring-4.0.0.jar:4.0.0]
	at org.mybatis.spring.SqlSessionTemplate$SqlSessionInterceptor.invoke(SqlSessionTemplate.java:362) ~[mybatis-spring-4.0.0.jar:4.0.0]
	at jdk.proxy2/jdk.proxy2.$Proxy71.selectList(Unknown Source) ~[na:na]
	at org.mybatis.spring.SqlSessionTemplate.selectList(SqlSessionTemplate.java:209) ~[mybatis-spring-4.0.0.jar:4.0.0]
	at org.apache.ibatis.binding.MapperMethod.executeForMany(MapperMethod.java:147) ~[mybatis-3.5.19.jar:3.5.19]
	at org.apache.ibatis.binding.MapperMethod.execute(MapperMethod.java:80) ~[mybatis-3.5.19.jar:3.5.19]
	at org.apache.ibatis.binding.MapperProxy$PlainMethodInvoker.invoke(MapperProxy.java:141) ~[mybatis-3.5.19.jar:3.5.19]
	at org.apache.ibatis.binding.MapperProxy.invoke(MapperProxy.java:86) ~[mybatis-3.5.19.jar:3.5.19]
	at jdk.proxy6/jdk.proxy6.$Proxy103.findAll(Unknown Source) ~[na:na]
	at com.assignhub.service.EmployeeService.findAll(EmployeeService.java:43) ~[classes/:na]
	at java.base/jdk.internal.reflect.NativeMethodAccessorImpl.invoke0(Native Method) ~[na:na]
	at java.base/jdk.internal.reflect.NativeMethodAccessorImpl.invoke(NativeMethodAccessorImpl.java:77) ~[na:na]
	at java.base/jdk.internal.reflect.DelegatingMethodAccessorImpl.invoke(DelegatingMethodAccessorImpl.java:43) ~[na:na]
	at java.base/java.lang.reflect.Method.invoke(Method.java:569) ~[na:na]
	at org.springframework.aop.support.AopUtils.invokeJoinpointUsingReflection(AopUtils.java:359) ~[spring-aop-7.0.7.jar:7.0.7]
	at org.springframework.aop.framework.CglibAopProxy$DynamicAdvisedInterceptor.intercept(CglibAopProxy.java:715) ~[spring-aop-7.0.7.jar:7.0.7]
	at com.assignhub.service.EmployeeService$$SpringCGLIB$$0.findAll(<generated>) ~[classes/:na]
	at com.assignhub.controller.EmployeeController.index(EmployeeController.java:52) ~[classes/:na]
	at java.base/jdk.internal.reflect.NativeMethodAccessorImpl.invoke0(Native Method) ~[na:na]
	at java.base/jdk.internal.reflect.NativeMethodAccessorImpl.invoke(NativeMethodAccessorImpl.java:77) ~[na:na]
	at java.base/jdk.internal.reflect.DelegatingMethodAccessorImpl.invoke(DelegatingMethodAccessorImpl.java:43) ~[na:na]
	at java.base/java.lang.reflect.Method.invoke(Method.java:569) ~[na:na]
	at org.springframework.web.method.support.InvocableHandlerMethod.doInvoke(InvocableHandlerMethod.java:252) ~[spring-web-7.0.7.jar:7.0.7]
	at org.springframework.web.method.support.InvocableHandlerMethod.invokeForRequest(InvocableHandlerMethod.java:184) ~[spring-web-7.0.7.jar:7.0.7]
	at org.springframework.web.servlet.mvc.method.annotation.ServletInvocableHandlerMethod.invokeAndHandle(ServletInvocableHandlerMethod.java:117) ~[spring-webmvc-7.0.7.jar:7.0.7]
	at org.springframework.web.servlet.mvc.method.annotation.RequestMappingHandlerAdapter.invokeHandlerMethod(RequestMappingHandlerAdapter.java:934) ~[spring-webmvc-7.0.7.jar:7.0.7]
	at org.springframework.web.servlet.mvc.method.annotation.RequestMappingHandlerAdapter.handleInternal(RequestMappingHandlerAdapter.java:853) ~[spring-webmvc-7.0.7.jar:7.0.7]
	at org.springframework.web.servlet.mvc.method.AbstractHandlerMethodAdapter.handle(AbstractHandlerMethodAdapter.java:86) ~[spring-webmvc-7.0.7.jar:7.0.7]
	at org.springframework.web.servlet.DispatcherServlet.doDispatch(DispatcherServlet.java:963) ~[spring-webmvc-7.0.7.jar:7.0.7]
	at org.springframework.web.servlet.DispatcherServlet.doService(DispatcherServlet.java:866) ~[spring-webmvc-7.0.7.jar:7.0.7]
	at org.springframework.web.servlet.FrameworkServlet.processRequest(FrameworkServlet.java:1000) ~[spring-webmvc-7.0.7.jar:7.0.7]
	at org.springframework.web.servlet.FrameworkServlet.doGet(FrameworkServlet.java:892) ~[spring-webmvc-7.0.7.jar:7.0.7]
	at jakarta.servlet.http.HttpServlet.service(HttpServlet.java:622) ~[tomcat-embed-core-11.0.21.jar:6.1]
	at org.springframework.web.servlet.FrameworkServlet.service(FrameworkServlet.java:874) ~[spring-webmvc-7.0.7.jar:7.0.7]
	at jakarta.servlet.http.HttpServlet.service(HttpServlet.java:710) ~[tomcat-embed-core-11.0.21.jar:6.1]
	at org.apache.catalina.core.ApplicationFilterChain.doFilter(ApplicationFilterChain.java:128) ~[tomcat-embed-core-11.0.21.jar:11.0.21]
	at org.apache.tomcat.websocket.server.WsFilter.doFilter(WsFilter.java:53) ~[tomcat-embed-websocket-11.0.21.jar:11.0.21]
	at org.apache.catalina.core.ApplicationFilterChain.doFilter(ApplicationFilterChain.java:107) ~[tomcat-embed-core-11.0.21.jar:11.0.21]
	at org.springframework.web.filter.RequestContextFilter.doFilterInternal(RequestContextFilter.java:100) ~[spring-web-7.0.7.jar:7.0.7]
	at org.springframework.web.filter.OncePerRequestFilter.doFilter(OncePerRequestFilter.java:116) ~[spring-web-7.0.7.jar:7.0.7]
	at org.apache.catalina.core.ApplicationFilterChain.doFilter(ApplicationFilterChain.java:107) ~[tomcat-embed-core-11.0.21.jar:11.0.21]
	at org.springframework.web.filter.FormContentFilter.doFilterInternal(FormContentFilter.java:93) ~[spring-web-7.0.7.jar:7.0.7]
	at org.springframework.web.filter.OncePerRequestFilter.doFilter(OncePerRequestFilter.java:116) ~[spring-web-7.0.7.jar:7.0.7]
	at org.apache.catalina.core.ApplicationFilterChain.doFilter(ApplicationFilterChain.java:107) ~[tomcat-embed-core-11.0.21.jar:11.0.21]
	at org.springframework.web.filter.CharacterEncodingFilter.doFilterInternal(CharacterEncodingFilter.java:199) ~[spring-web-7.0.7.jar:7.0.7]
	at org.springframework.web.filter.OncePerRequestFilter.doFilter(OncePerRequestFilter.java:116) ~[spring-web-7.0.7.jar:7.0.7]
	at org.apache.catalina.core.ApplicationFilterChain.doFilter(ApplicationFilterChain.java:107) ~[tomcat-embed-core-11.0.21.jar:11.0.21]
	at org.apache.catalina.core.StandardWrapperValve.invoke(StandardWrapperValve.java:165) ~[tomcat-embed-core-11.0.21.jar:11.0.21]
	at org.apache.catalina.core.StandardContextValve.invoke(StandardContextValve.java:77) ~[tomcat-embed-core-11.0.21.jar:11.0.21]
	at org.apache.catalina.authenticator.AuthenticatorBase.invoke(AuthenticatorBase.java:492) ~[tomcat-embed-core-11.0.21.jar:11.0.21]
	at org.apache.catalina.core.StandardHostValve.invoke(StandardHostValve.java:113) ~[tomcat-embed-core-11.0.21.jar:11.0.21]
	at org.apache.catalina.valves.ErrorReportValve.invoke(ErrorReportValve.java:83) ~[tomcat-embed-core-11.0.21.jar:11.0.21]
	at org.apache.catalina.core.StandardEngineValve.invoke(StandardEngineValve.java:72) ~[tomcat-embed-core-11.0.21.jar:11.0.21]
	at org.apache.catalina.connector.CoyoteAdapter.service(CoyoteAdapter.java:341) ~[tomcat-embed-core-11.0.21.jar:11.0.21]
	at org.apache.coyote.http11.Http11Processor.service(Http11Processor.java:397) ~[tomcat-embed-core-11.0.21.jar:11.0.21]
	at org.apache.coyote.AbstractProcessorLight.process(AbstractProcessorLight.java:63) ~[tomcat-embed-core-11.0.21.jar:11.0.21]
	at org.apache.coyote.AbstractProtocol$ConnectionHandler.process(AbstractProtocol.java:903) ~[tomcat-embed-core-11.0.21.jar:11.0.21]
	at org.apache.tomcat.util.net.NioEndpoint$SocketProcessor.doRun(NioEndpoint.java:1801) ~[tomcat-embed-core-11.0.21.jar:11.0.21]
	at org.apache.tomcat.util.net.SocketProcessorBase.run(SocketProcessorBase.java:52) ~[tomcat-embed-core-11.0.21.jar:11.0.21]
	at org.apache.tomcat.util.threads.ThreadPoolExecutor.runWorker(ThreadPoolExecutor.java:946) ~[tomcat-embed-core-11.0.21.jar:11.0.21]
	at org.apache.tomcat.util.threads.ThreadPoolExecutor$Worker.run(ThreadPoolExecutor.java:480) ~[tomcat-embed-core-11.0.21.jar:11.0.21]
	at org.apache.tomcat.util.threads.TaskThread$WrappingRunnable.run(TaskThread.java:57) ~[tomcat-embed-core-11.0.21.jar:11.0.21]
	at java.base/java.lang.Thread.run(Thread.java:840) ~[na:na]
Caused by: org.apache.ibatis.binding.BindingException: Parameter 'txt_emp_name' not found. Available parameters are [sort, keyword, param3, param1, param2, order]
	at org.apache.ibatis.binding.MapperMethod$ParamMap.get(MapperMethod.java:210) ~[mybatis-3.5.19.jar:3.5.19]
	at org.apache.ibatis.scripting.xmltags.DynamicContext$ContextAccessor.getProperty(DynamicContext.java:119) ~[mybatis-3.5.19.jar:3.5.19]
	at org.apache.ibatis.ognl.OgnlRuntime.getProperty(OgnlRuntime.java:2352) ~[mybatis-3.5.19.jar:3.5.19]
	at org.apache.ibatis.ognl.ASTProperty.getValueBody(ASTProperty.java:95) ~[mybatis-3.5.19.jar:3.5.19]
	at org.apache.ibatis.ognl.SimpleNode.evaluateGetValueBody(SimpleNode.java:171) ~[mybatis-3.5.19.jar:3.5.19]
	at org.apache.ibatis.ognl.SimpleNode.getValue(SimpleNode.java:206) ~[mybatis-3.5.19.jar:3.5.19]
	at org.apache.ibatis.ognl.ASTNotEq.getValueBody(ASTNotEq.java:34) ~[mybatis-3.5.19.jar:3.5.19]
	at org.apache.ibatis.ognl.SimpleNode.evaluateGetValueBody(SimpleNode.java:171) ~[mybatis-3.5.19.jar:3.5.19]
	at org.apache.ibatis.ognl.SimpleNode.getValue(SimpleNode.java:206) ~[mybatis-3.5.19.jar:3.5.19]
	at org.apache.ibatis.ognl.ASTAnd.getValueBody(ASTAnd.java:45) ~[mybatis-3.5.19.jar:3.5.19]
	at org.apache.ibatis.ognl.SimpleNode.evaluateGetValueBody(SimpleNode.java:171) ~[mybatis-3.5.19.jar:3.5.19]
	at org.apache.ibatis.ognl.SimpleNode.getValue(SimpleNode.java:206) ~[mybatis-3.5.19.jar:3.5.19]
	at org.apache.ibatis.ognl.Ognl.getValue(Ognl.java:408) ~[mybatis-3.5.19.jar:3.5.19]
	at org.apache.ibatis.ognl.Ognl.getValue(Ognl.java:383) ~[mybatis-3.5.19.jar:3.5.19]
	at org.apache.ibatis.scripting.xmltags.OgnlCache.getValue(OgnlCache.java:47) ~[mybatis-3.5.19.jar:3.5.19]
	at org.apache.ibatis.scripting.xmltags.ExpressionEvaluator.evaluateBoolean(ExpressionEvaluator.java:34) ~[mybatis-3.5.19.jar:3.5.19]
	at org.apache.ibatis.scripting.xmltags.IfSqlNode.apply(IfSqlNode.java:33) ~[mybatis-3.5.19.jar:3.5.19]
	at org.apache.ibatis.scripting.xmltags.MixedSqlNode.lambda$apply$0(MixedSqlNode.java:32) ~[mybatis-3.5.19.jar:3.5.19]
	at java.base/java.util.ArrayList.forEach(ArrayList.java:1511) ~[na:na]
	at org.apache.ibatis.scripting.xmltags.MixedSqlNode.apply(MixedSqlNode.java:32) ~[mybatis-3.5.19.jar:3.5.19]
	at org.apache.ibatis.scripting.xmltags.TrimSqlNode.apply(TrimSqlNode.java:58) ~[mybatis-3.5.19.jar:3.5.19]
	at org.apache.ibatis.scripting.xmltags.MixedSqlNode.lambda$apply$0(MixedSqlNode.java:32) ~[mybatis-3.5.19.jar:3.5.19]
	at java.base/java.util.ArrayList.forEach(ArrayList.java:1511) ~[na:na]
	at org.apache.ibatis.scripting.xmltags.MixedSqlNode.apply(MixedSqlNode.java:32) ~[mybatis-3.5.19.jar:3.5.19]
	at org.apache.ibatis.scripting.xmltags.DynamicSqlSource.getBoundSql(DynamicSqlSource.java:39) ~[mybatis-3.5.19.jar:3.5.19]
	at org.apache.ibatis.mapping.MappedStatement.getBoundSql(MappedStatement.java:320) ~[mybatis-3.5.19.jar:3.5.19]
	at org.apache.ibatis.executor.CachingExecutor.query(CachingExecutor.java:88) ~[mybatis-3.5.19.jar:3.5.19]
	at org.apache.ibatis.session.defaults.DefaultSqlSession.selectList(DefaultSqlSession.java:154) ~[mybatis-3.5.19.jar:3.5.19]
	at org.apache.ibatis.session.defaults.DefaultSqlSession.selectList(DefaultSqlSession.java:147) ~[mybatis-3.5.19.jar:3.5.19]
	at org.apache.ibatis.session.defaults.DefaultSqlSession.selectList(DefaultSqlSession.java:142) ~[mybatis-3.5.19.jar:3.5.19]
	at jdk.internal.reflect.GeneratedMethodAccessor58.invoke(Unknown Source) ~[na:na]
	at java.base/jdk.internal.reflect.DelegatingMethodAccessorImpl.invoke(DelegatingMethodAccessorImpl.java:43) ~[na:na]
	at java.base/java.lang.reflect.Method.invoke(Method.java:569) ~[na:na]
	at org.mybatis.spring.SqlSessionTemplate$SqlSessionInterceptor.invoke(SqlSessionTemplate.java:348) ~[mybatis-spring-4.0.0.jar:4.0.0]
	... 61 common frames omitted

2026-06-15T10:56:24.129+09:00 ERROR 31684 --- [http-nio-8080-exec-5] o.a.c.c.C.[.[.[/].[dispatcherServlet]    : Servlet.service() for servlet [dispatcherServlet] in context with path [] threw exception [Request processing failed: org.mybatis.spring.MyBatisSystemException: 
### Error querying database.  Cause: org.apache.ibatis.binding.BindingException: Parameter 'txt_emp_name' not found. Available parameters are [sort, keyword, param3, param1, param2, order]
### Cause: org.apache.ibatis.binding.BindingException: Parameter 'txt_emp_name' not found. Available parameters are [sort, keyword, param3, param1, param2, order]] with root cause

org.apache.ibatis.binding.BindingException: Parameter 'txt_emp_name' not found. Available parameters are [sort, keyword, param3, param1, param2, order]
	at org.apache.ibatis.binding.MapperMethod$ParamMap.get(MapperMethod.java:210) ~[mybatis-3.5.19.jar:3.5.19]
	at org.apache.ibatis.scripting.xmltags.DynamicContext$ContextAccessor.getProperty(DynamicContext.java:119) ~[mybatis-3.5.19.jar:3.5.19]
	at org.apache.ibatis.ognl.OgnlRuntime.getProperty(OgnlRuntime.java:2352) ~[mybatis-3.5.19.jar:3.5.19]
	at org.apache.ibatis.ognl.ASTProperty.getValueBody(ASTProperty.java:95) ~[mybatis-3.5.19.jar:3.5.19]
	at org.apache.ibatis.ognl.SimpleNode.evaluateGetValueBody(SimpleNode.java:171) ~[mybatis-3.5.19.jar:3.5.19]
	at org.apache.ibatis.ognl.SimpleNode.getValue(SimpleNode.java:206) ~[mybatis-3.5.19.jar:3.5.19]
	at org.apache.ibatis.ognl.ASTNotEq.getValueBody(ASTNotEq.java:34) ~[mybatis-3.5.19.jar:3.5.19]
	at org.apache.ibatis.ognl.SimpleNode.evaluateGetValueBody(SimpleNode.java:171) ~[mybatis-3.5.19.jar:3.5.19]
	at org.apache.ibatis.ognl.SimpleNode.getValue(SimpleNode.java:206) ~[mybatis-3.5.19.jar:3.5.19]
	at org.apache.ibatis.ognl.ASTAnd.getValueBody(ASTAnd.java:45) ~[mybatis-3.5.19.jar:3.5.19]
	at org.apache.ibatis.ognl.SimpleNode.evaluateGetValueBody(SimpleNode.java:171) ~[mybatis-3.5.19.jar:3.5.19]
	at org.apache.ibatis.ognl.SimpleNode.getValue(SimpleNode.java:206) ~[mybatis-3.5.19.jar:3.5.19]
	at org.apache.ibatis.ognl.Ognl.getValue(Ognl.java:408) ~[mybatis-3.5.19.jar:3.5.19]
	at org.apache.ibatis.ognl.Ognl.getValue(Ognl.java:383) ~[mybatis-3.5.19.jar:3.5.19]
	at org.apache.ibatis.scripting.xmltags.OgnlCache.getValue(OgnlCache.java:47) ~[mybatis-3.5.19.jar:3.5.19]
	at org.apache.ibatis.scripting.xmltags.ExpressionEvaluator.evaluateBoolean(ExpressionEvaluator.java:34) ~[mybatis-3.5.19.jar:3.5.19]
	at org.apache.ibatis.scripting.xmltags.IfSqlNode.apply(IfSqlNode.java:33) ~[mybatis-3.5.19.jar:3.5.19]
	at org.apache.ibatis.scripting.xmltags.MixedSqlNode.lambda$apply$0(MixedSqlNode.java:32) ~[mybatis-3.5.19.jar:3.5.19]
	at java.base/java.util.ArrayList.forEach(ArrayList.java:1511) ~[na:na]
	at org.apache.ibatis.scripting.xmltags.MixedSqlNode.apply(MixedSqlNode.java:32) ~[mybatis-3.5.19.jar:3.5.19]
	at org.apache.ibatis.scripting.xmltags.TrimSqlNode.apply(TrimSqlNode.java:58) ~[mybatis-3.5.19.jar:3.5.19]
	at org.apache.ibatis.scripting.xmltags.MixedSqlNode.lambda$apply$0(MixedSqlNode.java:32) ~[mybatis-3.5.19.jar:3.5.19]
	at java.base/java.util.ArrayList.forEach(ArrayList.java:1511) ~[na:na]
	at org.apache.ibatis.scripting.xmltags.MixedSqlNode.apply(MixedSqlNode.java:32) ~[mybatis-3.5.19.jar:3.5.19]
	at org.apache.ibatis.scripting.xmltags.DynamicSqlSource.getBoundSql(DynamicSqlSource.java:39) ~[mybatis-3.5.19.jar:3.5.19]
	at org.apache.ibatis.mapping.MappedStatement.getBoundSql(MappedStatement.java:320) ~[mybatis-3.5.19.jar:3.5.19]
	at org.apache.ibatis.executor.CachingExecutor.query(CachingExecutor.java:88) ~[mybatis-3.5.19.jar:3.5.19]
	at org.apache.ibatis.session.defaults.DefaultSqlSession.selectList(DefaultSqlSession.java:154) ~[mybatis-3.5.19.jar:3.5.19]
	at org.apache.ibatis.session.defaults.DefaultSqlSession.selectList(DefaultSqlSession.java:147) ~[mybatis-3.5.19.jar:3.5.19]
	at org.apache.ibatis.session.defaults.DefaultSqlSession.selectList(DefaultSqlSession.java:142) ~[mybatis-3.5.19.jar:3.5.19]
	at jdk.internal.reflect.GeneratedMethodAccessor58.invoke(Unknown Source) ~[na:na]
	at java.base/jdk.internal.reflect.DelegatingMethodAccessorImpl.invoke(DelegatingMethodAccessorImpl.java:43) ~[na:na]
	at java.base/java.lang.reflect.Method.invoke(Method.java:569) ~[na:na]
	at org.mybatis.spring.SqlSessionTemplate$SqlSessionInterceptor.invoke(SqlSessionTemplate.java:348) ~[mybatis-spring-4.0.0.jar:4.0.0]
	at jdk.proxy2/jdk.proxy2.$Proxy71.selectList(Unknown Source) ~[na:na]
	at org.mybatis.spring.SqlSessionTemplate.selectList(SqlSessionTemplate.java:209) ~[mybatis-spring-4.0.0.jar:4.0.0]
	at org.apache.ibatis.binding.MapperMethod.executeForMany(MapperMethod.java:147) ~[mybatis-3.5.19.jar:3.5.19]
	at org.apache.ibatis.binding.MapperMethod.execute(MapperMethod.java:80) ~[mybatis-3.5.19.jar:3.5.19]
	at org.apache.ibatis.binding.MapperProxy$PlainMethodInvoker.invoke(MapperProxy.java:141) ~[mybatis-3.5.19.jar:3.5.19]
	at org.apache.ibatis.binding.MapperProxy.invoke(MapperProxy.java:86) ~[mybatis-3.5.19.jar:3.5.19]
	at jdk.proxy6/jdk.proxy6.$Proxy103.findAll(Unknown Source) ~[na:na]
	at com.assignhub.service.EmployeeService.findAll(EmployeeService.java:43) ~[classes/:na]
	at java.base/jdk.internal.reflect.NativeMethodAccessorImpl.invoke0(Native Method) ~[na:na]
	at java.base/jdk.internal.reflect.NativeMethodAccessorImpl.invoke(NativeMethodAccessorImpl.java:77) ~[na:na]
	at java.base/jdk.internal.reflect.DelegatingMethodAccessorImpl.invoke(DelegatingMethodAccessorImpl.java:43) ~[na:na]
	at java.base/java.lang.reflect.Method.invoke(Method.java:569) ~[na:na]
	at org.springframework.aop.support.AopUtils.invokeJoinpointUsingReflection(AopUtils.java:359) ~[spring-aop-7.0.7.jar:7.0.7]
	at org.springframework.aop.framework.CglibAopProxy$DynamicAdvisedInterceptor.intercept(CglibAopProxy.java:715) ~[spring-aop-7.0.7.jar:7.0.7]
	at com.assignhub.service.EmployeeService$$SpringCGLIB$$0.findAll(<generated>) ~[classes/:na]
	at com.assignhub.controller.EmployeeController.index(EmployeeController.java:52) ~[classes/:na]
	at java.base/jdk.internal.reflect.NativeMethodAccessorImpl.invoke0(Native Method) ~[na:na]
	at java.base/jdk.internal.reflect.NativeMethodAccessorImpl.invoke(NativeMethodAccessorImpl.java:77) ~[na:na]
	at java.base/jdk.internal.reflect.DelegatingMethodAccessorImpl.invoke(DelegatingMethodAccessorImpl.java:43) ~[na:na]
	at java.base/java.lang.reflect.Method.invoke(Method.java:569) ~[na:na]
	at org.springframework.web.method.support.InvocableHandlerMethod.doInvoke(InvocableHandlerMethod.java:252) ~[spring-web-7.0.7.jar:7.0.7]
	at org.springframework.web.method.support.InvocableHandlerMethod.invokeForRequest(InvocableHandlerMethod.java:184) ~[spring-web-7.0.7.jar:7.0.7]
	at org.springframework.web.servlet.mvc.method.annotation.ServletInvocableHandlerMethod.invokeAndHandle(ServletInvocableHandlerMethod.java:117) ~[spring-webmvc-7.0.7.jar:7.0.7]
	at org.springframework.web.servlet.mvc.method.annotation.RequestMappingHandlerAdapter.invokeHandlerMethod(RequestMappingHandlerAdapter.java:934) ~[spring-webmvc-7.0.7.jar:7.0.7]
	at org.springframework.web.servlet.mvc.method.annotation.RequestMappingHandlerAdapter.handleInternal(RequestMappingHandlerAdapter.java:853) ~[spring-webmvc-7.0.7.jar:7.0.7]
	at org.springframework.web.servlet.mvc.method.AbstractHandlerMethodAdapter.handle(AbstractHandlerMethodAdapter.java:86) ~[spring-webmvc-7.0.7.jar:7.0.7]
	at org.springframework.web.servlet.DispatcherServlet.doDispatch(DispatcherServlet.java:963) ~[spring-webmvc-7.0.7.jar:7.0.7]
	at org.springframework.web.servlet.DispatcherServlet.doService(DispatcherServlet.java:866) ~[spring-webmvc-7.0.7.jar:7.0.7]
	at org.springframework.web.servlet.FrameworkServlet.processRequest(FrameworkServlet.java:1000) ~[spring-webmvc-7.0.7.jar:7.0.7]
	at org.springframework.web.servlet.FrameworkServlet.doGet(FrameworkServlet.java:892) ~[spring-webmvc-7.0.7.jar:7.0.7]
	at jakarta.servlet.http.HttpServlet.service(HttpServlet.java:622) ~[tomcat-embed-core-11.0.21.jar:6.1]
	at org.springframework.web.servlet.FrameworkServlet.service(FrameworkServlet.java:874) ~[spring-webmvc-7.0.7.jar:7.0.7]
	at jakarta.servlet.http.HttpServlet.service(HttpServlet.java:710) ~[tomcat-embed-core-11.0.21.jar:6.1]
	at org.apache.catalina.core.ApplicationFilterChain.doFilter(ApplicationFilterChain.java:128) ~[tomcat-embed-core-11.0.21.jar:11.0.21]
	at org.apache.tomcat.websocket.server.WsFilter.doFilter(WsFilter.java:53) ~[tomcat-embed-websocket-11.0.21.jar:11.0.21]
	at org.apache.catalina.core.ApplicationFilterChain.doFilter(ApplicationFilterChain.java:107) ~[tomcat-embed-core-11.0.21.jar:11.0.21]
	at org.springframework.web.filter.RequestContextFilter.doFilterInternal(RequestContextFilter.java:100) ~[spring-web-7.0.7.jar:7.0.7]
	at org.springframework.web.filter.OncePerRequestFilter.doFilter(OncePerRequestFilter.java:116) ~[spring-web-7.0.7.jar:7.0.7]
	at org.apache.catalina.core.ApplicationFilterChain.doFilter(ApplicationFilterChain.java:107) ~[tomcat-embed-core-11.0.21.jar:11.0.21]
	at org.springframework.web.filter.FormContentFilter.doFilterInternal(FormContentFilter.java:93) ~[spring-web-7.0.7.jar:7.0.7]
	at org.springframework.web.filter.OncePerRequestFilter.doFilter(OncePerRequestFilter.java:116) ~[spring-web-7.0.7.jar:7.0.7]
	at org.apache.catalina.core.ApplicationFilterChain.doFilter(ApplicationFilterChain.java:107) ~[tomcat-embed-core-11.0.21.jar:11.0.21]
	at org.springframework.web.filter.CharacterEncodingFilter.doFilterInternal(CharacterEncodingFilter.java:199) ~[spring-web-7.0.7.jar:7.0.7]
	at org.springframework.web.filter.OncePerRequestFilter.doFilter(OncePerRequestFilter.java:116) ~[spring-web-7.0.7.jar:7.0.7]
	at org.apache.catalina.core.ApplicationFilterChain.doFilter(ApplicationFilterChain.java:107) ~[tomcat-embed-core-11.0.21.jar:11.0.21]
	at org.apache.catalina.core.StandardWrapperValve.invoke(StandardWrapperValve.java:165) ~[tomcat-embed-core-11.0.21.jar:11.0.21]
	at org.apache.catalina.core.StandardContextValve.invoke(StandardContextValve.java:77) ~[tomcat-embed-core-11.0.21.jar:11.0.21]
	at org.apache.catalina.authenticator.AuthenticatorBase.invoke(AuthenticatorBase.java:492) ~[tomcat-embed-core-11.0.21.jar:11.0.21]
	at org.apache.catalina.core.StandardHostValve.invoke(StandardHostValve.java:113) ~[tomcat-embed-core-11.0.21.jar:11.0.21]
	at org.apache.catalina.valves.ErrorReportValve.invoke(ErrorReportValve.java:83) ~[tomcat-embed-core-11.0.21.jar:11.0.21]
	at org.apache.catalina.core.StandardEngineValve.invoke(StandardEngineValve.java:72) ~[tomcat-embed-core-11.0.21.jar:11.0.21]
	at org.apache.catalina.connector.CoyoteAdapter.service(CoyoteAdapter.java:341) ~[tomcat-embed-core-11.0.21.jar:11.0.21]
	at org.apache.coyote.http11.Http11Processor.service(Http11Processor.java:397) ~[tomcat-embed-core-11.0.21.jar:11.0.21]
	at org.apache.coyote.AbstractProcessorLight.process(AbstractProcessorLight.java:63) ~[tomcat-embed-core-11.0.21.jar:11.0.21]
	at org.apache.coyote.AbstractProtocol$ConnectionHandler.process(AbstractProtocol.java:903) ~[tomcat-embed-core-11.0.21.jar:11.0.21]
	at org.apache.tomcat.util.net.NioEndpoint$SocketProcessor.doRun(NioEndpoint.java:1801) ~[tomcat-embed-core-11.0.21.jar:11.0.21]
	at org.apache.tomcat.util.net.SocketProcessorBase.run(SocketProcessorBase.java:52) ~[tomcat-embed-core-11.0.21.jar:11.0.21]
	at org.apache.tomcat.util.threads.ThreadPoolExecutor.runWorker(ThreadPoolExecutor.java:946) ~[tomcat-embed-core-11.0.21.jar:11.0.21]
	at org.apache.tomcat.util.threads.ThreadPoolExecutor$Worker.run(ThreadPoolExecutor.java:480) ~[tomcat-embed-core-11.0.21.jar:11.0.21]
	at org.apache.tomcat.util.threads.TaskThread$WrappingRunnable.run(TaskThread.java:57) ~[tomcat-embed-core-11.0.21.jar:11.0.21]
	at java.base/java.lang.Thread.run(Thread.java:840) ~[na:na]

2026-06-15T10:56:28.905+09:00 ERROR 31684 --- [http-nio-8080-exec-8] c.a.controller.GlobalExceptionHandler    : 【システムエラー】予期せぬ例外が発生しました。

org.mybatis.spring.MyBatisSystemException: 
### Error querying database.  Cause: org.apache.ibatis.binding.BindingException: Parameter 'txt_emp_name' not found. Available parameters are [sort, keyword, param3, param1, param2, order]
### Cause: org.apache.ibatis.binding.BindingException: Parameter 'txt_emp_name' not found. Available parameters are [sort, keyword, param3, param1, param2, order]
	at org.mybatis.spring.MyBatisExceptionTranslator.translateExceptionIfPossible(MyBatisExceptionTranslator.java:101) ~[mybatis-spring-4.0.0.jar:4.0.0]
	at org.mybatis.spring.SqlSessionTemplate$SqlSessionInterceptor.invoke(SqlSessionTemplate.java:362) ~[mybatis-spring-4.0.0.jar:4.0.0]
	at jdk.proxy2/jdk.proxy2.$Proxy71.selectList(Unknown Source) ~[na:na]
	at org.mybatis.spring.SqlSessionTemplate.selectList(SqlSessionTemplate.java:209) ~[mybatis-spring-4.0.0.jar:4.0.0]
	at org.apache.ibatis.binding.MapperMethod.executeForMany(MapperMethod.java:147) ~[mybatis-3.5.19.jar:3.5.19]
	at org.apache.ibatis.binding.MapperMethod.execute(MapperMethod.java:80) ~[mybatis-3.5.19.jar:3.5.19]
	at org.apache.ibatis.binding.MapperProxy$PlainMethodInvoker.invoke(MapperProxy.java:141) ~[mybatis-3.5.19.jar:3.5.19]
	at org.apache.ibatis.binding.MapperProxy.invoke(MapperProxy.java:86) ~[mybatis-3.5.19.jar:3.5.19]
	at jdk.proxy6/jdk.proxy6.$Proxy103.findAll(Unknown Source) ~[na:na]
	at com.assignhub.service.EmployeeService.findAll(EmployeeService.java:43) ~[classes/:na]
	at java.base/jdk.internal.reflect.NativeMethodAccessorImpl.invoke0(Native Method) ~[na:na]
	at java.base/jdk.internal.reflect.NativeMethodAccessorImpl.invoke(NativeMethodAccessorImpl.java:77) ~[na:na]
	at java.base/jdk.internal.reflect.DelegatingMethodAccessorImpl.invoke(DelegatingMethodAccessorImpl.java:43) ~[na:na]
	at java.base/java.lang.reflect.Method.invoke(Method.java:569) ~[na:na]
	at org.springframework.aop.support.AopUtils.invokeJoinpointUsingReflection(AopUtils.java:359) ~[spring-aop-7.0.7.jar:7.0.7]
	at org.springframework.aop.framework.CglibAopProxy$DynamicAdvisedInterceptor.intercept(CglibAopProxy.java:715) ~[spring-aop-7.0.7.jar:7.0.7]
	at com.assignhub.service.EmployeeService$$SpringCGLIB$$0.findAll(<generated>) ~[classes/:na]
	at com.assignhub.controller.EmployeeController.index(EmployeeController.java:52) ~[classes/:na]
	at java.base/jdk.internal.reflect.NativeMethodAccessorImpl.invoke0(Native Method) ~[na:na]
	at java.base/jdk.internal.reflect.NativeMethodAccessorImpl.invoke(NativeMethodAccessorImpl.java:77) ~[na:na]
	at java.base/jdk.internal.reflect.DelegatingMethodAccessorImpl.invoke(DelegatingMethodAccessorImpl.java:43) ~[na:na]
	at java.base/java.lang.reflect.Method.invoke(Method.java:569) ~[na:na]
	at org.springframework.web.method.support.InvocableHandlerMethod.doInvoke(InvocableHandlerMethod.java:252) ~[spring-web-7.0.7.jar:7.0.7]
	at org.springframework.web.method.support.InvocableHandlerMethod.invokeForRequest(InvocableHandlerMethod.java:184) ~[spring-web-7.0.7.jar:7.0.7]
	at org.springframework.web.servlet.mvc.method.annotation.ServletInvocableHandlerMethod.invokeAndHandle(ServletInvocableHandlerMethod.java:117) ~[spring-webmvc-7.0.7.jar:7.0.7]
	at org.springframework.web.servlet.mvc.method.annotation.RequestMappingHandlerAdapter.invokeHandlerMethod(RequestMappingHandlerAdapter.java:934) ~[spring-webmvc-7.0.7.jar:7.0.7]
	at org.springframework.web.servlet.mvc.method.annotation.RequestMappingHandlerAdapter.handleInternal(RequestMappingHandlerAdapter.java:853) ~[spring-webmvc-7.0.7.jar:7.0.7]
	at org.springframework.web.servlet.mvc.method.AbstractHandlerMethodAdapter.handle(AbstractHandlerMethodAdapter.java:86) ~[spring-webmvc-7.0.7.jar:7.0.7]
	at org.springframework.web.servlet.DispatcherServlet.doDispatch(DispatcherServlet.java:963) ~[spring-webmvc-7.0.7.jar:7.0.7]
	at org.springframework.web.servlet.DispatcherServlet.doService(DispatcherServlet.java:866) ~[spring-webmvc-7.0.7.jar:7.0.7]
	at org.springframework.web.servlet.FrameworkServlet.processRequest(FrameworkServlet.java:1000) ~[spring-webmvc-7.0.7.jar:7.0.7]
	at org.springframework.web.servlet.FrameworkServlet.doGet(FrameworkServlet.java:892) ~[spring-webmvc-7.0.7.jar:7.0.7]
	at jakarta.servlet.http.HttpServlet.service(HttpServlet.java:622) ~[tomcat-embed-core-11.0.21.jar:6.1]
	at org.springframework.web.servlet.FrameworkServlet.service(FrameworkServlet.java:874) ~[spring-webmvc-7.0.7.jar:7.0.7]
	at jakarta.servlet.http.HttpServlet.service(HttpServlet.java:710) ~[tomcat-embed-core-11.0.21.jar:6.1]
	at org.apache.catalina.core.ApplicationFilterChain.doFilter(ApplicationFilterChain.java:128) ~[tomcat-embed-core-11.0.21.jar:11.0.21]
	at org.apache.tomcat.websocket.server.WsFilter.doFilter(WsFilter.java:53) ~[tomcat-embed-websocket-11.0.21.jar:11.0.21]
	at org.apache.catalina.core.ApplicationFilterChain.doFilter(ApplicationFilterChain.java:107) ~[tomcat-embed-core-11.0.21.jar:11.0.21]
	at org.springframework.web.filter.RequestContextFilter.doFilterInternal(RequestContextFilter.java:100) ~[spring-web-7.0.7.jar:7.0.7]
	at org.springframework.web.filter.OncePerRequestFilter.doFilter(OncePerRequestFilter.java:116) ~[spring-web-7.0.7.jar:7.0.7]
	at org.apache.catalina.core.ApplicationFilterChain.doFilter(ApplicationFilterChain.java:107) ~[tomcat-embed-core-11.0.21.jar:11.0.21]
	at org.springframework.web.filter.FormContentFilter.doFilterInternal(FormContentFilter.java:93) ~[spring-web-7.0.7.jar:7.0.7]
	at org.springframework.web.filter.OncePerRequestFilter.doFilter(OncePerRequestFilter.java:116) ~[spring-web-7.0.7.jar:7.0.7]
	at org.apache.catalina.core.ApplicationFilterChain.doFilter(ApplicationFilterChain.java:107) ~[tomcat-embed-core-11.0.21.jar:11.0.21]
	at org.springframework.web.filter.CharacterEncodingFilter.doFilterInternal(CharacterEncodingFilter.java:199) ~[spring-web-7.0.7.jar:7.0.7]
	at org.springframework.web.filter.OncePerRequestFilter.doFilter(OncePerRequestFilter.java:116) ~[spring-web-7.0.7.jar:7.0.7]
	at org.apache.catalina.core.ApplicationFilterChain.doFilter(ApplicationFilterChain.java:107) ~[tomcat-embed-core-11.0.21.jar:11.0.21]
	at org.apache.catalina.core.StandardWrapperValve.invoke(StandardWrapperValve.java:165) ~[tomcat-embed-core-11.0.21.jar:11.0.21]
	at org.apache.catalina.core.StandardContextValve.invoke(StandardContextValve.java:77) ~[tomcat-embed-core-11.0.21.jar:11.0.21]
	at org.apache.catalina.authenticator.AuthenticatorBase.invoke(AuthenticatorBase.java:492) ~[tomcat-embed-core-11.0.21.jar:11.0.21]
	at org.apache.catalina.core.StandardHostValve.invoke(StandardHostValve.java:113) ~[tomcat-embed-core-11.0.21.jar:11.0.21]
	at org.apache.catalina.valves.ErrorReportValve.invoke(ErrorReportValve.java:83) ~[tomcat-embed-core-11.0.21.jar:11.0.21]
	at org.apache.catalina.core.StandardEngineValve.invoke(StandardEngineValve.java:72) ~[tomcat-embed-core-11.0.21.jar:11.0.21]
	at org.apache.catalina.connector.CoyoteAdapter.service(CoyoteAdapter.java:341) ~[tomcat-embed-core-11.0.21.jar:11.0.21]
	at org.apache.coyote.http11.Http11Processor.service(Http11Processor.java:397) ~[tomcat-embed-core-11.0.21.jar:11.0.21]
	at org.apache.coyote.AbstractProcessorLight.process(AbstractProcessorLight.java:63) ~[tomcat-embed-core-11.0.21.jar:11.0.21]
	at org.apache.coyote.AbstractProtocol$ConnectionHandler.process(AbstractProtocol.java:903) ~[tomcat-embed-core-11.0.21.jar:11.0.21]
	at org.apache.tomcat.util.net.NioEndpoint$SocketProcessor.doRun(NioEndpoint.java:1801) ~[tomcat-embed-core-11.0.21.jar:11.0.21]
	at org.apache.tomcat.util.net.SocketProcessorBase.run(SocketProcessorBase.java:52) ~[tomcat-embed-core-11.0.21.jar:11.0.21]
	at org.apache.tomcat.util.threads.ThreadPoolExecutor.runWorker(ThreadPoolExecutor.java:946) ~[tomcat-embed-core-11.0.21.jar:11.0.21]
	at org.apache.tomcat.util.threads.ThreadPoolExecutor$Worker.run(ThreadPoolExecutor.java:480) ~[tomcat-embed-core-11.0.21.jar:11.0.21]
	at org.apache.tomcat.util.threads.TaskThread$WrappingRunnable.run(TaskThread.java:57) ~[tomcat-embed-core-11.0.21.jar:11.0.21]
	at java.base/java.lang.Thread.run(Thread.java:840) ~[na:na]
Caused by: org.apache.ibatis.binding.BindingException: Parameter 'txt_emp_name' not found. Available parameters are [sort, keyword, param3, param1, param2, order]
	at org.apache.ibatis.binding.MapperMethod$ParamMap.get(MapperMethod.java:210) ~[mybatis-3.5.19.jar:3.5.19]
	at org.apache.ibatis.scripting.xmltags.DynamicContext$ContextAccessor.getProperty(DynamicContext.java:119) ~[mybatis-3.5.19.jar:3.5.19]
	at org.apache.ibatis.ognl.OgnlRuntime.getProperty(OgnlRuntime.java:2352) ~[mybatis-3.5.19.jar:3.5.19]
	at org.apache.ibatis.ognl.ASTProperty.getValueBody(ASTProperty.java:95) ~[mybatis-3.5.19.jar:3.5.19]
	at org.apache.ibatis.ognl.SimpleNode.evaluateGetValueBody(SimpleNode.java:171) ~[mybatis-3.5.19.jar:3.5.19]
	at org.apache.ibatis.ognl.SimpleNode.getValue(SimpleNode.java:206) ~[mybatis-3.5.19.jar:3.5.19]
	at org.apache.ibatis.ognl.ASTNotEq.getValueBody(ASTNotEq.java:34) ~[mybatis-3.5.19.jar:3.5.19]
	at org.apache.ibatis.ognl.SimpleNode.evaluateGetValueBody(SimpleNode.java:171) ~[mybatis-3.5.19.jar:3.5.19]
	at org.apache.ibatis.ognl.SimpleNode.getValue(SimpleNode.java:206) ~[mybatis-3.5.19.jar:3.5.19]
	at org.apache.ibatis.ognl.ASTAnd.getValueBody(ASTAnd.java:45) ~[mybatis-3.5.19.jar:3.5.19]
	at org.apache.ibatis.ognl.SimpleNode.evaluateGetValueBody(SimpleNode.java:171) ~[mybatis-3.5.19.jar:3.5.19]
	at org.apache.ibatis.ognl.SimpleNode.getValue(SimpleNode.java:206) ~[mybatis-3.5.19.jar:3.5.19]
	at org.apache.ibatis.ognl.Ognl.getValue(Ognl.java:408) ~[mybatis-3.5.19.jar:3.5.19]
	at org.apache.ibatis.ognl.Ognl.getValue(Ognl.java:383) ~[mybatis-3.5.19.jar:3.5.19]
	at org.apache.ibatis.scripting.xmltags.OgnlCache.getValue(OgnlCache.java:47) ~[mybatis-3.5.19.jar:3.5.19]
	at org.apache.ibatis.scripting.xmltags.ExpressionEvaluator.evaluateBoolean(ExpressionEvaluator.java:34) ~[mybatis-3.5.19.jar:3.5.19]
	at org.apache.ibatis.scripting.xmltags.IfSqlNode.apply(IfSqlNode.java:33) ~[mybatis-3.5.19.jar:3.5.19]
	at org.apache.ibatis.scripting.xmltags.MixedSqlNode.lambda$apply$0(MixedSqlNode.java:32) ~[mybatis-3.5.19.jar:3.5.19]
	at java.base/java.util.ArrayList.forEach(ArrayList.java:1511) ~[na:na]
	at org.apache.ibatis.scripting.xmltags.MixedSqlNode.apply(MixedSqlNode.java:32) ~[mybatis-3.5.19.jar:3.5.19]
	at org.apache.ibatis.scripting.xmltags.TrimSqlNode.apply(TrimSqlNode.java:58) ~[mybatis-3.5.19.jar:3.5.19]
	at org.apache.ibatis.scripting.xmltags.MixedSqlNode.lambda$apply$0(MixedSqlNode.java:32) ~[mybatis-3.5.19.jar:3.5.19]
	at java.base/java.util.ArrayList.forEach(ArrayList.java:1511) ~[na:na]
	at org.apache.ibatis.scripting.xmltags.MixedSqlNode.apply(MixedSqlNode.java:32) ~[mybatis-3.5.19.jar:3.5.19]
	at org.apache.ibatis.scripting.xmltags.DynamicSqlSource.getBoundSql(DynamicSqlSource.java:39) ~[mybatis-3.5.19.jar:3.5.19]
	at org.apache.ibatis.mapping.MappedStatement.getBoundSql(MappedStatement.java:320) ~[mybatis-3.5.19.jar:3.5.19]
	at org.apache.ibatis.executor.CachingExecutor.query(CachingExecutor.java:88) ~[mybatis-3.5.19.jar:3.5.19]
	at org.apache.ibatis.session.defaults.DefaultSqlSession.selectList(DefaultSqlSession.java:154) ~[mybatis-3.5.19.jar:3.5.19]
	at org.apache.ibatis.session.defaults.DefaultSqlSession.selectList(DefaultSqlSession.java:147) ~[mybatis-3.5.19.jar:3.5.19]
	at org.apache.ibatis.session.defaults.DefaultSqlSession.selectList(DefaultSqlSession.java:142) ~[mybatis-3.5.19.jar:3.5.19]
	at jdk.internal.reflect.GeneratedMethodAccessor58.invoke(Unknown Source) ~[na:na]
	at java.base/jdk.internal.reflect.DelegatingMethodAccessorImpl.invoke(DelegatingMethodAccessorImpl.java:43) ~[na:na]
	at java.base/java.lang.reflect.Method.invoke(Method.java:569) ~[na:na]
	at org.mybatis.spring.SqlSessionTemplate$SqlSessionInterceptor.invoke(SqlSessionTemplate.java:348) ~[mybatis-spring-4.0.0.jar:4.0.0]
	... 61 common frames omitted

2026-06-15T10:56:28.907+09:00 ERROR 31684 --- [http-nio-8080-exec-8] o.a.c.c.C.[.[.[/].[dispatcherServlet]    : Servlet.service() for servlet [dispatcherServlet] in context with path [] threw exception [Request processing failed: org.mybatis.spring.MyBatisSystemException: 
### Error querying database.  Cause: org.apache.ibatis.binding.BindingException: Parameter 'txt_emp_name' not found. Available parameters are [sort, keyword, param3, param1, param2, order]
### Cause: org.apache.ibatis.binding.BindingException: Parameter 'txt_emp_name' not found. Available parameters are [sort, keyword, param3, param1, param2, order]] with root cause

org.apache.ibatis.binding.BindingException: Parameter 'txt_emp_name' not found. Available parameters are [sort, keyword, param3, param1, param2, order]
	at org.apache.ibatis.binding.MapperMethod$ParamMap.get(MapperMethod.java:210) ~[mybatis-3.5.19.jar:3.5.19]
	at org.apache.ibatis.scripting.xmltags.DynamicContext$ContextAccessor.getProperty(DynamicContext.java:119) ~[mybatis-3.5.19.jar:3.5.19]
	at org.apache.ibatis.ognl.OgnlRuntime.getProperty(OgnlRuntime.java:2352) ~[mybatis-3.5.19.jar:3.5.19]
	at org.apache.ibatis.ognl.ASTProperty.getValueBody(ASTProperty.java:95) ~[mybatis-3.5.19.jar:3.5.19]
	at org.apache.ibatis.ognl.SimpleNode.evaluateGetValueBody(SimpleNode.java:171) ~[mybatis-3.5.19.jar:3.5.19]
	at org.apache.ibatis.ognl.SimpleNode.getValue(SimpleNode.java:206) ~[mybatis-3.5.19.jar:3.5.19]
	at org.apache.ibatis.ognl.ASTNotEq.getValueBody(ASTNotEq.java:34) ~[mybatis-3.5.19.jar:3.5.19]
	at org.apache.ibatis.ognl.SimpleNode.evaluateGetValueBody(SimpleNode.java:171) ~[mybatis-3.5.19.jar:3.5.19]
	at org.apache.ibatis.ognl.SimpleNode.getValue(SimpleNode.java:206) ~[mybatis-3.5.19.jar:3.5.19]
	at org.apache.ibatis.ognl.ASTAnd.getValueBody(ASTAnd.java:45) ~[mybatis-3.5.19.jar:3.5.19]
	at org.apache.ibatis.ognl.SimpleNode.evaluateGetValueBody(SimpleNode.java:171) ~[mybatis-3.5.19.jar:3.5.19]
	at org.apache.ibatis.ognl.SimpleNode.getValue(SimpleNode.java:206) ~[mybatis-3.5.19.jar:3.5.19]
	at org.apache.ibatis.ognl.Ognl.getValue(Ognl.java:408) ~[mybatis-3.5.19.jar:3.5.19]
	at org.apache.ibatis.ognl.Ognl.getValue(Ognl.java:383) ~[mybatis-3.5.19.jar:3.5.19]
	at org.apache.ibatis.scripting.xmltags.OgnlCache.getValue(OgnlCache.java:47) ~[mybatis-3.5.19.jar:3.5.19]
	at org.apache.ibatis.scripting.xmltags.ExpressionEvaluator.evaluateBoolean(ExpressionEvaluator.java:34) ~[mybatis-3.5.19.jar:3.5.19]
	at org.apache.ibatis.scripting.xmltags.IfSqlNode.apply(IfSqlNode.java:33) ~[mybatis-3.5.19.jar:3.5.19]
	at org.apache.ibatis.scripting.xmltags.MixedSqlNode.lambda$apply$0(MixedSqlNode.java:32) ~[mybatis-3.5.19.jar:3.5.19]
	at java.base/java.util.ArrayList.forEach(ArrayList.java:1511) ~[na:na]
	at org.apache.ibatis.scripting.xmltags.MixedSqlNode.apply(MixedSqlNode.java:32) ~[mybatis-3.5.19.jar:3.5.19]
	at org.apache.ibatis.scripting.xmltags.TrimSqlNode.apply(TrimSqlNode.java:58) ~[mybatis-3.5.19.jar:3.5.19]
	at org.apache.ibatis.scripting.xmltags.MixedSqlNode.lambda$apply$0(MixedSqlNode.java:32) ~[mybatis-3.5.19.jar:3.5.19]
	at java.base/java.util.ArrayList.forEach(ArrayList.java:1511) ~[na:na]
	at org.apache.ibatis.scripting.xmltags.MixedSqlNode.apply(MixedSqlNode.java:32) ~[mybatis-3.5.19.jar:3.5.19]
	at org.apache.ibatis.scripting.xmltags.DynamicSqlSource.getBoundSql(DynamicSqlSource.java:39) ~[mybatis-3.5.19.jar:3.5.19]
	at org.apache.ibatis.mapping.MappedStatement.getBoundSql(MappedStatement.java:320) ~[mybatis-3.5.19.jar:3.5.19]
	at org.apache.ibatis.executor.CachingExecutor.query(CachingExecutor.java:88) ~[mybatis-3.5.19.jar:3.5.19]
	at org.apache.ibatis.session.defaults.DefaultSqlSession.selectList(DefaultSqlSession.java:154) ~[mybatis-3.5.19.jar:3.5.19]
	at org.apache.ibatis.session.defaults.DefaultSqlSession.selectList(DefaultSqlSession.java:147) ~[mybatis-3.5.19.jar:3.5.19]
	at org.apache.ibatis.session.defaults.DefaultSqlSession.selectList(DefaultSqlSession.java:142) ~[mybatis-3.5.19.jar:3.5.19]
	at jdk.internal.reflect.GeneratedMethodAccessor58.invoke(Unknown Source) ~[na:na]
	at java.base/jdk.internal.reflect.DelegatingMethodAccessorImpl.invoke(DelegatingMethodAccessorImpl.java:43) ~[na:na]
	at java.base/java.lang.reflect.Method.invoke(Method.java:569) ~[na:na]
	at org.mybatis.spring.SqlSessionTemplate$SqlSessionInterceptor.invoke(SqlSessionTemplate.java:348) ~[mybatis-spring-4.0.0.jar:4.0.0]
	at jdk.proxy2/jdk.proxy2.$Proxy71.selectList(Unknown Source) ~[na:na]
	at org.mybatis.spring.SqlSessionTemplate.selectList(SqlSessionTemplate.java:209) ~[mybatis-spring-4.0.0.jar:4.0.0]
	at org.apache.ibatis.binding.MapperMethod.executeForMany(MapperMethod.java:147) ~[mybatis-3.5.19.jar:3.5.19]
	at org.apache.ibatis.binding.MapperMethod.execute(MapperMethod.java:80) ~[mybatis-3.5.19.jar:3.5.19]
	at org.apache.ibatis.binding.MapperProxy$PlainMethodInvoker.invoke(MapperProxy.java:141) ~[mybatis-3.5.19.jar:3.5.19]
	at org.apache.ibatis.binding.MapperProxy.invoke(MapperProxy.java:86) ~[mybatis-3.5.19.jar:3.5.19]
	at jdk.proxy6/jdk.proxy6.$Proxy103.findAll(Unknown Source) ~[na:na]
	at com.assignhub.service.EmployeeService.findAll(EmployeeService.java:43) ~[classes/:na]
	at java.base/jdk.internal.reflect.NativeMethodAccessorImpl.invoke0(Native Method) ~[na:na]
	at java.base/jdk.internal.reflect.NativeMethodAccessorImpl.invoke(NativeMethodAccessorImpl.java:77) ~[na:na]
	at java.base/jdk.internal.reflect.DelegatingMethodAccessorImpl.invoke(DelegatingMethodAccessorImpl.java:43) ~[na:na]
	at java.base/java.lang.reflect.Method.invoke(Method.java:569) ~[na:na]
	at org.springframework.aop.support.AopUtils.invokeJoinpointUsingReflection(AopUtils.java:359) ~[spring-aop-7.0.7.jar:7.0.7]
	at org.springframework.aop.framework.CglibAopProxy$DynamicAdvisedInterceptor.intercept(CglibAopProxy.java:715) ~[spring-aop-7.0.7.jar:7.0.7]
	at com.assignhub.service.EmployeeService$$SpringCGLIB$$0.findAll(<generated>) ~[classes/:na]
	at com.assignhub.controller.EmployeeController.index(EmployeeController.java:52) ~[classes/:na]
	at java.base/jdk.internal.reflect.NativeMethodAccessorImpl.invoke0(Native Method) ~[na:na]
	at java.base/jdk.internal.reflect.NativeMethodAccessorImpl.invoke(NativeMethodAccessorImpl.java:77) ~[na:na]
	at java.base/jdk.internal.reflect.DelegatingMethodAccessorImpl.invoke(DelegatingMethodAccessorImpl.java:43) ~[na:na]
	at java.base/java.lang.reflect.Method.invoke(Method.java:569) ~[na:na]
	at org.springframework.web.method.support.InvocableHandlerMethod.doInvoke(InvocableHandlerMethod.java:252) ~[spring-web-7.0.7.jar:7.0.7]
	at org.springframework.web.method.support.InvocableHandlerMethod.invokeForRequest(InvocableHandlerMethod.java:184) ~[spring-web-7.0.7.jar:7.0.7]
	at org.springframework.web.servlet.mvc.method.annotation.ServletInvocableHandlerMethod.invokeAndHandle(ServletInvocableHandlerMethod.java:117) ~[spring-webmvc-7.0.7.jar:7.0.7]
	at org.springframework.web.servlet.mvc.method.annotation.RequestMappingHandlerAdapter.invokeHandlerMethod(RequestMappingHandlerAdapter.java:934) ~[spring-webmvc-7.0.7.jar:7.0.7]
	at org.springframework.web.servlet.mvc.method.annotation.RequestMappingHandlerAdapter.handleInternal(RequestMappingHandlerAdapter.java:853) ~[spring-webmvc-7.0.7.jar:7.0.7]
	at org.springframework.web.servlet.mvc.method.AbstractHandlerMethodAdapter.handle(AbstractHandlerMethodAdapter.java:86) ~[spring-webmvc-7.0.7.jar:7.0.7]
	at org.springframework.web.servlet.DispatcherServlet.doDispatch(DispatcherServlet.java:963) ~[spring-webmvc-7.0.7.jar:7.0.7]
	at org.springframework.web.servlet.DispatcherServlet.doService(DispatcherServlet.java:866) ~[spring-webmvc-7.0.7.jar:7.0.7]
	at org.springframework.web.servlet.FrameworkServlet.processRequest(FrameworkServlet.java:1000) ~[spring-webmvc-7.0.7.jar:7.0.7]
	at org.springframework.web.servlet.FrameworkServlet.doGet(FrameworkServlet.java:892) ~[spring-webmvc-7.0.7.jar:7.0.7]
	at jakarta.servlet.http.HttpServlet.service(HttpServlet.java:622) ~[tomcat-embed-core-11.0.21.jar:6.1]
	at org.springframework.web.servlet.FrameworkServlet.service(FrameworkServlet.java:874) ~[spring-webmvc-7.0.7.jar:7.0.7]
	at jakarta.servlet.http.HttpServlet.service(HttpServlet.java:710) ~[tomcat-embed-core-11.0.21.jar:6.1]
	at org.apache.catalina.core.ApplicationFilterChain.doFilter(ApplicationFilterChain.java:128) ~[tomcat-embed-core-11.0.21.jar:11.0.21]
	at org.apache.tomcat.websocket.server.WsFilter.doFilter(WsFilter.java:53) ~[tomcat-embed-websocket-11.0.21.jar:11.0.21]
	at org.apache.catalina.core.ApplicationFilterChain.doFilter(ApplicationFilterChain.java:107) ~[tomcat-embed-core-11.0.21.jar:11.0.21]
	at org.springframework.web.filter.RequestContextFilter.doFilterInternal(RequestContextFilter.java:100) ~[spring-web-7.0.7.jar:7.0.7]
	at org.springframework.web.filter.OncePerRequestFilter.doFilter(OncePerRequestFilter.java:116) ~[spring-web-7.0.7.jar:7.0.7]
	at org.apache.catalina.core.ApplicationFilterChain.doFilter(ApplicationFilterChain.java:107) ~[tomcat-embed-core-11.0.21.jar:11.0.21]
	at org.springframework.web.filter.FormContentFilter.doFilterInternal(FormContentFilter.java:93) ~[spring-web-7.0.7.jar:7.0.7]
	at org.springframework.web.filter.OncePerRequestFilter.doFilter(OncePerRequestFilter.java:116) ~[spring-web-7.0.7.jar:7.0.7]
	at org.apache.catalina.core.ApplicationFilterChain.doFilter(ApplicationFilterChain.java:107) ~[tomcat-embed-core-11.0.21.jar:11.0.21]
	at org.springframework.web.filter.CharacterEncodingFilter.doFilterInternal(CharacterEncodingFilter.java:199) ~[spring-web-7.0.7.jar:7.0.7]
	at org.springframework.web.filter.OncePerRequestFilter.doFilter(OncePerRequestFilter.java:116) ~[spring-web-7.0.7.jar:7.0.7]
	at org.apache.catalina.core.ApplicationFilterChain.doFilter(ApplicationFilterChain.java:107) ~[tomcat-embed-core-11.0.21.jar:11.0.21]
	at org.apache.catalina.core.StandardWrapperValve.invoke(StandardWrapperValve.java:165) ~[tomcat-embed-core-11.0.21.jar:11.0.21]
	at org.apache.catalina.core.StandardContextValve.invoke(StandardContextValve.java:77) ~[tomcat-embed-core-11.0.21.jar:11.0.21]
	at org.apache.catalina.authenticator.AuthenticatorBase.invoke(AuthenticatorBase.java:492) ~[tomcat-embed-core-11.0.21.jar:11.0.21]
	at org.apache.catalina.core.StandardHostValve.invoke(StandardHostValve.java:113) ~[tomcat-embed-core-11.0.21.jar:11.0.21]
	at org.apache.catalina.valves.ErrorReportValve.invoke(ErrorReportValve.java:83) ~[tomcat-embed-core-11.0.21.jar:11.0.21]
	at org.apache.catalina.core.StandardEngineValve.invoke(StandardEngineValve.java:72) ~[tomcat-embed-core-11.0.21.jar:11.0.21]
	at org.apache.catalina.connector.CoyoteAdapter.service(CoyoteAdapter.java:341) ~[tomcat-embed-core-11.0.21.jar:11.0.21]
	at org.apache.coyote.http11.Http11Processor.service(Http11Processor.java:397) ~[tomcat-embed-core-11.0.21.jar:11.0.21]
	at org.apache.coyote.AbstractProcessorLight.process(AbstractProcessorLight.java:63) ~[tomcat-embed-core-11.0.21.jar:11.0.21]
	at org.apache.coyote.AbstractProtocol$ConnectionHandler.process(AbstractProtocol.java:903) ~[tomcat-embed-core-11.0.21.jar:11.0.21]
	at org.apache.tomcat.util.net.NioEndpoint$SocketProcessor.doRun(NioEndpoint.java:1801) ~[tomcat-embed-core-11.0.21.jar:11.0.21]
	at org.apache.tomcat.util.net.SocketProcessorBase.run(SocketProcessorBase.java:52) ~[tomcat-embed-core-11.0.21.jar:11.0.21]
	at org.apache.tomcat.util.threads.ThreadPoolExecutor.runWorker(ThreadPoolExecutor.java:946) ~[tomcat-embed-core-11.0.21.jar:11.0.21]
	at org.apache.tomcat.util.threads.ThreadPoolExecutor$Worker.run(ThreadPoolExecutor.java:480) ~[tomcat-embed-core-11.0.21.jar:11.0.21]
	at org.apache.tomcat.util.threads.TaskThread$WrappingRunnable.run(TaskThread.java:57) ~[tomcat-embed-core-11.0.21.jar:11.0.21]
	at java.base/java.lang.Thread.run(Thread.java:840) ~[na:na]

2026-06-15T10:58:14.071+09:00  INFO 31684 --- [File Watcher] rtingClassPathChangeChangedEventListener : Restarting due to 1 class path change (0 additions, 0 deletions, 1 modification)
2026-06-15T10:58:14.073+09:00  INFO 31684 --- [Thread-9] o.s.boot.tomcat.GracefulShutdown         : Commencing graceful shutdown. Waiting for active requests to complete
2026-06-15T10:58:14.291+09:00  INFO 31684 --- [tomcat-shutdown] o.s.boot.tomcat.GracefulShutdown         : Graceful shutdown complete
2026-06-15T10:58:14.293+09:00  INFO 31684 --- [Thread-9] com.zaxxer.hikari.HikariDataSource       : HikariPool-3 - Shutdown initiated...
2026-06-15T10:58:14.296+09:00  INFO 31684 --- [Thread-9] com.zaxxer.hikari.HikariDataSource       : HikariPool-3 - Shutdown completed.
2026-06-15T10:58:14.371+09:00  INFO 31684 --- [restartedMain] com.assignhub.AssignHubApplication       : Starting AssignHubApplication using Java 17.0.13 with PID 31684 (C:\Users\お客様\git\AssignHub\AssignHub\target\classes started by お客様 in C:\Users\お客様\git\AssignHub\AssignHub)
2026-06-15T10:58:14.371+09:00  INFO 31684 --- [restartedMain] com.assignhub.AssignHubApplication       : No active profile set, falling back to 1 default profile: "default"
2026-06-15T10:58:14.560+09:00  INFO 31684 --- [restartedMain] o.s.boot.tomcat.TomcatWebServer          : Tomcat initialized with port 8080 (http)
2026-06-15T10:58:14.561+09:00  INFO 31684 --- [restartedMain] o.apache.catalina.core.StandardService   : Starting service [Tomcat]
2026-06-15T10:58:14.561+09:00  INFO 31684 --- [restartedMain] o.apache.catalina.core.StandardEngine    : Starting Servlet engine: [Apache Tomcat/11.0.21]
2026-06-15T10:58:14.581+09:00  INFO 31684 --- [restartedMain] b.w.c.s.WebApplicationContextInitializer : Root WebApplicationContext: initialization completed in 205 ms
2026-06-15T10:58:14.729+09:00  INFO 31684 --- [restartedMain] o.s.boot.tomcat.TomcatWebServer          : Tomcat started on port 8080 (http) with context path '/'
2026-06-15T10:58:14.731+09:00  INFO 31684 --- [restartedMain] com.assignhub.AssignHubApplication       : Started AssignHubApplication in 0.383 seconds (process running for 2771.9)
2026-06-15T10:58:14.732+09:00  INFO 31684 --- [restartedMain] .ConditionEvaluationDeltaLoggingListener : Condition evaluation unchanged
2026-06-15T10:58:15.035+09:00  INFO 31684 --- [http-nio-8080-exec-3] o.a.c.c.C.[Tomcat].[localhost].[/]       : Initializing Spring DispatcherServlet 'dispatcherServlet'
2026-06-15T10:58:15.035+09:00  INFO 31684 --- [http-nio-8080-exec-3] o.s.web.servlet.DispatcherServlet        : Initializing Servlet 'dispatcherServlet'
2026-06-15T10:58:15.036+09:00  INFO 31684 --- [http-nio-8080-exec-3] o.s.web.servlet.DispatcherServlet        : Completed initialization in 0 ms
2026-06-15T10:58:15.038+09:00  INFO 31684 --- [http-nio-8080-exec-3] com.zaxxer.hikari.HikariDataSource       : HikariPool-4 - Starting...
2026-06-15T10:58:15.053+09:00  INFO 31684 --- [http-nio-8080-exec-3] com.zaxxer.hikari.pool.HikariPool        : HikariPool-4 - Added connection com.mysql.cj.jdbc.ConnectionImpl@42416029
2026-06-15T10:58:15.054+09:00  INFO 31684 --- [http-nio-8080-exec-3] com.zaxxer.hikari.HikariDataSource       : HikariPool-4 - Start completed.
2026-06-15T10:58:15.054+09:00 DEBUG 31684 --- [http-nio-8080-exec-3] c.a.mapper.EmployeeMapper.findAll        : ==>  Preparing: SELECT e.*, c.company_name AS emp_company, c2.company_name AS emp_assign_company FROM m_employee e LEFT JOIN m_company c ON e.company_id = c.company_id LEFT JOIN t_assignment a ON a.emp_id = e.emp_id AND a.contract_end_date is null LEFT JOIN m_company c2 ON a.company_id = c2.company_id WHERE e.delete_flg = 0
2026-06-15T10:58:15.054+09:00 DEBUG 31684 --- [http-nio-8080-exec-3] c.a.mapper.EmployeeMapper.findAll        : ==> Parameters: 
2026-06-15T10:58:15.224+09:00 ERROR 31684 --- [http-nio-8080-exec-3] c.a.controller.GlobalExceptionHandler    : 【システムエラー】予期せぬ例外が発生しました。

org.springframework.jdbc.BadSqlGrammarException: 
### Error querying database.  Cause: java.sql.SQLSyntaxErrorException: Table 'assignhub.m_company' doesn't exist
### The error may exist in file [C:\Users\お客様\git\AssignHub\AssignHub\target\classes\mapper\EmployeeMapper.xml]
### The error may involve defaultParameterMap
### The error occurred while setting parameters
### SQL: SELECT e.*,   c.company_name AS emp_company,   c2.company_name AS emp_assign_company   FROM m_employee e   LEFT JOIN m_company c   ON   e.company_id = c.company_id   LEFT JOIN t_assignment a   ON a.emp_id = e.emp_id   AND a.contract_end_date is null   LEFT JOIN m_company c2   ON   a.company_id = c2.company_id     WHERE e.delete_flg = 0
### Cause: java.sql.SQLSyntaxErrorException: Table 'assignhub.m_company' doesn't exist
; bad SQL grammar []
	at org.springframework.jdbc.support.SQLErrorCodeSQLExceptionTranslator.doTranslate(SQLErrorCodeSQLExceptionTranslator.java:244) ~[spring-jdbc-7.0.7.jar:7.0.7]
	at org.springframework.jdbc.support.AbstractFallbackSQLExceptionTranslator.translate(AbstractFallbackSQLExceptionTranslator.java:102) ~[spring-jdbc-7.0.7.jar:7.0.7]
	at org.mybatis.spring.MyBatisExceptionTranslator.translateExceptionIfPossible(MyBatisExceptionTranslator.java:95) ~[mybatis-spring-4.0.0.jar:4.0.0]
	at org.mybatis.spring.SqlSessionTemplate$SqlSessionInterceptor.invoke(SqlSessionTemplate.java:362) ~[mybatis-spring-4.0.0.jar:4.0.0]
	at jdk.proxy2/jdk.proxy2.$Proxy71.selectList(Unknown Source) ~[na:na]
	at org.mybatis.spring.SqlSessionTemplate.selectList(SqlSessionTemplate.java:209) ~[mybatis-spring-4.0.0.jar:4.0.0]
	at org.apache.ibatis.binding.MapperMethod.executeForMany(MapperMethod.java:147) ~[mybatis-3.5.19.jar:3.5.19]
	at org.apache.ibatis.binding.MapperMethod.execute(MapperMethod.java:80) ~[mybatis-3.5.19.jar:3.5.19]
	at org.apache.ibatis.binding.MapperProxy$PlainMethodInvoker.invoke(MapperProxy.java:141) ~[mybatis-3.5.19.jar:3.5.19]
	at org.apache.ibatis.binding.MapperProxy.invoke(MapperProxy.java:86) ~[mybatis-3.5.19.jar:3.5.19]
	at jdk.proxy7/jdk.proxy7.$Proxy106.findAll(Unknown Source) ~[na:na]
	at com.assignhub.service.EmployeeService.findAll(EmployeeService.java:43) ~[classes/:na]
	at java.base/jdk.internal.reflect.NativeMethodAccessorImpl.invoke0(Native Method) ~[na:na]
	at java.base/jdk.internal.reflect.NativeMethodAccessorImpl.invoke(NativeMethodAccessorImpl.java:77) ~[na:na]
	at java.base/jdk.internal.reflect.DelegatingMethodAccessorImpl.invoke(DelegatingMethodAccessorImpl.java:43) ~[na:na]
	at java.base/java.lang.reflect.Method.invoke(Method.java:569) ~[na:na]
	at org.springframework.aop.support.AopUtils.invokeJoinpointUsingReflection(AopUtils.java:359) ~[spring-aop-7.0.7.jar:7.0.7]
	at org.springframework.aop.framework.CglibAopProxy$DynamicAdvisedInterceptor.intercept(CglibAopProxy.java:715) ~[spring-aop-7.0.7.jar:7.0.7]
	at com.assignhub.service.EmployeeService$$SpringCGLIB$$0.findAll(<generated>) ~[classes/:na]
	at com.assignhub.controller.EmployeeController.index(EmployeeController.java:52) ~[classes/:na]
	at java.base/jdk.internal.reflect.NativeMethodAccessorImpl.invoke0(Native Method) ~[na:na]
	at java.base/jdk.internal.reflect.NativeMethodAccessorImpl.invoke(NativeMethodAccessorImpl.java:77) ~[na:na]
	at java.base/jdk.internal.reflect.DelegatingMethodAccessorImpl.invoke(DelegatingMethodAccessorImpl.java:43) ~[na:na]
	at java.base/java.lang.reflect.Method.invoke(Method.java:569) ~[na:na]
	at org.springframework.web.method.support.InvocableHandlerMethod.doInvoke(InvocableHandlerMethod.java:252) ~[spring-web-7.0.7.jar:7.0.7]
	at org.springframework.web.method.support.InvocableHandlerMethod.invokeForRequest(InvocableHandlerMethod.java:184) ~[spring-web-7.0.7.jar:7.0.7]
	at org.springframework.web.servlet.mvc.method.annotation.ServletInvocableHandlerMethod.invokeAndHandle(ServletInvocableHandlerMethod.java:117) ~[spring-webmvc-7.0.7.jar:7.0.7]
	at org.springframework.web.servlet.mvc.method.annotation.RequestMappingHandlerAdapter.invokeHandlerMethod(RequestMappingHandlerAdapter.java:934) ~[spring-webmvc-7.0.7.jar:7.0.7]
	at org.springframework.web.servlet.mvc.method.annotation.RequestMappingHandlerAdapter.handleInternal(RequestMappingHandlerAdapter.java:853) ~[spring-webmvc-7.0.7.jar:7.0.7]
	at org.springframework.web.servlet.mvc.method.AbstractHandlerMethodAdapter.handle(AbstractHandlerMethodAdapter.java:86) ~[spring-webmvc-7.0.7.jar:7.0.7]
	at org.springframework.web.servlet.DispatcherServlet.doDispatch(DispatcherServlet.java:963) ~[spring-webmvc-7.0.7.jar:7.0.7]
	at org.springframework.web.servlet.DispatcherServlet.doService(DispatcherServlet.java:866) ~[spring-webmvc-7.0.7.jar:7.0.7]
	at org.springframework.web.servlet.FrameworkServlet.processRequest(FrameworkServlet.java:1000) ~[spring-webmvc-7.0.7.jar:7.0.7]
	at org.springframework.web.servlet.FrameworkServlet.doGet(FrameworkServlet.java:892) ~[spring-webmvc-7.0.7.jar:7.0.7]
	at jakarta.servlet.http.HttpServlet.service(HttpServlet.java:622) ~[tomcat-embed-core-11.0.21.jar:6.1]
	at org.springframework.web.servlet.FrameworkServlet.service(FrameworkServlet.java:874) ~[spring-webmvc-7.0.7.jar:7.0.7]
	at jakarta.servlet.http.HttpServlet.service(HttpServlet.java:710) ~[tomcat-embed-core-11.0.21.jar:6.1]
	at org.apache.catalina.core.ApplicationFilterChain.doFilter(ApplicationFilterChain.java:128) ~[tomcat-embed-core-11.0.21.jar:11.0.21]
	at org.apache.tomcat.websocket.server.WsFilter.doFilter(WsFilter.java:53) ~[tomcat-embed-websocket-11.0.21.jar:11.0.21]
	at org.apache.catalina.core.ApplicationFilterChain.doFilter(ApplicationFilterChain.java:107) ~[tomcat-embed-core-11.0.21.jar:11.0.21]
	at org.springframework.web.filter.RequestContextFilter.doFilterInternal(RequestContextFilter.java:100) ~[spring-web-7.0.7.jar:7.0.7]
	at org.springframework.web.filter.OncePerRequestFilter.doFilter(OncePerRequestFilter.java:116) ~[spring-web-7.0.7.jar:7.0.7]
	at org.apache.catalina.core.ApplicationFilterChain.doFilter(ApplicationFilterChain.java:107) ~[tomcat-embed-core-11.0.21.jar:11.0.21]
	at org.springframework.web.filter.FormContentFilter.doFilterInternal(FormContentFilter.java:93) ~[spring-web-7.0.7.jar:7.0.7]
	at org.springframework.web.filter.OncePerRequestFilter.doFilter(OncePerRequestFilter.java:116) ~[spring-web-7.0.7.jar:7.0.7]
	at org.apache.catalina.core.ApplicationFilterChain.doFilter(ApplicationFilterChain.java:107) ~[tomcat-embed-core-11.0.21.jar:11.0.21]
	at org.springframework.web.filter.CharacterEncodingFilter.doFilterInternal(CharacterEncodingFilter.java:199) ~[spring-web-7.0.7.jar:7.0.7]
	at org.springframework.web.filter.OncePerRequestFilter.doFilter(OncePerRequestFilter.java:116) ~[spring-web-7.0.7.jar:7.0.7]
	at org.apache.catalina.core.ApplicationFilterChain.doFilter(ApplicationFilterChain.java:107) ~[tomcat-embed-core-11.0.21.jar:11.0.21]
	at org.apache.catalina.core.StandardWrapperValve.invoke(StandardWrapperValve.java:165) ~[tomcat-embed-core-11.0.21.jar:11.0.21]
	at org.apache.catalina.core.StandardContextValve.invoke(StandardContextValve.java:77) ~[tomcat-embed-core-11.0.21.jar:11.0.21]
	at org.apache.catalina.authenticator.AuthenticatorBase.invoke(AuthenticatorBase.java:492) ~[tomcat-embed-core-11.0.21.jar:11.0.21]
	at org.apache.catalina.core.StandardHostValve.invoke(StandardHostValve.java:113) ~[tomcat-embed-core-11.0.21.jar:11.0.21]
	at org.apache.catalina.valves.ErrorReportValve.invoke(ErrorReportValve.java:83) ~[tomcat-embed-core-11.0.21.jar:11.0.21]
	at org.apache.catalina.core.StandardEngineValve.invoke(StandardEngineValve.java:72) ~[tomcat-embed-core-11.0.21.jar:11.0.21]
	at org.apache.catalina.connector.CoyoteAdapter.service(CoyoteAdapter.java:341) ~[tomcat-embed-core-11.0.21.jar:11.0.21]
	at org.apache.coyote.http11.Http11Processor.service(Http11Processor.java:397) ~[tomcat-embed-core-11.0.21.jar:11.0.21]
	at org.apache.coyote.AbstractProcessorLight.process(AbstractProcessorLight.java:63) ~[tomcat-embed-core-11.0.21.jar:11.0.21]
	at org.apache.coyote.AbstractProtocol$ConnectionHandler.process(AbstractProtocol.java:903) ~[tomcat-embed-core-11.0.21.jar:11.0.21]
	at org.apache.tomcat.util.net.NioEndpoint$SocketProcessor.doRun(NioEndpoint.java:1801) ~[tomcat-embed-core-11.0.21.jar:11.0.21]
	at org.apache.tomcat.util.net.SocketProcessorBase.run(SocketProcessorBase.java:52) ~[tomcat-embed-core-11.0.21.jar:11.0.21]
	at org.apache.tomcat.util.threads.ThreadPoolExecutor.runWorker(ThreadPoolExecutor.java:946) ~[tomcat-embed-core-11.0.21.jar:11.0.21]
	at org.apache.tomcat.util.threads.ThreadPoolExecutor$Worker.run(ThreadPoolExecutor.java:480) ~[tomcat-embed-core-11.0.21.jar:11.0.21]
	at org.apache.tomcat.util.threads.TaskThread$WrappingRunnable.run(TaskThread.java:57) ~[tomcat-embed-core-11.0.21.jar:11.0.21]
	at java.base/java.lang.Thread.run(Thread.java:840) ~[na:na]
Caused by: java.sql.SQLSyntaxErrorException: Table 'assignhub.m_company' doesn't exist
	at com.mysql.cj.jdbc.exceptions.SQLError.createSQLException(SQLError.java:112) ~[mysql-connector-j-9.7.0.jar:9.7.0]
	at com.mysql.cj.jdbc.exceptions.SQLExceptionsMapping.translateException(SQLExceptionsMapping.java:114) ~[mysql-connector-j-9.7.0.jar:9.7.0]
	at com.mysql.cj.jdbc.ClientPreparedStatement.executeInternal(ClientPreparedStatement.java:988) ~[mysql-connector-j-9.7.0.jar:9.7.0]
	at com.mysql.cj.jdbc.ClientPreparedStatement.execute(ClientPreparedStatement.java:383) ~[mysql-connector-j-9.7.0.jar:9.7.0]
	at com.zaxxer.hikari.pool.ProxyPreparedStatement.execute(ProxyPreparedStatement.java:44) ~[HikariCP-7.0.2.jar:na]
	at com.zaxxer.hikari.pool.HikariProxyPreparedStatement.execute(HikariProxyPreparedStatement.java) ~[HikariCP-7.0.2.jar:na]
	at jdk.internal.reflect.GeneratedMethodAccessor60.invoke(Unknown Source) ~[na:na]
	at java.base/jdk.internal.reflect.DelegatingMethodAccessorImpl.invoke(DelegatingMethodAccessorImpl.java:43) ~[na:na]
	at java.base/java.lang.reflect.Method.invoke(Method.java:569) ~[na:na]
	at org.apache.ibatis.logging.jdbc.PreparedStatementLogger.invoke(PreparedStatementLogger.java:58) ~[mybatis-3.5.19.jar:3.5.19]
	at jdk.proxy4/jdk.proxy4.$Proxy93.execute(Unknown Source) ~[na:na]
	at org.apache.ibatis.executor.statement.PreparedStatementHandler.query(PreparedStatementHandler.java:65) ~[mybatis-3.5.19.jar:3.5.19]
	at org.apache.ibatis.executor.statement.RoutingStatementHandler.query(RoutingStatementHandler.java:80) ~[mybatis-3.5.19.jar:3.5.19]
	at org.apache.ibatis.executor.SimpleExecutor.doQuery(SimpleExecutor.java:65) ~[mybatis-3.5.19.jar:3.5.19]
	at org.apache.ibatis.executor.BaseExecutor.queryFromDatabase(BaseExecutor.java:336) ~[mybatis-3.5.19.jar:3.5.19]
	at org.apache.ibatis.executor.BaseExecutor.query(BaseExecutor.java:158) ~[mybatis-3.5.19.jar:3.5.19]
	at org.apache.ibatis.executor.CachingExecutor.query(CachingExecutor.java:110) ~[mybatis-3.5.19.jar:3.5.19]
	at org.apache.ibatis.executor.CachingExecutor.query(CachingExecutor.java:90) ~[mybatis-3.5.19.jar:3.5.19]
	at org.apache.ibatis.session.defaults.DefaultSqlSession.selectList(DefaultSqlSession.java:154) ~[mybatis-3.5.19.jar:3.5.19]
	at org.apache.ibatis.session.defaults.DefaultSqlSession.selectList(DefaultSqlSession.java:147) ~[mybatis-3.5.19.jar:3.5.19]
	at org.apache.ibatis.session.defaults.DefaultSqlSession.selectList(DefaultSqlSession.java:142) ~[mybatis-3.5.19.jar:3.5.19]
	at jdk.internal.reflect.GeneratedMethodAccessor58.invoke(Unknown Source) ~[na:na]
	at java.base/jdk.internal.reflect.DelegatingMethodAccessorImpl.invoke(DelegatingMethodAccessorImpl.java:43) ~[na:na]
	at java.base/java.lang.reflect.Method.invoke(Method.java:569) ~[na:na]
	at org.mybatis.spring.SqlSessionTemplate$SqlSessionInterceptor.invoke(SqlSessionTemplate.java:348) ~[mybatis-spring-4.0.0.jar:4.0.0]
	... 61 common frames omitted

2026-06-15T10:58:15.229+09:00 ERROR 31684 --- [http-nio-8080-exec-3] o.a.c.c.C.[.[.[/].[dispatcherServlet]    : Servlet.service() for servlet [dispatcherServlet] in context with path [] threw exception [Request processing failed: org.springframework.jdbc.BadSqlGrammarException: 
### Error querying database.  Cause: java.sql.SQLSyntaxErrorException: Table 'assignhub.m_company' doesn't exist
### The error may exist in file [C:\Users\お客様\git\AssignHub\AssignHub\target\classes\mapper\EmployeeMapper.xml]
### The error may involve defaultParameterMap
### The error occurred while setting parameters
### SQL: SELECT e.*,   c.company_name AS emp_company,   c2.company_name AS emp_assign_company   FROM m_employee e   LEFT JOIN m_company c   ON   e.company_id = c.company_id   LEFT JOIN t_assignment a   ON a.emp_id = e.emp_id   AND a.contract_end_date is null   LEFT JOIN m_company c2   ON   a.company_id = c2.company_id     WHERE e.delete_flg = 0
### Cause: java.sql.SQLSyntaxErrorException: Table 'assignhub.m_company' doesn't exist
; bad SQL grammar []] with root cause

java.sql.SQLSyntaxErrorException: Table 'assignhub.m_company' doesn't exist
	at com.mysql.cj.jdbc.exceptions.SQLError.createSQLException(SQLError.java:112) ~[mysql-connector-j-9.7.0.jar:9.7.0]
	at com.mysql.cj.jdbc.exceptions.SQLExceptionsMapping.translateException(SQLExceptionsMapping.java:114) ~[mysql-connector-j-9.7.0.jar:9.7.0]
	at com.mysql.cj.jdbc.ClientPreparedStatement.executeInternal(ClientPreparedStatement.java:988) ~[mysql-connector-j-9.7.0.jar:9.7.0]
	at com.mysql.cj.jdbc.ClientPreparedStatement.execute(ClientPreparedStatement.java:383) ~[mysql-connector-j-9.7.0.jar:9.7.0]
	at com.zaxxer.hikari.pool.ProxyPreparedStatement.execute(ProxyPreparedStatement.java:44) ~[HikariCP-7.0.2.jar:na]
	at com.zaxxer.hikari.pool.HikariProxyPreparedStatement.execute(HikariProxyPreparedStatement.java) ~[HikariCP-7.0.2.jar:na]
	at jdk.internal.reflect.GeneratedMethodAccessor60.invoke(Unknown Source) ~[na:na]
	at java.base/jdk.internal.reflect.DelegatingMethodAccessorImpl.invoke(DelegatingMethodAccessorImpl.java:43) ~[na:na]
	at java.base/java.lang.reflect.Method.invoke(Method.java:569) ~[na:na]
	at org.apache.ibatis.logging.jdbc.PreparedStatementLogger.invoke(PreparedStatementLogger.java:58) ~[mybatis-3.5.19.jar:3.5.19]
	at jdk.proxy4/jdk.proxy4.$Proxy93.execute(Unknown Source) ~[na:na]
	at org.apache.ibatis.executor.statement.PreparedStatementHandler.query(PreparedStatementHandler.java:65) ~[mybatis-3.5.19.jar:3.5.19]
	at org.apache.ibatis.executor.statement.RoutingStatementHandler.query(RoutingStatementHandler.java:80) ~[mybatis-3.5.19.jar:3.5.19]
	at org.apache.ibatis.executor.SimpleExecutor.doQuery(SimpleExecutor.java:65) ~[mybatis-3.5.19.jar:3.5.19]
	at org.apache.ibatis.executor.BaseExecutor.queryFromDatabase(BaseExecutor.java:336) ~[mybatis-3.5.19.jar:3.5.19]
	at org.apache.ibatis.executor.BaseExecutor.query(BaseExecutor.java:158) ~[mybatis-3.5.19.jar:3.5.19]
	at org.apache.ibatis.executor.CachingExecutor.query(CachingExecutor.java:110) ~[mybatis-3.5.19.jar:3.5.19]
	at org.apache.ibatis.executor.CachingExecutor.query(CachingExecutor.java:90) ~[mybatis-3.5.19.jar:3.5.19]
	at org.apache.ibatis.session.defaults.DefaultSqlSession.selectList(DefaultSqlSession.java:154) ~[mybatis-3.5.19.jar:3.5.19]
	at org.apache.ibatis.session.defaults.DefaultSqlSession.selectList(DefaultSqlSession.java:147) ~[mybatis-3.5.19.jar:3.5.19]
	at org.apache.ibatis.session.defaults.DefaultSqlSession.selectList(DefaultSqlSession.java:142) ~[mybatis-3.5.19.jar:3.5.19]
	at jdk.internal.reflect.GeneratedMethodAccessor58.invoke(Unknown Source) ~[na:na]
	at java.base/jdk.internal.reflect.DelegatingMethodAccessorImpl.invoke(DelegatingMethodAccessorImpl.java:43) ~[na:na]
	at java.base/java.lang.reflect.Method.invoke(Method.java:569) ~[na:na]
	at org.mybatis.spring.SqlSessionTemplate$SqlSessionInterceptor.invoke(SqlSessionTemplate.java:348) ~[mybatis-spring-4.0.0.jar:4.0.0]
	at jdk.proxy2/jdk.proxy2.$Proxy71.selectList(Unknown Source) ~[na:na]
	at org.mybatis.spring.SqlSessionTemplate.selectList(SqlSessionTemplate.java:209) ~[mybatis-spring-4.0.0.jar:4.0.0]
	at org.apache.ibatis.binding.MapperMethod.executeForMany(MapperMethod.java:147) ~[mybatis-3.5.19.jar:3.5.19]
	at org.apache.ibatis.binding.MapperMethod.execute(MapperMethod.java:80) ~[mybatis-3.5.19.jar:3.5.19]
	at org.apache.ibatis.binding.MapperProxy$PlainMethodInvoker.invoke(MapperProxy.java:141) ~[mybatis-3.5.19.jar:3.5.19]
	at org.apache.ibatis.binding.MapperProxy.invoke(MapperProxy.java:86) ~[mybatis-3.5.19.jar:3.5.19]
	at jdk.proxy7/jdk.proxy7.$Proxy106.findAll(Unknown Source) ~[na:na]
	at com.assignhub.service.EmployeeService.findAll(EmployeeService.java:43) ~[classes/:na]
	at java.base/jdk.internal.reflect.NativeMethodAccessorImpl.invoke0(Native Method) ~[na:na]
	at java.base/jdk.internal.reflect.NativeMethodAccessorImpl.invoke(NativeMethodAccessorImpl.java:77) ~[na:na]
	at java.base/jdk.internal.reflect.DelegatingMethodAccessorImpl.invoke(DelegatingMethodAccessorImpl.java:43) ~[na:na]
	at java.base/java.lang.reflect.Method.invoke(Method.java:569) ~[na:na]
	at org.springframework.aop.support.AopUtils.invokeJoinpointUsingReflection(AopUtils.java:359) ~[spring-aop-7.0.7.jar:7.0.7]
	at org.springframework.aop.framework.CglibAopProxy$DynamicAdvisedInterceptor.intercept(CglibAopProxy.java:715) ~[spring-aop-7.0.7.jar:7.0.7]
	at com.assignhub.service.EmployeeService$$SpringCGLIB$$0.findAll(<generated>) ~[classes/:na]
	at com.assignhub.controller.EmployeeController.index(EmployeeController.java:52) ~[classes/:na]
	at java.base/jdk.internal.reflect.NativeMethodAccessorImpl.invoke0(Native Method) ~[na:na]
	at java.base/jdk.internal.reflect.NativeMethodAccessorImpl.invoke(NativeMethodAccessorImpl.java:77) ~[na:na]
	at java.base/jdk.internal.reflect.DelegatingMethodAccessorImpl.invoke(DelegatingMethodAccessorImpl.java:43) ~[na:na]
	at java.base/java.lang.reflect.Method.invoke(Method.java:569) ~[na:na]
	at org.springframework.web.method.support.InvocableHandlerMethod.doInvoke(InvocableHandlerMethod.java:252) ~[spring-web-7.0.7.jar:7.0.7]
	at org.springframework.web.method.support.InvocableHandlerMethod.invokeForRequest(InvocableHandlerMethod.java:184) ~[spring-web-7.0.7.jar:7.0.7]
	at org.springframework.web.servlet.mvc.method.annotation.ServletInvocableHandlerMethod.invokeAndHandle(ServletInvocableHandlerMethod.java:117) ~[spring-webmvc-7.0.7.jar:7.0.7]
	at org.springframework.web.servlet.mvc.method.annotation.RequestMappingHandlerAdapter.invokeHandlerMethod(RequestMappingHandlerAdapter.java:934) ~[spring-webmvc-7.0.7.jar:7.0.7]
	at org.springframework.web.servlet.mvc.method.annotation.RequestMappingHandlerAdapter.handleInternal(RequestMappingHandlerAdapter.java:853) ~[spring-webmvc-7.0.7.jar:7.0.7]
	at org.springframework.web.servlet.mvc.method.AbstractHandlerMethodAdapter.handle(AbstractHandlerMethodAdapter.java:86) ~[spring-webmvc-7.0.7.jar:7.0.7]
	at org.springframework.web.servlet.DispatcherServlet.doDispatch(DispatcherServlet.java:963) ~[spring-webmvc-7.0.7.jar:7.0.7]
	at org.springframework.web.servlet.DispatcherServlet.doService(DispatcherServlet.java:866) ~[spring-webmvc-7.0.7.jar:7.0.7]
	at org.springframework.web.servlet.FrameworkServlet.processRequest(FrameworkServlet.java:1000) ~[spring-webmvc-7.0.7.jar:7.0.7]
	at org.springframework.web.servlet.FrameworkServlet.doGet(FrameworkServlet.java:892) ~[spring-webmvc-7.0.7.jar:7.0.7]
	at jakarta.servlet.http.HttpServlet.service(HttpServlet.java:622) ~[tomcat-embed-core-11.0.21.jar:6.1]
	at org.springframework.web.servlet.FrameworkServlet.service(FrameworkServlet.java:874) ~[spring-webmvc-7.0.7.jar:7.0.7]
	at jakarta.servlet.http.HttpServlet.service(HttpServlet.java:710) ~[tomcat-embed-core-11.0.21.jar:6.1]
	at org.apache.catalina.core.ApplicationFilterChain.doFilter(ApplicationFilterChain.java:128) ~[tomcat-embed-core-11.0.21.jar:11.0.21]
	at org.apache.tomcat.websocket.server.WsFilter.doFilter(WsFilter.java:53) ~[tomcat-embed-websocket-11.0.21.jar:11.0.21]
	at org.apache.catalina.core.ApplicationFilterChain.doFilter(ApplicationFilterChain.java:107) ~[tomcat-embed-core-11.0.21.jar:11.0.21]
	at org.springframework.web.filter.RequestContextFilter.doFilterInternal(RequestContextFilter.java:100) ~[spring-web-7.0.7.jar:7.0.7]
	at org.springframework.web.filter.OncePerRequestFilter.doFilter(OncePerRequestFilter.java:116) ~[spring-web-7.0.7.jar:7.0.7]
	at org.apache.catalina.core.ApplicationFilterChain.doFilter(ApplicationFilterChain.java:107) ~[tomcat-embed-core-11.0.21.jar:11.0.21]
	at org.springframework.web.filter.FormContentFilter.doFilterInternal(FormContentFilter.java:93) ~[spring-web-7.0.7.jar:7.0.7]
	at org.springframework.web.filter.OncePerRequestFilter.doFilter(OncePerRequestFilter.java:116) ~[spring-web-7.0.7.jar:7.0.7]
	at org.apache.catalina.core.ApplicationFilterChain.doFilter(ApplicationFilterChain.java:107) ~[tomcat-embed-core-11.0.21.jar:11.0.21]
	at org.springframework.web.filter.CharacterEncodingFilter.doFilterInternal(CharacterEncodingFilter.java:199) ~[spring-web-7.0.7.jar:7.0.7]
	at org.springframework.web.filter.OncePerRequestFilter.doFilter(OncePerRequestFilter.java:116) ~[spring-web-7.0.7.jar:7.0.7]
	at org.apache.catalina.core.ApplicationFilterChain.doFilter(ApplicationFilterChain.java:107) ~[tomcat-embed-core-11.0.21.jar:11.0.21]
	at org.apache.catalina.core.StandardWrapperValve.invoke(StandardWrapperValve.java:165) ~[tomcat-embed-core-11.0.21.jar:11.0.21]
	at org.apache.catalina.core.StandardContextValve.invoke(StandardContextValve.java:77) ~[tomcat-embed-core-11.0.21.jar:11.0.21]
	at org.apache.catalina.authenticator.AuthenticatorBase.invoke(AuthenticatorBase.java:492) ~[tomcat-embed-core-11.0.21.jar:11.0.21]
	at org.apache.catalina.core.StandardHostValve.invoke(StandardHostValve.java:113) ~[tomcat-embed-core-11.0.21.jar:11.0.21]
	at org.apache.catalina.valves.ErrorReportValve.invoke(ErrorReportValve.java:83) ~[tomcat-embed-core-11.0.21.jar:11.0.21]
	at org.apache.catalina.core.StandardEngineValve.invoke(StandardEngineValve.java:72) ~[tomcat-embed-core-11.0.21.jar:11.0.21]
	at org.apache.catalina.connector.CoyoteAdapter.service(CoyoteAdapter.java:341) ~[tomcat-embed-core-11.0.21.jar:11.0.21]
	at org.apache.coyote.http11.Http11Processor.service(Http11Processor.java:397) ~[tomcat-embed-core-11.0.21.jar:11.0.21]
	at org.apache.coyote.AbstractProcessorLight.process(AbstractProcessorLight.java:63) ~[tomcat-embed-core-11.0.21.jar:11.0.21]
	at org.apache.coyote.AbstractProtocol$ConnectionHandler.process(AbstractProtocol.java:903) ~[tomcat-embed-core-11.0.21.jar:11.0.21]
	at org.apache.tomcat.util.net.NioEndpoint$SocketProcessor.doRun(NioEndpoint.java:1801) ~[tomcat-embed-core-11.0.21.jar:11.0.21]
	at org.apache.tomcat.util.net.SocketProcessorBase.run(SocketProcessorBase.java:52) ~[tomcat-embed-core-11.0.21.jar:11.0.21]
	at org.apache.tomcat.util.threads.ThreadPoolExecutor.runWorker(ThreadPoolExecutor.java:946) ~[tomcat-embed-core-11.0.21.jar:11.0.21]
	at org.apache.tomcat.util.threads.ThreadPoolExecutor$Worker.run(ThreadPoolExecutor.java:480) ~[tomcat-embed-core-11.0.21.jar:11.0.21]
	at org.apache.tomcat.util.threads.TaskThread$WrappingRunnable.run(TaskThread.java:57) ~[tomcat-embed-core-11.0.21.jar:11.0.21]
	at java.base/java.lang.Thread.run(Thread.java:840) ~[na:na]

2026-06-15T11:02:19.430+09:00  WARN 31684 --- [http-nio-8080-exec-6] c.a.controller.GlobalExceptionHandler    : 静的リソースが見つかりません: /login/accunts
2026-06-15T11:02:48.814+09:00  WARN 31684 --- [http-nio-8080-exec-7] c.a.controller.GlobalExceptionHandler    : 静的リソースが見つかりません: /login/accounts
2026-06-15T11:02:54.289+09:00  WARN 31684 --- [http-nio-8080-exec-8] c.a.controller.GlobalExceptionHandler    : 静的リソースが見つかりません: /login/account
2026-06-15T11:03:02.053+09:00 DEBUG 31684 --- [http-nio-8080-exec-9] c.a.mapper.AccountMapper.findAll         : ==>  Preparing: SELECT a.*, e.last_name, e.first_name FROM m_account a left JOIN m_employee e ON a.account_id = e.emp_id AND (e.delete_flg = 0 OR e.delete_flg IS NULL) WHERE a.delete_flg = 0 ORDER BY a.account_id ASC
2026-06-15T11:03:02.054+09:00 DEBUG 31684 --- [http-nio-8080-exec-9] c.a.mapper.AccountMapper.findAll         : ==> Parameters: 
2026-06-15T11:03:02.061+09:00 DEBUG 31684 --- [http-nio-8080-exec-9] c.a.mapper.AccountMapper.findAll         : <==      Total: 13
2026-06-15T11:03:04.845+09:00 DEBUG 31684 --- [http-nio-8080-exec-4] c.a.mapper.AccountMapper.findAll         : ==>  Preparing: SELECT a.*, e.last_name, e.first_name FROM m_account a left JOIN m_employee e ON a.account_id = e.emp_id AND (e.delete_flg = 0 OR e.delete_flg IS NULL) WHERE a.delete_flg = 0 ORDER BY a.account_id ASC
2026-06-15T11:03:04.845+09:00 DEBUG 31684 --- [http-nio-8080-exec-4] c.a.mapper.AccountMapper.findAll         : ==> Parameters: 
2026-06-15T11:03:04.850+09:00 DEBUG 31684 --- [http-nio-8080-exec-4] c.a.mapper.AccountMapper.findAll         : <==      Total: 13
2026-06-15T11:03:06.202+09:00 DEBUG 31684 --- [http-nio-8080-exec-6] c.a.mapper.EmployeeMapper.findAll        : ==>  Preparing: SELECT e.*, c.company_name AS emp_company, c2.company_name AS emp_assign_company FROM m_employee e LEFT JOIN m_company c ON e.company_id = c.company_id LEFT JOIN t_assignment a ON a.emp_id = e.emp_id AND a.contract_end_date is null LEFT JOIN m_company c2 ON a.company_id = c2.company_id WHERE e.delete_flg = 0
2026-06-15T11:03:06.202+09:00 DEBUG 31684 --- [http-nio-8080-exec-6] c.a.mapper.EmployeeMapper.findAll        : ==> Parameters: 
2026-06-15T11:03:06.207+09:00 ERROR 31684 --- [http-nio-8080-exec-6] c.a.controller.GlobalExceptionHandler    : 【システムエラー】予期せぬ例外が発生しました。

org.springframework.jdbc.BadSqlGrammarException: 
### Error querying database.  Cause: java.sql.SQLSyntaxErrorException: Table 'assignhub.t_assignment' doesn't exist
### The error may exist in file [C:\Users\お客様\git\AssignHub\AssignHub\target\classes\mapper\EmployeeMapper.xml]
### The error may involve defaultParameterMap
### The error occurred while setting parameters
### SQL: SELECT e.*,   c.company_name AS emp_company,   c2.company_name AS emp_assign_company   FROM m_employee e   LEFT JOIN m_company c   ON   e.company_id = c.company_id   LEFT JOIN t_assignment a   ON a.emp_id = e.emp_id   AND a.contract_end_date is null   LEFT JOIN m_company c2   ON   a.company_id = c2.company_id     WHERE e.delete_flg = 0
### Cause: java.sql.SQLSyntaxErrorException: Table 'assignhub.t_assignment' doesn't exist
; bad SQL grammar []
	at org.springframework.jdbc.support.SQLErrorCodeSQLExceptionTranslator.doTranslate(SQLErrorCodeSQLExceptionTranslator.java:244) ~[spring-jdbc-7.0.7.jar:7.0.7]
	at org.springframework.jdbc.support.AbstractFallbackSQLExceptionTranslator.translate(AbstractFallbackSQLExceptionTranslator.java:102) ~[spring-jdbc-7.0.7.jar:7.0.7]
	at org.mybatis.spring.MyBatisExceptionTranslator.translateExceptionIfPossible(MyBatisExceptionTranslator.java:95) ~[mybatis-spring-4.0.0.jar:4.0.0]
	at org.mybatis.spring.SqlSessionTemplate$SqlSessionInterceptor.invoke(SqlSessionTemplate.java:362) ~[mybatis-spring-4.0.0.jar:4.0.0]
	at jdk.proxy2/jdk.proxy2.$Proxy71.selectList(Unknown Source) ~[na:na]
	at org.mybatis.spring.SqlSessionTemplate.selectList(SqlSessionTemplate.java:209) ~[mybatis-spring-4.0.0.jar:4.0.0]
	at org.apache.ibatis.binding.MapperMethod.executeForMany(MapperMethod.java:147) ~[mybatis-3.5.19.jar:3.5.19]
	at org.apache.ibatis.binding.MapperMethod.execute(MapperMethod.java:80) ~[mybatis-3.5.19.jar:3.5.19]
	at org.apache.ibatis.binding.MapperProxy$PlainMethodInvoker.invoke(MapperProxy.java:141) ~[mybatis-3.5.19.jar:3.5.19]
	at org.apache.ibatis.binding.MapperProxy.invoke(MapperProxy.java:86) ~[mybatis-3.5.19.jar:3.5.19]
	at jdk.proxy7/jdk.proxy7.$Proxy106.findAll(Unknown Source) ~[na:na]
	at com.assignhub.service.EmployeeService.findAll(EmployeeService.java:43) ~[classes/:na]
	at java.base/jdk.internal.reflect.NativeMethodAccessorImpl.invoke0(Native Method) ~[na:na]
	at java.base/jdk.internal.reflect.NativeMethodAccessorImpl.invoke(NativeMethodAccessorImpl.java:77) ~[na:na]
	at java.base/jdk.internal.reflect.DelegatingMethodAccessorImpl.invoke(DelegatingMethodAccessorImpl.java:43) ~[na:na]
	at java.base/java.lang.reflect.Method.invoke(Method.java:569) ~[na:na]
	at org.springframework.aop.support.AopUtils.invokeJoinpointUsingReflection(AopUtils.java:359) ~[spring-aop-7.0.7.jar:7.0.7]
	at org.springframework.aop.framework.CglibAopProxy$DynamicAdvisedInterceptor.intercept(CglibAopProxy.java:715) ~[spring-aop-7.0.7.jar:7.0.7]
	at com.assignhub.service.EmployeeService$$SpringCGLIB$$0.findAll(<generated>) ~[classes/:na]
	at com.assignhub.controller.EmployeeController.index(EmployeeController.java:52) ~[classes/:na]
	at java.base/jdk.internal.reflect.NativeMethodAccessorImpl.invoke0(Native Method) ~[na:na]
	at java.base/jdk.internal.reflect.NativeMethodAccessorImpl.invoke(NativeMethodAccessorImpl.java:77) ~[na:na]
	at java.base/jdk.internal.reflect.DelegatingMethodAccessorImpl.invoke(DelegatingMethodAccessorImpl.java:43) ~[na:na]
	at java.base/java.lang.reflect.Method.invoke(Method.java:569) ~[na:na]
	at org.springframework.web.method.support.InvocableHandlerMethod.doInvoke(InvocableHandlerMethod.java:252) ~[spring-web-7.0.7.jar:7.0.7]
	at org.springframework.web.method.support.InvocableHandlerMethod.invokeForRequest(InvocableHandlerMethod.java:184) ~[spring-web-7.0.7.jar:7.0.7]
	at org.springframework.web.servlet.mvc.method.annotation.ServletInvocableHandlerMethod.invokeAndHandle(ServletInvocableHandlerMethod.java:117) ~[spring-webmvc-7.0.7.jar:7.0.7]
	at org.springframework.web.servlet.mvc.method.annotation.RequestMappingHandlerAdapter.invokeHandlerMethod(RequestMappingHandlerAdapter.java:934) ~[spring-webmvc-7.0.7.jar:7.0.7]
	at org.springframework.web.servlet.mvc.method.annotation.RequestMappingHandlerAdapter.handleInternal(RequestMappingHandlerAdapter.java:853) ~[spring-webmvc-7.0.7.jar:7.0.7]
	at org.springframework.web.servlet.mvc.method.AbstractHandlerMethodAdapter.handle(AbstractHandlerMethodAdapter.java:86) ~[spring-webmvc-7.0.7.jar:7.0.7]
	at org.springframework.web.servlet.DispatcherServlet.doDispatch(DispatcherServlet.java:963) ~[spring-webmvc-7.0.7.jar:7.0.7]
	at org.springframework.web.servlet.DispatcherServlet.doService(DispatcherServlet.java:866) ~[spring-webmvc-7.0.7.jar:7.0.7]
	at org.springframework.web.servlet.FrameworkServlet.processRequest(FrameworkServlet.java:1000) ~[spring-webmvc-7.0.7.jar:7.0.7]
	at org.springframework.web.servlet.FrameworkServlet.doGet(FrameworkServlet.java:892) ~[spring-webmvc-7.0.7.jar:7.0.7]
	at jakarta.servlet.http.HttpServlet.service(HttpServlet.java:622) ~[tomcat-embed-core-11.0.21.jar:6.1]
	at org.springframework.web.servlet.FrameworkServlet.service(FrameworkServlet.java:874) ~[spring-webmvc-7.0.7.jar:7.0.7]
	at jakarta.servlet.http.HttpServlet.service(HttpServlet.java:710) ~[tomcat-embed-core-11.0.21.jar:6.1]
	at org.apache.catalina.core.ApplicationFilterChain.doFilter(ApplicationFilterChain.java:128) ~[tomcat-embed-core-11.0.21.jar:11.0.21]
	at org.apache.tomcat.websocket.server.WsFilter.doFilter(WsFilter.java:53) ~[tomcat-embed-websocket-11.0.21.jar:11.0.21]
	at org.apache.catalina.core.ApplicationFilterChain.doFilter(ApplicationFilterChain.java:107) ~[tomcat-embed-core-11.0.21.jar:11.0.21]
	at org.springframework.web.filter.RequestContextFilter.doFilterInternal(RequestContextFilter.java:100) ~[spring-web-7.0.7.jar:7.0.7]
	at org.springframework.web.filter.OncePerRequestFilter.doFilter(OncePerRequestFilter.java:116) ~[spring-web-7.0.7.jar:7.0.7]
	at org.apache.catalina.core.ApplicationFilterChain.doFilter(ApplicationFilterChain.java:107) ~[tomcat-embed-core-11.0.21.jar:11.0.21]
	at org.springframework.web.filter.FormContentFilter.doFilterInternal(FormContentFilter.java:93) ~[spring-web-7.0.7.jar:7.0.7]
	at org.springframework.web.filter.OncePerRequestFilter.doFilter(OncePerRequestFilter.java:116) ~[spring-web-7.0.7.jar:7.0.7]
	at org.apache.catalina.core.ApplicationFilterChain.doFilter(ApplicationFilterChain.java:107) ~[tomcat-embed-core-11.0.21.jar:11.0.21]
	at org.springframework.web.filter.CharacterEncodingFilter.doFilterInternal(CharacterEncodingFilter.java:199) ~[spring-web-7.0.7.jar:7.0.7]
	at org.springframework.web.filter.OncePerRequestFilter.doFilter(OncePerRequestFilter.java:116) ~[spring-web-7.0.7.jar:7.0.7]
	at org.apache.catalina.core.ApplicationFilterChain.doFilter(ApplicationFilterChain.java:107) ~[tomcat-embed-core-11.0.21.jar:11.0.21]
	at org.apache.catalina.core.StandardWrapperValve.invoke(StandardWrapperValve.java:165) ~[tomcat-embed-core-11.0.21.jar:11.0.21]
	at org.apache.catalina.core.StandardContextValve.invoke(StandardContextValve.java:77) ~[tomcat-embed-core-11.0.21.jar:11.0.21]
	at org.apache.catalina.authenticator.AuthenticatorBase.invoke(AuthenticatorBase.java:492) ~[tomcat-embed-core-11.0.21.jar:11.0.21]
	at org.apache.catalina.core.StandardHostValve.invoke(StandardHostValve.java:113) ~[tomcat-embed-core-11.0.21.jar:11.0.21]
	at org.apache.catalina.valves.ErrorReportValve.invoke(ErrorReportValve.java:83) ~[tomcat-embed-core-11.0.21.jar:11.0.21]
	at org.apache.catalina.core.StandardEngineValve.invoke(StandardEngineValve.java:72) ~[tomcat-embed-core-11.0.21.jar:11.0.21]
	at org.apache.catalina.connector.CoyoteAdapter.service(CoyoteAdapter.java:341) ~[tomcat-embed-core-11.0.21.jar:11.0.21]
	at org.apache.coyote.http11.Http11Processor.service(Http11Processor.java:397) ~[tomcat-embed-core-11.0.21.jar:11.0.21]
	at org.apache.coyote.AbstractProcessorLight.process(AbstractProcessorLight.java:63) ~[tomcat-embed-core-11.0.21.jar:11.0.21]
	at org.apache.coyote.AbstractProtocol$ConnectionHandler.process(AbstractProtocol.java:903) ~[tomcat-embed-core-11.0.21.jar:11.0.21]
	at org.apache.tomcat.util.net.NioEndpoint$SocketProcessor.doRun(NioEndpoint.java:1801) ~[tomcat-embed-core-11.0.21.jar:11.0.21]
	at org.apache.tomcat.util.net.SocketProcessorBase.run(SocketProcessorBase.java:52) ~[tomcat-embed-core-11.0.21.jar:11.0.21]
	at org.apache.tomcat.util.threads.ThreadPoolExecutor.runWorker(ThreadPoolExecutor.java:946) ~[tomcat-embed-core-11.0.21.jar:11.0.21]
	at org.apache.tomcat.util.threads.ThreadPoolExecutor$Worker.run(ThreadPoolExecutor.java:480) ~[tomcat-embed-core-11.0.21.jar:11.0.21]
	at org.apache.tomcat.util.threads.TaskThread$WrappingRunnable.run(TaskThread.java:57) ~[tomcat-embed-core-11.0.21.jar:11.0.21]
	at java.base/java.lang.Thread.run(Thread.java:840) ~[na:na]
Caused by: java.sql.SQLSyntaxErrorException: Table 'assignhub.t_assignment' doesn't exist
	at com.mysql.cj.jdbc.exceptions.SQLError.createSQLException(SQLError.java:112) ~[mysql-connector-j-9.7.0.jar:9.7.0]
	at com.mysql.cj.jdbc.exceptions.SQLExceptionsMapping.translateException(SQLExceptionsMapping.java:114) ~[mysql-connector-j-9.7.0.jar:9.7.0]
	at com.mysql.cj.jdbc.ClientPreparedStatement.executeInternal(ClientPreparedStatement.java:988) ~[mysql-connector-j-9.7.0.jar:9.7.0]
	at com.mysql.cj.jdbc.ClientPreparedStatement.execute(ClientPreparedStatement.java:383) ~[mysql-connector-j-9.7.0.jar:9.7.0]
	at com.zaxxer.hikari.pool.ProxyPreparedStatement.execute(ProxyPreparedStatement.java:44) ~[HikariCP-7.0.2.jar:na]
	at com.zaxxer.hikari.pool.HikariProxyPreparedStatement.execute(HikariProxyPreparedStatement.java) ~[HikariCP-7.0.2.jar:na]
	at jdk.internal.reflect.GeneratedMethodAccessor60.invoke(Unknown Source) ~[na:na]
	at java.base/jdk.internal.reflect.DelegatingMethodAccessorImpl.invoke(DelegatingMethodAccessorImpl.java:43) ~[na:na]
	at java.base/java.lang.reflect.Method.invoke(Method.java:569) ~[na:na]
	at org.apache.ibatis.logging.jdbc.PreparedStatementLogger.invoke(PreparedStatementLogger.java:58) ~[mybatis-3.5.19.jar:3.5.19]
	at jdk.proxy4/jdk.proxy4.$Proxy93.execute(Unknown Source) ~[na:na]
	at org.apache.ibatis.executor.statement.PreparedStatementHandler.query(PreparedStatementHandler.java:65) ~[mybatis-3.5.19.jar:3.5.19]
	at org.apache.ibatis.executor.statement.RoutingStatementHandler.query(RoutingStatementHandler.java:80) ~[mybatis-3.5.19.jar:3.5.19]
	at org.apache.ibatis.executor.SimpleExecutor.doQuery(SimpleExecutor.java:65) ~[mybatis-3.5.19.jar:3.5.19]
	at org.apache.ibatis.executor.BaseExecutor.queryFromDatabase(BaseExecutor.java:336) ~[mybatis-3.5.19.jar:3.5.19]
	at org.apache.ibatis.executor.BaseExecutor.query(BaseExecutor.java:158) ~[mybatis-3.5.19.jar:3.5.19]
	at org.apache.ibatis.executor.CachingExecutor.query(CachingExecutor.java:110) ~[mybatis-3.5.19.jar:3.5.19]
	at org.apache.ibatis.executor.CachingExecutor.query(CachingExecutor.java:90) ~[mybatis-3.5.19.jar:3.5.19]
	at org.apache.ibatis.session.defaults.DefaultSqlSession.selectList(DefaultSqlSession.java:154) ~[mybatis-3.5.19.jar:3.5.19]
	at org.apache.ibatis.session.defaults.DefaultSqlSession.selectList(DefaultSqlSession.java:147) ~[mybatis-3.5.19.jar:3.5.19]
	at org.apache.ibatis.session.defaults.DefaultSqlSession.selectList(DefaultSqlSession.java:142) ~[mybatis-3.5.19.jar:3.5.19]
	at jdk.internal.reflect.GeneratedMethodAccessor58.invoke(Unknown Source) ~[na:na]
	at java.base/jdk.internal.reflect.DelegatingMethodAccessorImpl.invoke(DelegatingMethodAccessorImpl.java:43) ~[na:na]
	at java.base/java.lang.reflect.Method.invoke(Method.java:569) ~[na:na]
	at org.mybatis.spring.SqlSessionTemplate$SqlSessionInterceptor.invoke(SqlSessionTemplate.java:348) ~[mybatis-spring-4.0.0.jar:4.0.0]
	... 61 common frames omitted

2026-06-15T11:03:06.209+09:00 ERROR 31684 --- [http-nio-8080-exec-6] o.a.c.c.C.[.[.[/].[dispatcherServlet]    : Servlet.service() for servlet [dispatcherServlet] in context with path [] threw exception [Request processing failed: org.springframework.jdbc.BadSqlGrammarException: 
### Error querying database.  Cause: java.sql.SQLSyntaxErrorException: Table 'assignhub.t_assignment' doesn't exist
### The error may exist in file [C:\Users\お客様\git\AssignHub\AssignHub\target\classes\mapper\EmployeeMapper.xml]
### The error may involve defaultParameterMap
### The error occurred while setting parameters
### SQL: SELECT e.*,   c.company_name AS emp_company,   c2.company_name AS emp_assign_company   FROM m_employee e   LEFT JOIN m_company c   ON   e.company_id = c.company_id   LEFT JOIN t_assignment a   ON a.emp_id = e.emp_id   AND a.contract_end_date is null   LEFT JOIN m_company c2   ON   a.company_id = c2.company_id     WHERE e.delete_flg = 0
### Cause: java.sql.SQLSyntaxErrorException: Table 'assignhub.t_assignment' doesn't exist
; bad SQL grammar []] with root cause

java.sql.SQLSyntaxErrorException: Table 'assignhub.t_assignment' doesn't exist
	at com.mysql.cj.jdbc.exceptions.SQLError.createSQLException(SQLError.java:112) ~[mysql-connector-j-9.7.0.jar:9.7.0]
	at com.mysql.cj.jdbc.exceptions.SQLExceptionsMapping.translateException(SQLExceptionsMapping.java:114) ~[mysql-connector-j-9.7.0.jar:9.7.0]
	at com.mysql.cj.jdbc.ClientPreparedStatement.executeInternal(ClientPreparedStatement.java:988) ~[mysql-connector-j-9.7.0.jar:9.7.0]
	at com.mysql.cj.jdbc.ClientPreparedStatement.execute(ClientPreparedStatement.java:383) ~[mysql-connector-j-9.7.0.jar:9.7.0]
	at com.zaxxer.hikari.pool.ProxyPreparedStatement.execute(ProxyPreparedStatement.java:44) ~[HikariCP-7.0.2.jar:na]
	at com.zaxxer.hikari.pool.HikariProxyPreparedStatement.execute(HikariProxyPreparedStatement.java) ~[HikariCP-7.0.2.jar:na]
	at jdk.internal.reflect.GeneratedMethodAccessor60.invoke(Unknown Source) ~[na:na]
	at java.base/jdk.internal.reflect.DelegatingMethodAccessorImpl.invoke(DelegatingMethodAccessorImpl.java:43) ~[na:na]
	at java.base/java.lang.reflect.Method.invoke(Method.java:569) ~[na:na]
	at org.apache.ibatis.logging.jdbc.PreparedStatementLogger.invoke(PreparedStatementLogger.java:58) ~[mybatis-3.5.19.jar:3.5.19]
	at jdk.proxy4/jdk.proxy4.$Proxy93.execute(Unknown Source) ~[na:na]
	at org.apache.ibatis.executor.statement.PreparedStatementHandler.query(PreparedStatementHandler.java:65) ~[mybatis-3.5.19.jar:3.5.19]
	at org.apache.ibatis.executor.statement.RoutingStatementHandler.query(RoutingStatementHandler.java:80) ~[mybatis-3.5.19.jar:3.5.19]
	at org.apache.ibatis.executor.SimpleExecutor.doQuery(SimpleExecutor.java:65) ~[mybatis-3.5.19.jar:3.5.19]
	at org.apache.ibatis.executor.BaseExecutor.queryFromDatabase(BaseExecutor.java:336) ~[mybatis-3.5.19.jar:3.5.19]
	at org.apache.ibatis.executor.BaseExecutor.query(BaseExecutor.java:158) ~[mybatis-3.5.19.jar:3.5.19]
	at org.apache.ibatis.executor.CachingExecutor.query(CachingExecutor.java:110) ~[mybatis-3.5.19.jar:3.5.19]
	at org.apache.ibatis.executor.CachingExecutor.query(CachingExecutor.java:90) ~[mybatis-3.5.19.jar:3.5.19]
	at org.apache.ibatis.session.defaults.DefaultSqlSession.selectList(DefaultSqlSession.java:154) ~[mybatis-3.5.19.jar:3.5.19]
	at org.apache.ibatis.session.defaults.DefaultSqlSession.selectList(DefaultSqlSession.java:147) ~[mybatis-3.5.19.jar:3.5.19]
	at org.apache.ibatis.session.defaults.DefaultSqlSession.selectList(DefaultSqlSession.java:142) ~[mybatis-3.5.19.jar:3.5.19]
	at jdk.internal.reflect.GeneratedMethodAccessor58.invoke(Unknown Source) ~[na:na]
	at java.base/jdk.internal.reflect.DelegatingMethodAccessorImpl.invoke(DelegatingMethodAccessorImpl.java:43) ~[na:na]
	at java.base/java.lang.reflect.Method.invoke(Method.java:569) ~[na:na]
	at org.mybatis.spring.SqlSessionTemplate$SqlSessionInterceptor.invoke(SqlSessionTemplate.java:348) ~[mybatis-spring-4.0.0.jar:4.0.0]
	at jdk.proxy2/jdk.proxy2.$Proxy71.selectList(Unknown Source) ~[na:na]
	at org.mybatis.spring.SqlSessionTemplate.selectList(SqlSessionTemplate.java:209) ~[mybatis-spring-4.0.0.jar:4.0.0]
	at org.apache.ibatis.binding.MapperMethod.executeForMany(MapperMethod.java:147) ~[mybatis-3.5.19.jar:3.5.19]
	at org.apache.ibatis.binding.MapperMethod.execute(MapperMethod.java:80) ~[mybatis-3.5.19.jar:3.5.19]
	at org.apache.ibatis.binding.MapperProxy$PlainMethodInvoker.invoke(MapperProxy.java:141) ~[mybatis-3.5.19.jar:3.5.19]
	at org.apache.ibatis.binding.MapperProxy.invoke(MapperProxy.java:86) ~[mybatis-3.5.19.jar:3.5.19]
	at jdk.proxy7/jdk.proxy7.$Proxy106.findAll(Unknown Source) ~[na:na]
	at com.assignhub.service.EmployeeService.findAll(EmployeeService.java:43) ~[classes/:na]
	at java.base/jdk.internal.reflect.NativeMethodAccessorImpl.invoke0(Native Method) ~[na:na]
	at java.base/jdk.internal.reflect.NativeMethodAccessorImpl.invoke(NativeMethodAccessorImpl.java:77) ~[na:na]
	at java.base/jdk.internal.reflect.DelegatingMethodAccessorImpl.invoke(DelegatingMethodAccessorImpl.java:43) ~[na:na]
	at java.base/java.lang.reflect.Method.invoke(Method.java:569) ~[na:na]
	at org.springframework.aop.support.AopUtils.invokeJoinpointUsingReflection(AopUtils.java:359) ~[spring-aop-7.0.7.jar:7.0.7]
	at org.springframework.aop.framework.CglibAopProxy$DynamicAdvisedInterceptor.intercept(CglibAopProxy.java:715) ~[spring-aop-7.0.7.jar:7.0.7]
	at com.assignhub.service.EmployeeService$$SpringCGLIB$$0.findAll(<generated>) ~[classes/:na]
	at com.assignhub.controller.EmployeeController.index(EmployeeController.java:52) ~[classes/:na]
	at java.base/jdk.internal.reflect.NativeMethodAccessorImpl.invoke0(Native Method) ~[na:na]
	at java.base/jdk.internal.reflect.NativeMethodAccessorImpl.invoke(NativeMethodAccessorImpl.java:77) ~[na:na]
	at java.base/jdk.internal.reflect.DelegatingMethodAccessorImpl.invoke(DelegatingMethodAccessorImpl.java:43) ~[na:na]
	at java.base/java.lang.reflect.Method.invoke(Method.java:569) ~[na:na]
	at org.springframework.web.method.support.InvocableHandlerMethod.doInvoke(InvocableHandlerMethod.java:252) ~[spring-web-7.0.7.jar:7.0.7]
	at org.springframework.web.method.support.InvocableHandlerMethod.invokeForRequest(InvocableHandlerMethod.java:184) ~[spring-web-7.0.7.jar:7.0.7]
	at org.springframework.web.servlet.mvc.method.annotation.ServletInvocableHandlerMethod.invokeAndHandle(ServletInvocableHandlerMethod.java:117) ~[spring-webmvc-7.0.7.jar:7.0.7]
	at org.springframework.web.servlet.mvc.method.annotation.RequestMappingHandlerAdapter.invokeHandlerMethod(RequestMappingHandlerAdapter.java:934) ~[spring-webmvc-7.0.7.jar:7.0.7]
	at org.springframework.web.servlet.mvc.method.annotation.RequestMappingHandlerAdapter.handleInternal(RequestMappingHandlerAdapter.java:853) ~[spring-webmvc-7.0.7.jar:7.0.7]
	at org.springframework.web.servlet.mvc.method.AbstractHandlerMethodAdapter.handle(AbstractHandlerMethodAdapter.java:86) ~[spring-webmvc-7.0.7.jar:7.0.7]
	at org.springframework.web.servlet.DispatcherServlet.doDispatch(DispatcherServlet.java:963) ~[spring-webmvc-7.0.7.jar:7.0.7]
	at org.springframework.web.servlet.DispatcherServlet.doService(DispatcherServlet.java:866) ~[spring-webmvc-7.0.7.jar:7.0.7]
	at org.springframework.web.servlet.FrameworkServlet.processRequest(FrameworkServlet.java:1000) ~[spring-webmvc-7.0.7.jar:7.0.7]
	at org.springframework.web.servlet.FrameworkServlet.doGet(FrameworkServlet.java:892) ~[spring-webmvc-7.0.7.jar:7.0.7]
	at jakarta.servlet.http.HttpServlet.service(HttpServlet.java:622) ~[tomcat-embed-core-11.0.21.jar:6.1]
	at org.springframework.web.servlet.FrameworkServlet.service(FrameworkServlet.java:874) ~[spring-webmvc-7.0.7.jar:7.0.7]
	at jakarta.servlet.http.HttpServlet.service(HttpServlet.java:710) ~[tomcat-embed-core-11.0.21.jar:6.1]
	at org.apache.catalina.core.ApplicationFilterChain.doFilter(ApplicationFilterChain.java:128) ~[tomcat-embed-core-11.0.21.jar:11.0.21]
	at org.apache.tomcat.websocket.server.WsFilter.doFilter(WsFilter.java:53) ~[tomcat-embed-websocket-11.0.21.jar:11.0.21]
	at org.apache.catalina.core.ApplicationFilterChain.doFilter(ApplicationFilterChain.java:107) ~[tomcat-embed-core-11.0.21.jar:11.0.21]
	at org.springframework.web.filter.RequestContextFilter.doFilterInternal(RequestContextFilter.java:100) ~[spring-web-7.0.7.jar:7.0.7]
	at org.springframework.web.filter.OncePerRequestFilter.doFilter(OncePerRequestFilter.java:116) ~[spring-web-7.0.7.jar:7.0.7]
	at org.apache.catalina.core.ApplicationFilterChain.doFilter(ApplicationFilterChain.java:107) ~[tomcat-embed-core-11.0.21.jar:11.0.21]
	at org.springframework.web.filter.FormContentFilter.doFilterInternal(FormContentFilter.java:93) ~[spring-web-7.0.7.jar:7.0.7]
	at org.springframework.web.filter.OncePerRequestFilter.doFilter(OncePerRequestFilter.java:116) ~[spring-web-7.0.7.jar:7.0.7]
	at org.apache.catalina.core.ApplicationFilterChain.doFilter(ApplicationFilterChain.java:107) ~[tomcat-embed-core-11.0.21.jar:11.0.21]
	at org.springframework.web.filter.CharacterEncodingFilter.doFilterInternal(CharacterEncodingFilter.java:199) ~[spring-web-7.0.7.jar:7.0.7]
	at org.springframework.web.filter.OncePerRequestFilter.doFilter(OncePerRequestFilter.java:116) ~[spring-web-7.0.7.jar:7.0.7]
	at org.apache.catalina.core.ApplicationFilterChain.doFilter(ApplicationFilterChain.java:107) ~[tomcat-embed-core-11.0.21.jar:11.0.21]
	at org.apache.catalina.core.StandardWrapperValve.invoke(StandardWrapperValve.java:165) ~[tomcat-embed-core-11.0.21.jar:11.0.21]
	at org.apache.catalina.core.StandardContextValve.invoke(StandardContextValve.java:77) ~[tomcat-embed-core-11.0.21.jar:11.0.21]
	at org.apache.catalina.authenticator.AuthenticatorBase.invoke(AuthenticatorBase.java:492) ~[tomcat-embed-core-11.0.21.jar:11.0.21]
	at org.apache.catalina.core.StandardHostValve.invoke(StandardHostValve.java:113) ~[tomcat-embed-core-11.0.21.jar:11.0.21]
	at org.apache.catalina.valves.ErrorReportValve.invoke(ErrorReportValve.java:83) ~[tomcat-embed-core-11.0.21.jar:11.0.21]
	at org.apache.catalina.core.StandardEngineValve.invoke(StandardEngineValve.java:72) ~[tomcat-embed-core-11.0.21.jar:11.0.21]
	at org.apache.catalina.connector.CoyoteAdapter.service(CoyoteAdapter.java:341) ~[tomcat-embed-core-11.0.21.jar:11.0.21]
	at org.apache.coyote.http11.Http11Processor.service(Http11Processor.java:397) ~[tomcat-embed-core-11.0.21.jar:11.0.21]
	at org.apache.coyote.AbstractProcessorLight.process(AbstractProcessorLight.java:63) ~[tomcat-embed-core-11.0.21.jar:11.0.21]
	at org.apache.coyote.AbstractProtocol$ConnectionHandler.process(AbstractProtocol.java:903) ~[tomcat-embed-core-11.0.21.jar:11.0.21]
	at org.apache.tomcat.util.net.NioEndpoint$SocketProcessor.doRun(NioEndpoint.java:1801) ~[tomcat-embed-core-11.0.21.jar:11.0.21]
	at org.apache.tomcat.util.net.SocketProcessorBase.run(SocketProcessorBase.java:52) ~[tomcat-embed-core-11.0.21.jar:11.0.21]
	at org.apache.tomcat.util.threads.ThreadPoolExecutor.runWorker(ThreadPoolExecutor.java:946) ~[tomcat-embed-core-11.0.21.jar:11.0.21]
	at org.apache.tomcat.util.threads.ThreadPoolExecutor$Worker.run(ThreadPoolExecutor.java:480) ~[tomcat-embed-core-11.0.21.jar:11.0.21]
	at org.apache.tomcat.util.threads.TaskThread$WrappingRunnable.run(TaskThread.java:57) ~[tomcat-embed-core-11.0.21.jar:11.0.21]
	at java.base/java.lang.Thread.run(Thread.java:840) ~[na:na]

2026-06-15T11:03:31.018+09:00  INFO 31684 --- [File Watcher] rtingClassPathChangeChangedEventListener : Restarting due to 1 class path change (0 additions, 0 deletions, 1 modification)
2026-06-15T11:03:31.020+09:00  INFO 31684 --- [Thread-13] o.s.boot.tomcat.GracefulShutdown         : Commencing graceful shutdown. Waiting for active requests to complete
2026-06-15T11:03:31.203+09:00  INFO 31684 --- [tomcat-shutdown] o.s.boot.tomcat.GracefulShutdown         : Graceful shutdown complete
2026-06-15T11:03:31.205+09:00  INFO 31684 --- [Thread-13] com.zaxxer.hikari.HikariDataSource       : HikariPool-4 - Shutdown initiated...
2026-06-15T11:03:31.207+09:00  INFO 31684 --- [Thread-13] com.zaxxer.hikari.HikariDataSource       : HikariPool-4 - Shutdown completed.
2026-06-15T11:03:31.266+09:00  INFO 31684 --- [restartedMain] com.assignhub.AssignHubApplication       : Starting AssignHubApplication using Java 17.0.13 with PID 31684 (C:\Users\お客様\git\AssignHub\AssignHub\target\classes started by お客様 in C:\Users\お客様\git\AssignHub\AssignHub)
2026-06-15T11:03:31.266+09:00  INFO 31684 --- [restartedMain] com.assignhub.AssignHubApplication       : No active profile set, falling back to 1 default profile: "default"
2026-06-15T11:03:31.403+09:00  INFO 31684 --- [restartedMain] o.s.boot.tomcat.TomcatWebServer          : Tomcat initialized with port 8080 (http)
2026-06-15T11:03:31.404+09:00  INFO 31684 --- [restartedMain] o.apache.catalina.core.StandardService   : Starting service [Tomcat]
2026-06-15T11:03:31.404+09:00  INFO 31684 --- [restartedMain] o.apache.catalina.core.StandardEngine    : Starting Servlet engine: [Apache Tomcat/11.0.21]
2026-06-15T11:03:31.416+09:00  INFO 31684 --- [restartedMain] b.w.c.s.WebApplicationContextInitializer : Root WebApplicationContext: initialization completed in 146 ms
2026-06-15T11:03:31.534+09:00  INFO 31684 --- [restartedMain] o.s.boot.tomcat.TomcatWebServer          : Tomcat started on port 8080 (http) with context path '/'
2026-06-15T11:03:31.536+09:00  INFO 31684 --- [restartedMain] com.assignhub.AssignHubApplication       : Started AssignHubApplication in 0.285 seconds (process running for 3088.704)
2026-06-15T11:03:31.536+09:00  INFO 31684 --- [restartedMain] .ConditionEvaluationDeltaLoggingListener : Condition evaluation unchanged
2026-06-15T11:03:33.548+09:00  INFO 31684 --- [http-nio-8080-exec-1] o.a.c.c.C.[Tomcat].[localhost].[/]       : Initializing Spring DispatcherServlet 'dispatcherServlet'
2026-06-15T11:03:33.548+09:00  INFO 31684 --- [http-nio-8080-exec-1] o.s.web.servlet.DispatcherServlet        : Initializing Servlet 'dispatcherServlet'
2026-06-15T11:03:33.549+09:00  INFO 31684 --- [http-nio-8080-exec-1] o.s.web.servlet.DispatcherServlet        : Completed initialization in 0 ms
2026-06-15T11:03:33.551+09:00  INFO 31684 --- [http-nio-8080-exec-1] com.zaxxer.hikari.HikariDataSource       : HikariPool-5 - Starting...
2026-06-15T11:03:33.567+09:00  INFO 31684 --- [http-nio-8080-exec-1] com.zaxxer.hikari.pool.HikariPool        : HikariPool-5 - Added connection com.mysql.cj.jdbc.ConnectionImpl@4568c3a0
2026-06-15T11:03:33.567+09:00  INFO 31684 --- [http-nio-8080-exec-1] com.zaxxer.hikari.HikariDataSource       : HikariPool-5 - Start completed.
2026-06-15T11:03:33.568+09:00 DEBUG 31684 --- [http-nio-8080-exec-1] c.a.mapper.AccountMapper.findAll         : ==>  Preparing: SELECT a.*, e.last_name, e.first_name FROM m_account a left JOIN m_employee e ON a.account_id = e.emp_id AND (e.delete_flg = 0 OR e.delete_flg IS NULL) WHERE a.delete_flg = 0 ORDER BY a.account_id ASC
2026-06-15T11:03:33.568+09:00 DEBUG 31684 --- [http-nio-8080-exec-1] c.a.mapper.AccountMapper.findAll         : ==> Parameters: 
2026-06-15T11:03:33.571+09:00 DEBUG 31684 --- [http-nio-8080-exec-1] c.a.mapper.AccountMapper.findAll         : <==      Total: 13
2026-06-15T11:03:43.304+09:00 ERROR 31684 --- [http-nio-8080-exec-9] c.a.controller.GlobalExceptionHandler    : 【システムエラー】予期せぬ例外が発生しました。

org.mybatis.spring.MyBatisSystemException: 
### Error querying database.  Cause: org.apache.ibatis.binding.BindingException: Parameter 'txt_emp_name' not found. Available parameters are [sort, keyword, param3, param1, param2, order]
### Cause: org.apache.ibatis.binding.BindingException: Parameter 'txt_emp_name' not found. Available parameters are [sort, keyword, param3, param1, param2, order]
	at org.mybatis.spring.MyBatisExceptionTranslator.translateExceptionIfPossible(MyBatisExceptionTranslator.java:101) ~[mybatis-spring-4.0.0.jar:4.0.0]
	at org.mybatis.spring.SqlSessionTemplate$SqlSessionInterceptor.invoke(SqlSessionTemplate.java:362) ~[mybatis-spring-4.0.0.jar:4.0.0]
	at jdk.proxy2/jdk.proxy2.$Proxy71.selectList(Unknown Source) ~[na:na]
	at org.mybatis.spring.SqlSessionTemplate.selectList(SqlSessionTemplate.java:209) ~[mybatis-spring-4.0.0.jar:4.0.0]
	at org.apache.ibatis.binding.MapperMethod.executeForMany(MapperMethod.java:147) ~[mybatis-3.5.19.jar:3.5.19]
	at org.apache.ibatis.binding.MapperMethod.execute(MapperMethod.java:80) ~[mybatis-3.5.19.jar:3.5.19]
	at org.apache.ibatis.binding.MapperProxy$PlainMethodInvoker.invoke(MapperProxy.java:141) ~[mybatis-3.5.19.jar:3.5.19]
	at org.apache.ibatis.binding.MapperProxy.invoke(MapperProxy.java:86) ~[mybatis-3.5.19.jar:3.5.19]
	at jdk.proxy8/jdk.proxy8.$Proxy109.findAll(Unknown Source) ~[na:na]
	at com.assignhub.service.EmployeeService.findAll(EmployeeService.java:43) ~[classes/:na]
	at java.base/jdk.internal.reflect.NativeMethodAccessorImpl.invoke0(Native Method) ~[na:na]
	at java.base/jdk.internal.reflect.NativeMethodAccessorImpl.invoke(NativeMethodAccessorImpl.java:77) ~[na:na]
	at java.base/jdk.internal.reflect.DelegatingMethodAccessorImpl.invoke(DelegatingMethodAccessorImpl.java:43) ~[na:na]
	at java.base/java.lang.reflect.Method.invoke(Method.java:569) ~[na:na]
	at org.springframework.aop.support.AopUtils.invokeJoinpointUsingReflection(AopUtils.java:359) ~[spring-aop-7.0.7.jar:7.0.7]
	at org.springframework.aop.framework.CglibAopProxy$DynamicAdvisedInterceptor.intercept(CglibAopProxy.java:715) ~[spring-aop-7.0.7.jar:7.0.7]
	at com.assignhub.service.EmployeeService$$SpringCGLIB$$0.findAll(<generated>) ~[classes/:na]
	at com.assignhub.controller.EmployeeController.index(EmployeeController.java:52) ~[classes/:na]
	at java.base/jdk.internal.reflect.NativeMethodAccessorImpl.invoke0(Native Method) ~[na:na]
	at java.base/jdk.internal.reflect.NativeMethodAccessorImpl.invoke(NativeMethodAccessorImpl.java:77) ~[na:na]
	at java.base/jdk.internal.reflect.DelegatingMethodAccessorImpl.invoke(DelegatingMethodAccessorImpl.java:43) ~[na:na]
	at java.base/java.lang.reflect.Method.invoke(Method.java:569) ~[na:na]
	at org.springframework.web.method.support.InvocableHandlerMethod.doInvoke(InvocableHandlerMethod.java:252) ~[spring-web-7.0.7.jar:7.0.7]
	at org.springframework.web.method.support.InvocableHandlerMethod.invokeForRequest(InvocableHandlerMethod.java:184) ~[spring-web-7.0.7.jar:7.0.7]
	at org.springframework.web.servlet.mvc.method.annotation.ServletInvocableHandlerMethod.invokeAndHandle(ServletInvocableHandlerMethod.java:117) ~[spring-webmvc-7.0.7.jar:7.0.7]
	at org.springframework.web.servlet.mvc.method.annotation.RequestMappingHandlerAdapter.invokeHandlerMethod(RequestMappingHandlerAdapter.java:934) ~[spring-webmvc-7.0.7.jar:7.0.7]
	at org.springframework.web.servlet.mvc.method.annotation.RequestMappingHandlerAdapter.handleInternal(RequestMappingHandlerAdapter.java:853) ~[spring-webmvc-7.0.7.jar:7.0.7]
	at org.springframework.web.servlet.mvc.method.AbstractHandlerMethodAdapter.handle(AbstractHandlerMethodAdapter.java:86) ~[spring-webmvc-7.0.7.jar:7.0.7]
	at org.springframework.web.servlet.DispatcherServlet.doDispatch(DispatcherServlet.java:963) ~[spring-webmvc-7.0.7.jar:7.0.7]
	at org.springframework.web.servlet.DispatcherServlet.doService(DispatcherServlet.java:866) ~[spring-webmvc-7.0.7.jar:7.0.7]
	at org.springframework.web.servlet.FrameworkServlet.processRequest(FrameworkServlet.java:1000) ~[spring-webmvc-7.0.7.jar:7.0.7]
	at org.springframework.web.servlet.FrameworkServlet.doGet(FrameworkServlet.java:892) ~[spring-webmvc-7.0.7.jar:7.0.7]
	at jakarta.servlet.http.HttpServlet.service(HttpServlet.java:622) ~[tomcat-embed-core-11.0.21.jar:6.1]
	at org.springframework.web.servlet.FrameworkServlet.service(FrameworkServlet.java:874) ~[spring-webmvc-7.0.7.jar:7.0.7]
	at jakarta.servlet.http.HttpServlet.service(HttpServlet.java:710) ~[tomcat-embed-core-11.0.21.jar:6.1]
	at org.apache.catalina.core.ApplicationFilterChain.doFilter(ApplicationFilterChain.java:128) ~[tomcat-embed-core-11.0.21.jar:11.0.21]
	at org.apache.tomcat.websocket.server.WsFilter.doFilter(WsFilter.java:53) ~[tomcat-embed-websocket-11.0.21.jar:11.0.21]
	at org.apache.catalina.core.ApplicationFilterChain.doFilter(ApplicationFilterChain.java:107) ~[tomcat-embed-core-11.0.21.jar:11.0.21]
	at org.springframework.web.filter.RequestContextFilter.doFilterInternal(RequestContextFilter.java:100) ~[spring-web-7.0.7.jar:7.0.7]
	at org.springframework.web.filter.OncePerRequestFilter.doFilter(OncePerRequestFilter.java:116) ~[spring-web-7.0.7.jar:7.0.7]
	at org.apache.catalina.core.ApplicationFilterChain.doFilter(ApplicationFilterChain.java:107) ~[tomcat-embed-core-11.0.21.jar:11.0.21]
	at org.springframework.web.filter.FormContentFilter.doFilterInternal(FormContentFilter.java:93) ~[spring-web-7.0.7.jar:7.0.7]
	at org.springframework.web.filter.OncePerRequestFilter.doFilter(OncePerRequestFilter.java:116) ~[spring-web-7.0.7.jar:7.0.7]
	at org.apache.catalina.core.ApplicationFilterChain.doFilter(ApplicationFilterChain.java:107) ~[tomcat-embed-core-11.0.21.jar:11.0.21]
	at org.springframework.web.filter.CharacterEncodingFilter.doFilterInternal(CharacterEncodingFilter.java:199) ~[spring-web-7.0.7.jar:7.0.7]
	at org.springframework.web.filter.OncePerRequestFilter.doFilter(OncePerRequestFilter.java:116) ~[spring-web-7.0.7.jar:7.0.7]
	at org.apache.catalina.core.ApplicationFilterChain.doFilter(ApplicationFilterChain.java:107) ~[tomcat-embed-core-11.0.21.jar:11.0.21]
	at org.apache.catalina.core.StandardWrapperValve.invoke(StandardWrapperValve.java:165) ~[tomcat-embed-core-11.0.21.jar:11.0.21]
	at org.apache.catalina.core.StandardContextValve.invoke(StandardContextValve.java:77) ~[tomcat-embed-core-11.0.21.jar:11.0.21]
	at org.apache.catalina.authenticator.AuthenticatorBase.invoke(AuthenticatorBase.java:492) ~[tomcat-embed-core-11.0.21.jar:11.0.21]
	at org.apache.catalina.core.StandardHostValve.invoke(StandardHostValve.java:113) ~[tomcat-embed-core-11.0.21.jar:11.0.21]
	at org.apache.catalina.valves.ErrorReportValve.invoke(ErrorReportValve.java:83) ~[tomcat-embed-core-11.0.21.jar:11.0.21]
	at org.apache.catalina.core.StandardEngineValve.invoke(StandardEngineValve.java:72) ~[tomcat-embed-core-11.0.21.jar:11.0.21]
	at org.apache.catalina.connector.CoyoteAdapter.service(CoyoteAdapter.java:341) ~[tomcat-embed-core-11.0.21.jar:11.0.21]
	at org.apache.coyote.http11.Http11Processor.service(Http11Processor.java:397) ~[tomcat-embed-core-11.0.21.jar:11.0.21]
	at org.apache.coyote.AbstractProcessorLight.process(AbstractProcessorLight.java:63) ~[tomcat-embed-core-11.0.21.jar:11.0.21]
	at org.apache.coyote.AbstractProtocol$ConnectionHandler.process(AbstractProtocol.java:903) ~[tomcat-embed-core-11.0.21.jar:11.0.21]
	at org.apache.tomcat.util.net.NioEndpoint$SocketProcessor.doRun(NioEndpoint.java:1801) ~[tomcat-embed-core-11.0.21.jar:11.0.21]
	at org.apache.tomcat.util.net.SocketProcessorBase.run(SocketProcessorBase.java:52) ~[tomcat-embed-core-11.0.21.jar:11.0.21]
	at org.apache.tomcat.util.threads.ThreadPoolExecutor.runWorker(ThreadPoolExecutor.java:946) ~[tomcat-embed-core-11.0.21.jar:11.0.21]
	at org.apache.tomcat.util.threads.ThreadPoolExecutor$Worker.run(ThreadPoolExecutor.java:480) ~[tomcat-embed-core-11.0.21.jar:11.0.21]
	at org.apache.tomcat.util.threads.TaskThread$WrappingRunnable.run(TaskThread.java:57) ~[tomcat-embed-core-11.0.21.jar:11.0.21]
	at java.base/java.lang.Thread.run(Thread.java:840) ~[na:na]
Caused by: org.apache.ibatis.binding.BindingException: Parameter 'txt_emp_name' not found. Available parameters are [sort, keyword, param3, param1, param2, order]
	at org.apache.ibatis.binding.MapperMethod$ParamMap.get(MapperMethod.java:210) ~[mybatis-3.5.19.jar:3.5.19]
	at org.apache.ibatis.scripting.xmltags.DynamicContext$ContextAccessor.getProperty(DynamicContext.java:119) ~[mybatis-3.5.19.jar:3.5.19]
	at org.apache.ibatis.ognl.OgnlRuntime.getProperty(OgnlRuntime.java:2352) ~[mybatis-3.5.19.jar:3.5.19]
	at org.apache.ibatis.ognl.ASTProperty.getValueBody(ASTProperty.java:95) ~[mybatis-3.5.19.jar:3.5.19]
	at org.apache.ibatis.ognl.SimpleNode.evaluateGetValueBody(SimpleNode.java:171) ~[mybatis-3.5.19.jar:3.5.19]
	at org.apache.ibatis.ognl.SimpleNode.getValue(SimpleNode.java:206) ~[mybatis-3.5.19.jar:3.5.19]
	at org.apache.ibatis.ognl.ASTNotEq.getValueBody(ASTNotEq.java:34) ~[mybatis-3.5.19.jar:3.5.19]
	at org.apache.ibatis.ognl.SimpleNode.evaluateGetValueBody(SimpleNode.java:171) ~[mybatis-3.5.19.jar:3.5.19]
	at org.apache.ibatis.ognl.SimpleNode.getValue(SimpleNode.java:206) ~[mybatis-3.5.19.jar:3.5.19]
	at org.apache.ibatis.ognl.ASTAnd.getValueBody(ASTAnd.java:45) ~[mybatis-3.5.19.jar:3.5.19]
	at org.apache.ibatis.ognl.SimpleNode.evaluateGetValueBody(SimpleNode.java:171) ~[mybatis-3.5.19.jar:3.5.19]
	at org.apache.ibatis.ognl.SimpleNode.getValue(SimpleNode.java:206) ~[mybatis-3.5.19.jar:3.5.19]
	at org.apache.ibatis.ognl.Ognl.getValue(Ognl.java:408) ~[mybatis-3.5.19.jar:3.5.19]
	at org.apache.ibatis.ognl.Ognl.getValue(Ognl.java:383) ~[mybatis-3.5.19.jar:3.5.19]
	at org.apache.ibatis.scripting.xmltags.OgnlCache.getValue(OgnlCache.java:47) ~[mybatis-3.5.19.jar:3.5.19]
	at org.apache.ibatis.scripting.xmltags.ExpressionEvaluator.evaluateBoolean(ExpressionEvaluator.java:34) ~[mybatis-3.5.19.jar:3.5.19]
	at org.apache.ibatis.scripting.xmltags.IfSqlNode.apply(IfSqlNode.java:33) ~[mybatis-3.5.19.jar:3.5.19]
	at org.apache.ibatis.scripting.xmltags.MixedSqlNode.lambda$apply$0(MixedSqlNode.java:32) ~[mybatis-3.5.19.jar:3.5.19]
	at java.base/java.util.ArrayList.forEach(ArrayList.java:1511) ~[na:na]
	at org.apache.ibatis.scripting.xmltags.MixedSqlNode.apply(MixedSqlNode.java:32) ~[mybatis-3.5.19.jar:3.5.19]
	at org.apache.ibatis.scripting.xmltags.TrimSqlNode.apply(TrimSqlNode.java:58) ~[mybatis-3.5.19.jar:3.5.19]
	at org.apache.ibatis.scripting.xmltags.MixedSqlNode.lambda$apply$0(MixedSqlNode.java:32) ~[mybatis-3.5.19.jar:3.5.19]
	at java.base/java.util.ArrayList.forEach(ArrayList.java:1511) ~[na:na]
	at org.apache.ibatis.scripting.xmltags.MixedSqlNode.apply(MixedSqlNode.java:32) ~[mybatis-3.5.19.jar:3.5.19]
	at org.apache.ibatis.scripting.xmltags.DynamicSqlSource.getBoundSql(DynamicSqlSource.java:39) ~[mybatis-3.5.19.jar:3.5.19]
	at org.apache.ibatis.mapping.MappedStatement.getBoundSql(MappedStatement.java:320) ~[mybatis-3.5.19.jar:3.5.19]
	at org.apache.ibatis.executor.CachingExecutor.query(CachingExecutor.java:88) ~[mybatis-3.5.19.jar:3.5.19]
	at org.apache.ibatis.session.defaults.DefaultSqlSession.selectList(DefaultSqlSession.java:154) ~[mybatis-3.5.19.jar:3.5.19]
	at org.apache.ibatis.session.defaults.DefaultSqlSession.selectList(DefaultSqlSession.java:147) ~[mybatis-3.5.19.jar:3.5.19]
	at org.apache.ibatis.session.defaults.DefaultSqlSession.selectList(DefaultSqlSession.java:142) ~[mybatis-3.5.19.jar:3.5.19]
	at jdk.internal.reflect.GeneratedMethodAccessor58.invoke(Unknown Source) ~[na:na]
	at java.base/jdk.internal.reflect.DelegatingMethodAccessorImpl.invoke(DelegatingMethodAccessorImpl.java:43) ~[na:na]
	at java.base/java.lang.reflect.Method.invoke(Method.java:569) ~[na:na]
	at org.mybatis.spring.SqlSessionTemplate$SqlSessionInterceptor.invoke(SqlSessionTemplate.java:348) ~[mybatis-spring-4.0.0.jar:4.0.0]
	... 61 common frames omitted

2026-06-15T11:03:43.311+09:00 ERROR 31684 --- [http-nio-8080-exec-9] o.a.c.c.C.[.[.[/].[dispatcherServlet]    : Servlet.service() for servlet [dispatcherServlet] in context with path [] threw exception [Request processing failed: org.mybatis.spring.MyBatisSystemException: 
### Error querying database.  Cause: org.apache.ibatis.binding.BindingException: Parameter 'txt_emp_name' not found. Available parameters are [sort, keyword, param3, param1, param2, order]
### Cause: org.apache.ibatis.binding.BindingException: Parameter 'txt_emp_name' not found. Available parameters are [sort, keyword, param3, param1, param2, order]] with root cause

org.apache.ibatis.binding.BindingException: Parameter 'txt_emp_name' not found. Available parameters are [sort, keyword, param3, param1, param2, order]
	at org.apache.ibatis.binding.MapperMethod$ParamMap.get(MapperMethod.java:210) ~[mybatis-3.5.19.jar:3.5.19]
	at org.apache.ibatis.scripting.xmltags.DynamicContext$ContextAccessor.getProperty(DynamicContext.java:119) ~[mybatis-3.5.19.jar:3.5.19]
	at org.apache.ibatis.ognl.OgnlRuntime.getProperty(OgnlRuntime.java:2352) ~[mybatis-3.5.19.jar:3.5.19]
	at org.apache.ibatis.ognl.ASTProperty.getValueBody(ASTProperty.java:95) ~[mybatis-3.5.19.jar:3.5.19]
	at org.apache.ibatis.ognl.SimpleNode.evaluateGetValueBody(SimpleNode.java:171) ~[mybatis-3.5.19.jar:3.5.19]
	at org.apache.ibatis.ognl.SimpleNode.getValue(SimpleNode.java:206) ~[mybatis-3.5.19.jar:3.5.19]
	at org.apache.ibatis.ognl.ASTNotEq.getValueBody(ASTNotEq.java:34) ~[mybatis-3.5.19.jar:3.5.19]
	at org.apache.ibatis.ognl.SimpleNode.evaluateGetValueBody(SimpleNode.java:171) ~[mybatis-3.5.19.jar:3.5.19]
	at org.apache.ibatis.ognl.SimpleNode.getValue(SimpleNode.java:206) ~[mybatis-3.5.19.jar:3.5.19]
	at org.apache.ibatis.ognl.ASTAnd.getValueBody(ASTAnd.java:45) ~[mybatis-3.5.19.jar:3.5.19]
	at org.apache.ibatis.ognl.SimpleNode.evaluateGetValueBody(SimpleNode.java:171) ~[mybatis-3.5.19.jar:3.5.19]
	at org.apache.ibatis.ognl.SimpleNode.getValue(SimpleNode.java:206) ~[mybatis-3.5.19.jar:3.5.19]
	at org.apache.ibatis.ognl.Ognl.getValue(Ognl.java:408) ~[mybatis-3.5.19.jar:3.5.19]
	at org.apache.ibatis.ognl.Ognl.getValue(Ognl.java:383) ~[mybatis-3.5.19.jar:3.5.19]
	at org.apache.ibatis.scripting.xmltags.OgnlCache.getValue(OgnlCache.java:47) ~[mybatis-3.5.19.jar:3.5.19]
	at org.apache.ibatis.scripting.xmltags.ExpressionEvaluator.evaluateBoolean(ExpressionEvaluator.java:34) ~[mybatis-3.5.19.jar:3.5.19]
	at org.apache.ibatis.scripting.xmltags.IfSqlNode.apply(IfSqlNode.java:33) ~[mybatis-3.5.19.jar:3.5.19]
	at org.apache.ibatis.scripting.xmltags.MixedSqlNode.lambda$apply$0(MixedSqlNode.java:32) ~[mybatis-3.5.19.jar:3.5.19]
	at java.base/java.util.ArrayList.forEach(ArrayList.java:1511) ~[na:na]
	at org.apache.ibatis.scripting.xmltags.MixedSqlNode.apply(MixedSqlNode.java:32) ~[mybatis-3.5.19.jar:3.5.19]
	at org.apache.ibatis.scripting.xmltags.TrimSqlNode.apply(TrimSqlNode.java:58) ~[mybatis-3.5.19.jar:3.5.19]
	at org.apache.ibatis.scripting.xmltags.MixedSqlNode.lambda$apply$0(MixedSqlNode.java:32) ~[mybatis-3.5.19.jar:3.5.19]
	at java.base/java.util.ArrayList.forEach(ArrayList.java:1511) ~[na:na]
	at org.apache.ibatis.scripting.xmltags.MixedSqlNode.apply(MixedSqlNode.java:32) ~[mybatis-3.5.19.jar:3.5.19]
	at org.apache.ibatis.scripting.xmltags.DynamicSqlSource.getBoundSql(DynamicSqlSource.java:39) ~[mybatis-3.5.19.jar:3.5.19]
	at org.apache.ibatis.mapping.MappedStatement.getBoundSql(MappedStatement.java:320) ~[mybatis-3.5.19.jar:3.5.19]
	at org.apache.ibatis.executor.CachingExecutor.query(CachingExecutor.java:88) ~[mybatis-3.5.19.jar:3.5.19]
	at org.apache.ibatis.session.defaults.DefaultSqlSession.selectList(DefaultSqlSession.java:154) ~[mybatis-3.5.19.jar:3.5.19]
	at org.apache.ibatis.session.defaults.DefaultSqlSession.selectList(DefaultSqlSession.java:147) ~[mybatis-3.5.19.jar:3.5.19]
	at org.apache.ibatis.session.defaults.DefaultSqlSession.selectList(DefaultSqlSession.java:142) ~[mybatis-3.5.19.jar:3.5.19]
	at jdk.internal.reflect.GeneratedMethodAccessor58.invoke(Unknown Source) ~[na:na]
	at java.base/jdk.internal.reflect.DelegatingMethodAccessorImpl.invoke(DelegatingMethodAccessorImpl.java:43) ~[na:na]
	at java.base/java.lang.reflect.Method.invoke(Method.java:569) ~[na:na]
	at org.mybatis.spring.SqlSessionTemplate$SqlSessionInterceptor.invoke(SqlSessionTemplate.java:348) ~[mybatis-spring-4.0.0.jar:4.0.0]
	at jdk.proxy2/jdk.proxy2.$Proxy71.selectList(Unknown Source) ~[na:na]
	at org.mybatis.spring.SqlSessionTemplate.selectList(SqlSessionTemplate.java:209) ~[mybatis-spring-4.0.0.jar:4.0.0]
	at org.apache.ibatis.binding.MapperMethod.executeForMany(MapperMethod.java:147) ~[mybatis-3.5.19.jar:3.5.19]
	at org.apache.ibatis.binding.MapperMethod.execute(MapperMethod.java:80) ~[mybatis-3.5.19.jar:3.5.19]
	at org.apache.ibatis.binding.MapperProxy$PlainMethodInvoker.invoke(MapperProxy.java:141) ~[mybatis-3.5.19.jar:3.5.19]
	at org.apache.ibatis.binding.MapperProxy.invoke(MapperProxy.java:86) ~[mybatis-3.5.19.jar:3.5.19]
	at jdk.proxy8/jdk.proxy8.$Proxy109.findAll(Unknown Source) ~[na:na]
	at com.assignhub.service.EmployeeService.findAll(EmployeeService.java:43) ~[classes/:na]
	at java.base/jdk.internal.reflect.NativeMethodAccessorImpl.invoke0(Native Method) ~[na:na]
	at java.base/jdk.internal.reflect.NativeMethodAccessorImpl.invoke(NativeMethodAccessorImpl.java:77) ~[na:na]
	at java.base/jdk.internal.reflect.DelegatingMethodAccessorImpl.invoke(DelegatingMethodAccessorImpl.java:43) ~[na:na]
	at java.base/java.lang.reflect.Method.invoke(Method.java:569) ~[na:na]
	at org.springframework.aop.support.AopUtils.invokeJoinpointUsingReflection(AopUtils.java:359) ~[spring-aop-7.0.7.jar:7.0.7]
	at org.springframework.aop.framework.CglibAopProxy$DynamicAdvisedInterceptor.intercept(CglibAopProxy.java:715) ~[spring-aop-7.0.7.jar:7.0.7]
	at com.assignhub.service.EmployeeService$$SpringCGLIB$$0.findAll(<generated>) ~[classes/:na]
	at com.assignhub.controller.EmployeeController.index(EmployeeController.java:52) ~[classes/:na]
	at java.base/jdk.internal.reflect.NativeMethodAccessorImpl.invoke0(Native Method) ~[na:na]
	at java.base/jdk.internal.reflect.NativeMethodAccessorImpl.invoke(NativeMethodAccessorImpl.java:77) ~[na:na]
	at java.base/jdk.internal.reflect.DelegatingMethodAccessorImpl.invoke(DelegatingMethodAccessorImpl.java:43) ~[na:na]
	at java.base/java.lang.reflect.Method.invoke(Method.java:569) ~[na:na]
	at org.springframework.web.method.support.InvocableHandlerMethod.doInvoke(InvocableHandlerMethod.java:252) ~[spring-web-7.0.7.jar:7.0.7]
	at org.springframework.web.method.support.InvocableHandlerMethod.invokeForRequest(InvocableHandlerMethod.java:184) ~[spring-web-7.0.7.jar:7.0.7]
	at org.springframework.web.servlet.mvc.method.annotation.ServletInvocableHandlerMethod.invokeAndHandle(ServletInvocableHandlerMethod.java:117) ~[spring-webmvc-7.0.7.jar:7.0.7]
	at org.springframework.web.servlet.mvc.method.annotation.RequestMappingHandlerAdapter.invokeHandlerMethod(RequestMappingHandlerAdapter.java:934) ~[spring-webmvc-7.0.7.jar:7.0.7]
	at org.springframework.web.servlet.mvc.method.annotation.RequestMappingHandlerAdapter.handleInternal(RequestMappingHandlerAdapter.java:853) ~[spring-webmvc-7.0.7.jar:7.0.7]
	at org.springframework.web.servlet.mvc.method.AbstractHandlerMethodAdapter.handle(AbstractHandlerMethodAdapter.java:86) ~[spring-webmvc-7.0.7.jar:7.0.7]
	at org.springframework.web.servlet.DispatcherServlet.doDispatch(DispatcherServlet.java:963) ~[spring-webmvc-7.0.7.jar:7.0.7]
	at org.springframework.web.servlet.DispatcherServlet.doService(DispatcherServlet.java:866) ~[spring-webmvc-7.0.7.jar:7.0.7]
	at org.springframework.web.servlet.FrameworkServlet.processRequest(FrameworkServlet.java:1000) ~[spring-webmvc-7.0.7.jar:7.0.7]
	at org.springframework.web.servlet.FrameworkServlet.doGet(FrameworkServlet.java:892) ~[spring-webmvc-7.0.7.jar:7.0.7]
	at jakarta.servlet.http.HttpServlet.service(HttpServlet.java:622) ~[tomcat-embed-core-11.0.21.jar:6.1]
	at org.springframework.web.servlet.FrameworkServlet.service(FrameworkServlet.java:874) ~[spring-webmvc-7.0.7.jar:7.0.7]
	at jakarta.servlet.http.HttpServlet.service(HttpServlet.java:710) ~[tomcat-embed-core-11.0.21.jar:6.1]
	at org.apache.catalina.core.ApplicationFilterChain.doFilter(ApplicationFilterChain.java:128) ~[tomcat-embed-core-11.0.21.jar:11.0.21]
	at org.apache.tomcat.websocket.server.WsFilter.doFilter(WsFilter.java:53) ~[tomcat-embed-websocket-11.0.21.jar:11.0.21]
	at org.apache.catalina.core.ApplicationFilterChain.doFilter(ApplicationFilterChain.java:107) ~[tomcat-embed-core-11.0.21.jar:11.0.21]
	at org.springframework.web.filter.RequestContextFilter.doFilterInternal(RequestContextFilter.java:100) ~[spring-web-7.0.7.jar:7.0.7]
	at org.springframework.web.filter.OncePerRequestFilter.doFilter(OncePerRequestFilter.java:116) ~[spring-web-7.0.7.jar:7.0.7]
	at org.apache.catalina.core.ApplicationFilterChain.doFilter(ApplicationFilterChain.java:107) ~[tomcat-embed-core-11.0.21.jar:11.0.21]
	at org.springframework.web.filter.FormContentFilter.doFilterInternal(FormContentFilter.java:93) ~[spring-web-7.0.7.jar:7.0.7]
	at org.springframework.web.filter.OncePerRequestFilter.doFilter(OncePerRequestFilter.java:116) ~[spring-web-7.0.7.jar:7.0.7]
	at org.apache.catalina.core.ApplicationFilterChain.doFilter(ApplicationFilterChain.java:107) ~[tomcat-embed-core-11.0.21.jar:11.0.21]
	at org.springframework.web.filter.CharacterEncodingFilter.doFilterInternal(CharacterEncodingFilter.java:199) ~[spring-web-7.0.7.jar:7.0.7]
	at org.springframework.web.filter.OncePerRequestFilter.doFilter(OncePerRequestFilter.java:116) ~[spring-web-7.0.7.jar:7.0.7]
	at org.apache.catalina.core.ApplicationFilterChain.doFilter(ApplicationFilterChain.java:107) ~[tomcat-embed-core-11.0.21.jar:11.0.21]
	at org.apache.catalina.core.StandardWrapperValve.invoke(StandardWrapperValve.java:165) ~[tomcat-embed-core-11.0.21.jar:11.0.21]
	at org.apache.catalina.core.StandardContextValve.invoke(StandardContextValve.java:77) ~[tomcat-embed-core-11.0.21.jar:11.0.21]
	at org.apache.catalina.authenticator.AuthenticatorBase.invoke(AuthenticatorBase.java:492) ~[tomcat-embed-core-11.0.21.jar:11.0.21]
	at org.apache.catalina.core.StandardHostValve.invoke(StandardHostValve.java:113) ~[tomcat-embed-core-11.0.21.jar:11.0.21]
	at org.apache.catalina.valves.ErrorReportValve.invoke(ErrorReportValve.java:83) ~[tomcat-embed-core-11.0.21.jar:11.0.21]
	at org.apache.catalina.core.StandardEngineValve.invoke(StandardEngineValve.java:72) ~[tomcat-embed-core-11.0.21.jar:11.0.21]
	at org.apache.catalina.connector.CoyoteAdapter.service(CoyoteAdapter.java:341) ~[tomcat-embed-core-11.0.21.jar:11.0.21]
	at org.apache.coyote.http11.Http11Processor.service(Http11Processor.java:397) ~[tomcat-embed-core-11.0.21.jar:11.0.21]
	at org.apache.coyote.AbstractProcessorLight.process(AbstractProcessorLight.java:63) ~[tomcat-embed-core-11.0.21.jar:11.0.21]
	at org.apache.coyote.AbstractProtocol$ConnectionHandler.process(AbstractProtocol.java:903) ~[tomcat-embed-core-11.0.21.jar:11.0.21]
	at org.apache.tomcat.util.net.NioEndpoint$SocketProcessor.doRun(NioEndpoint.java:1801) ~[tomcat-embed-core-11.0.21.jar:11.0.21]
	at org.apache.tomcat.util.net.SocketProcessorBase.run(SocketProcessorBase.java:52) ~[tomcat-embed-core-11.0.21.jar:11.0.21]
	at org.apache.tomcat.util.threads.ThreadPoolExecutor.runWorker(ThreadPoolExecutor.java:946) ~[tomcat-embed-core-11.0.21.jar:11.0.21]
	at org.apache.tomcat.util.threads.ThreadPoolExecutor$Worker.run(ThreadPoolExecutor.java:480) ~[tomcat-embed-core-11.0.21.jar:11.0.21]
	at org.apache.tomcat.util.threads.TaskThread$WrappingRunnable.run(TaskThread.java:57) ~[tomcat-embed-core-11.0.21.jar:11.0.21]
	at java.base/java.lang.Thread.run(Thread.java:840) ~[na:na]

2026-06-15T11:05:21.004+09:00  INFO 31684 --- [File Watcher] rtingClassPathChangeChangedEventListener : Restarting due to 1 class path change (0 additions, 0 deletions, 1 modification)
2026-06-15T11:05:21.005+09:00  INFO 31684 --- [Thread-17] o.s.boot.tomcat.GracefulShutdown         : Commencing graceful shutdown. Waiting for active requests to complete
2026-06-15T11:05:21.347+09:00  INFO 31684 --- [tomcat-shutdown] o.s.boot.tomcat.GracefulShutdown         : Graceful shutdown complete
2026-06-15T11:05:21.349+09:00  INFO 31684 --- [Thread-17] com.zaxxer.hikari.HikariDataSource       : HikariPool-5 - Shutdown initiated...
2026-06-15T11:05:21.355+09:00  INFO 31684 --- [Thread-17] com.zaxxer.hikari.HikariDataSource       : HikariPool-5 - Shutdown completed.
2026-06-15T11:05:21.442+09:00  INFO 31684 --- [restartedMain] com.assignhub.AssignHubApplication       : Starting AssignHubApplication using Java 17.0.13 with PID 31684 (C:\Users\お客様\git\AssignHub\AssignHub\target\classes started by お客様 in C:\Users\お客様\git\AssignHub\AssignHub)
2026-06-15T11:05:21.442+09:00  INFO 31684 --- [restartedMain] com.assignhub.AssignHubApplication       : No active profile set, falling back to 1 default profile: "default"
2026-06-15T11:05:21.632+09:00  INFO 31684 --- [restartedMain] o.s.boot.tomcat.TomcatWebServer          : Tomcat initialized with port 8080 (http)
2026-06-15T11:05:21.632+09:00  INFO 31684 --- [restartedMain] o.apache.catalina.core.StandardService   : Starting service [Tomcat]
2026-06-15T11:05:21.632+09:00  INFO 31684 --- [restartedMain] o.apache.catalina.core.StandardEngine    : Starting Servlet engine: [Apache Tomcat/11.0.21]
2026-06-15T11:05:21.657+09:00  INFO 31684 --- [restartedMain] b.w.c.s.WebApplicationContextInitializer : Root WebApplicationContext: initialization completed in 214 ms
2026-06-15T11:05:21.827+09:00  INFO 31684 --- [restartedMain] o.s.boot.tomcat.TomcatWebServer          : Tomcat started on port 8080 (http) with context path '/'
2026-06-15T11:05:21.829+09:00  INFO 31684 --- [restartedMain] com.assignhub.AssignHubApplication       : Started AssignHubApplication in 0.411 seconds (process running for 3198.999)
2026-06-15T11:05:21.829+09:00  INFO 31684 --- [restartedMain] .ConditionEvaluationDeltaLoggingListener : Condition evaluation unchanged
2026-06-15T11:05:22.593+09:00  INFO 31684 --- [http-nio-8080-exec-1] o.a.c.c.C.[Tomcat].[localhost].[/]       : Initializing Spring DispatcherServlet 'dispatcherServlet'
2026-06-15T11:05:22.593+09:00  INFO 31684 --- [http-nio-8080-exec-1] o.s.web.servlet.DispatcherServlet        : Initializing Servlet 'dispatcherServlet'
2026-06-15T11:05:22.594+09:00  INFO 31684 --- [http-nio-8080-exec-1] o.s.web.servlet.DispatcherServlet        : Completed initialization in 1 ms
2026-06-15T11:05:22.597+09:00  INFO 31684 --- [http-nio-8080-exec-1] com.zaxxer.hikari.HikariDataSource       : HikariPool-6 - Starting...
2026-06-15T11:05:22.615+09:00  INFO 31684 --- [http-nio-8080-exec-1] com.zaxxer.hikari.pool.HikariPool        : HikariPool-6 - Added connection com.mysql.cj.jdbc.ConnectionImpl@5d04d9b9
2026-06-15T11:05:22.615+09:00  INFO 31684 --- [http-nio-8080-exec-1] com.zaxxer.hikari.HikariDataSource       : HikariPool-6 - Start completed.
2026-06-15T11:05:22.615+09:00 DEBUG 31684 --- [http-nio-8080-exec-1] c.a.mapper.EmployeeMapper.findAll        : ==>  Preparing: SELECT e.*, c.company_name AS emp_company, c2.company_name AS emp_assign_company FROM m_employee e LEFT JOIN m_company c ON e.company_id = c.company_id LEFT JOIN t_assignment a ON a.emp_id = e.emp_id AND a.contract_end_date is null LEFT JOIN m_company c2 ON a.company_id = c2.company_id WHERE e.delete_flg = 0
2026-06-15T11:05:22.616+09:00 DEBUG 31684 --- [http-nio-8080-exec-1] c.a.mapper.EmployeeMapper.findAll        : ==> Parameters: 
2026-06-15T11:05:22.620+09:00 ERROR 31684 --- [http-nio-8080-exec-1] c.a.controller.GlobalExceptionHandler    : 【システムエラー】予期せぬ例外が発生しました。

org.springframework.jdbc.BadSqlGrammarException: 
### Error querying database.  Cause: java.sql.SQLSyntaxErrorException: Table 'assignhub.t_assignment' doesn't exist
### The error may exist in file [C:\Users\お客様\git\AssignHub\AssignHub\target\classes\mapper\EmployeeMapper.xml]
### The error may involve defaultParameterMap
### The error occurred while setting parameters
### SQL: SELECT e.*,   c.company_name AS emp_company,   c2.company_name AS emp_assign_company   FROM m_employee e   LEFT JOIN m_company c   ON   e.company_id = c.company_id   LEFT JOIN t_assignment a   ON a.emp_id = e.emp_id   AND a.contract_end_date is null   LEFT JOIN m_company c2   ON   a.company_id = c2.company_id  WHERE e.delete_flg = 0
### Cause: java.sql.SQLSyntaxErrorException: Table 'assignhub.t_assignment' doesn't exist
; bad SQL grammar []
	at org.springframework.jdbc.support.SQLErrorCodeSQLExceptionTranslator.doTranslate(SQLErrorCodeSQLExceptionTranslator.java:244) ~[spring-jdbc-7.0.7.jar:7.0.7]
	at org.springframework.jdbc.support.AbstractFallbackSQLExceptionTranslator.translate(AbstractFallbackSQLExceptionTranslator.java:102) ~[spring-jdbc-7.0.7.jar:7.0.7]
	at org.mybatis.spring.MyBatisExceptionTranslator.translateExceptionIfPossible(MyBatisExceptionTranslator.java:95) ~[mybatis-spring-4.0.0.jar:4.0.0]
	at org.mybatis.spring.SqlSessionTemplate$SqlSessionInterceptor.invoke(SqlSessionTemplate.java:362) ~[mybatis-spring-4.0.0.jar:4.0.0]
	at jdk.proxy2/jdk.proxy2.$Proxy71.selectList(Unknown Source) ~[na:na]
	at org.mybatis.spring.SqlSessionTemplate.selectList(SqlSessionTemplate.java:209) ~[mybatis-spring-4.0.0.jar:4.0.0]
	at org.apache.ibatis.binding.MapperMethod.executeForMany(MapperMethod.java:147) ~[mybatis-3.5.19.jar:3.5.19]
	at org.apache.ibatis.binding.MapperMethod.execute(MapperMethod.java:80) ~[mybatis-3.5.19.jar:3.5.19]
	at org.apache.ibatis.binding.MapperProxy$PlainMethodInvoker.invoke(MapperProxy.java:141) ~[mybatis-3.5.19.jar:3.5.19]
	at org.apache.ibatis.binding.MapperProxy.invoke(MapperProxy.java:86) ~[mybatis-3.5.19.jar:3.5.19]
	at jdk.proxy9/jdk.proxy9.$Proxy112.findAll(Unknown Source) ~[na:na]
	at com.assignhub.service.EmployeeService.findAll(EmployeeService.java:43) ~[classes/:na]
	at java.base/jdk.internal.reflect.NativeMethodAccessorImpl.invoke0(Native Method) ~[na:na]
	at java.base/jdk.internal.reflect.NativeMethodAccessorImpl.invoke(NativeMethodAccessorImpl.java:77) ~[na:na]
	at java.base/jdk.internal.reflect.DelegatingMethodAccessorImpl.invoke(DelegatingMethodAccessorImpl.java:43) ~[na:na]
	at java.base/java.lang.reflect.Method.invoke(Method.java:569) ~[na:na]
	at org.springframework.aop.support.AopUtils.invokeJoinpointUsingReflection(AopUtils.java:359) ~[spring-aop-7.0.7.jar:7.0.7]
	at org.springframework.aop.framework.CglibAopProxy$DynamicAdvisedInterceptor.intercept(CglibAopProxy.java:715) ~[spring-aop-7.0.7.jar:7.0.7]
	at com.assignhub.service.EmployeeService$$SpringCGLIB$$0.findAll(<generated>) ~[classes/:na]
	at com.assignhub.controller.EmployeeController.index(EmployeeController.java:52) ~[classes/:na]
	at java.base/jdk.internal.reflect.NativeMethodAccessorImpl.invoke0(Native Method) ~[na:na]
	at java.base/jdk.internal.reflect.NativeMethodAccessorImpl.invoke(NativeMethodAccessorImpl.java:77) ~[na:na]
	at java.base/jdk.internal.reflect.DelegatingMethodAccessorImpl.invoke(DelegatingMethodAccessorImpl.java:43) ~[na:na]
	at java.base/java.lang.reflect.Method.invoke(Method.java:569) ~[na:na]
	at org.springframework.web.method.support.InvocableHandlerMethod.doInvoke(InvocableHandlerMethod.java:252) ~[spring-web-7.0.7.jar:7.0.7]
	at org.springframework.web.method.support.InvocableHandlerMethod.invokeForRequest(InvocableHandlerMethod.java:184) ~[spring-web-7.0.7.jar:7.0.7]
	at org.springframework.web.servlet.mvc.method.annotation.ServletInvocableHandlerMethod.invokeAndHandle(ServletInvocableHandlerMethod.java:117) ~[spring-webmvc-7.0.7.jar:7.0.7]
	at org.springframework.web.servlet.mvc.method.annotation.RequestMappingHandlerAdapter.invokeHandlerMethod(RequestMappingHandlerAdapter.java:934) ~[spring-webmvc-7.0.7.jar:7.0.7]
	at org.springframework.web.servlet.mvc.method.annotation.RequestMappingHandlerAdapter.handleInternal(RequestMappingHandlerAdapter.java:853) ~[spring-webmvc-7.0.7.jar:7.0.7]
	at org.springframework.web.servlet.mvc.method.AbstractHandlerMethodAdapter.handle(AbstractHandlerMethodAdapter.java:86) ~[spring-webmvc-7.0.7.jar:7.0.7]
	at org.springframework.web.servlet.DispatcherServlet.doDispatch(DispatcherServlet.java:963) ~[spring-webmvc-7.0.7.jar:7.0.7]
	at org.springframework.web.servlet.DispatcherServlet.doService(DispatcherServlet.java:866) ~[spring-webmvc-7.0.7.jar:7.0.7]
	at org.springframework.web.servlet.FrameworkServlet.processRequest(FrameworkServlet.java:1000) ~[spring-webmvc-7.0.7.jar:7.0.7]
	at org.springframework.web.servlet.FrameworkServlet.doGet(FrameworkServlet.java:892) ~[spring-webmvc-7.0.7.jar:7.0.7]
	at jakarta.servlet.http.HttpServlet.service(HttpServlet.java:622) ~[tomcat-embed-core-11.0.21.jar:6.1]
	at org.springframework.web.servlet.FrameworkServlet.service(FrameworkServlet.java:874) ~[spring-webmvc-7.0.7.jar:7.0.7]
	at jakarta.servlet.http.HttpServlet.service(HttpServlet.java:710) ~[tomcat-embed-core-11.0.21.jar:6.1]
	at org.apache.catalina.core.ApplicationFilterChain.doFilter(ApplicationFilterChain.java:128) ~[tomcat-embed-core-11.0.21.jar:11.0.21]
	at org.apache.tomcat.websocket.server.WsFilter.doFilter(WsFilter.java:53) ~[tomcat-embed-websocket-11.0.21.jar:11.0.21]
	at org.apache.catalina.core.ApplicationFilterChain.doFilter(ApplicationFilterChain.java:107) ~[tomcat-embed-core-11.0.21.jar:11.0.21]
	at org.springframework.web.filter.RequestContextFilter.doFilterInternal(RequestContextFilter.java:100) ~[spring-web-7.0.7.jar:7.0.7]
	at org.springframework.web.filter.OncePerRequestFilter.doFilter(OncePerRequestFilter.java:116) ~[spring-web-7.0.7.jar:7.0.7]
	at org.apache.catalina.core.ApplicationFilterChain.doFilter(ApplicationFilterChain.java:107) ~[tomcat-embed-core-11.0.21.jar:11.0.21]
	at org.springframework.web.filter.FormContentFilter.doFilterInternal(FormContentFilter.java:93) ~[spring-web-7.0.7.jar:7.0.7]
	at org.springframework.web.filter.OncePerRequestFilter.doFilter(OncePerRequestFilter.java:116) ~[spring-web-7.0.7.jar:7.0.7]
	at org.apache.catalina.core.ApplicationFilterChain.doFilter(ApplicationFilterChain.java:107) ~[tomcat-embed-core-11.0.21.jar:11.0.21]
	at org.springframework.web.filter.CharacterEncodingFilter.doFilterInternal(CharacterEncodingFilter.java:199) ~[spring-web-7.0.7.jar:7.0.7]
	at org.springframework.web.filter.OncePerRequestFilter.doFilter(OncePerRequestFilter.java:116) ~[spring-web-7.0.7.jar:7.0.7]
	at org.apache.catalina.core.ApplicationFilterChain.doFilter(ApplicationFilterChain.java:107) ~[tomcat-embed-core-11.0.21.jar:11.0.21]
	at org.apache.catalina.core.StandardWrapperValve.invoke(StandardWrapperValve.java:165) ~[tomcat-embed-core-11.0.21.jar:11.0.21]
	at org.apache.catalina.core.StandardContextValve.invoke(StandardContextValve.java:77) ~[tomcat-embed-core-11.0.21.jar:11.0.21]
	at org.apache.catalina.authenticator.AuthenticatorBase.invoke(AuthenticatorBase.java:492) ~[tomcat-embed-core-11.0.21.jar:11.0.21]
	at org.apache.catalina.core.StandardHostValve.invoke(StandardHostValve.java:113) ~[tomcat-embed-core-11.0.21.jar:11.0.21]
	at org.apache.catalina.valves.ErrorReportValve.invoke(ErrorReportValve.java:83) ~[tomcat-embed-core-11.0.21.jar:11.0.21]
	at org.apache.catalina.core.StandardEngineValve.invoke(StandardEngineValve.java:72) ~[tomcat-embed-core-11.0.21.jar:11.0.21]
	at org.apache.catalina.connector.CoyoteAdapter.service(CoyoteAdapter.java:341) ~[tomcat-embed-core-11.0.21.jar:11.0.21]
	at org.apache.coyote.http11.Http11Processor.service(Http11Processor.java:397) ~[tomcat-embed-core-11.0.21.jar:11.0.21]
	at org.apache.coyote.AbstractProcessorLight.process(AbstractProcessorLight.java:63) ~[tomcat-embed-core-11.0.21.jar:11.0.21]
	at org.apache.coyote.AbstractProtocol$ConnectionHandler.process(AbstractProtocol.java:903) ~[tomcat-embed-core-11.0.21.jar:11.0.21]
	at org.apache.tomcat.util.net.NioEndpoint$SocketProcessor.doRun(NioEndpoint.java:1801) ~[tomcat-embed-core-11.0.21.jar:11.0.21]
	at org.apache.tomcat.util.net.SocketProcessorBase.run(SocketProcessorBase.java:52) ~[tomcat-embed-core-11.0.21.jar:11.0.21]
	at org.apache.tomcat.util.threads.ThreadPoolExecutor.runWorker(ThreadPoolExecutor.java:946) ~[tomcat-embed-core-11.0.21.jar:11.0.21]
	at org.apache.tomcat.util.threads.ThreadPoolExecutor$Worker.run(ThreadPoolExecutor.java:480) ~[tomcat-embed-core-11.0.21.jar:11.0.21]
	at org.apache.tomcat.util.threads.TaskThread$WrappingRunnable.run(TaskThread.java:57) ~[tomcat-embed-core-11.0.21.jar:11.0.21]
	at java.base/java.lang.Thread.run(Thread.java:840) ~[na:na]
Caused by: java.sql.SQLSyntaxErrorException: Table 'assignhub.t_assignment' doesn't exist
	at com.mysql.cj.jdbc.exceptions.SQLError.createSQLException(SQLError.java:112) ~[mysql-connector-j-9.7.0.jar:9.7.0]
	at com.mysql.cj.jdbc.exceptions.SQLExceptionsMapping.translateException(SQLExceptionsMapping.java:114) ~[mysql-connector-j-9.7.0.jar:9.7.0]
	at com.mysql.cj.jdbc.ClientPreparedStatement.executeInternal(ClientPreparedStatement.java:988) ~[mysql-connector-j-9.7.0.jar:9.7.0]
	at com.mysql.cj.jdbc.ClientPreparedStatement.execute(ClientPreparedStatement.java:383) ~[mysql-connector-j-9.7.0.jar:9.7.0]
	at com.zaxxer.hikari.pool.ProxyPreparedStatement.execute(ProxyPreparedStatement.java:44) ~[HikariCP-7.0.2.jar:na]
	at com.zaxxer.hikari.pool.HikariProxyPreparedStatement.execute(HikariProxyPreparedStatement.java) ~[HikariCP-7.0.2.jar:na]
	at jdk.internal.reflect.GeneratedMethodAccessor60.invoke(Unknown Source) ~[na:na]
	at java.base/jdk.internal.reflect.DelegatingMethodAccessorImpl.invoke(DelegatingMethodAccessorImpl.java:43) ~[na:na]
	at java.base/java.lang.reflect.Method.invoke(Method.java:569) ~[na:na]
	at org.apache.ibatis.logging.jdbc.PreparedStatementLogger.invoke(PreparedStatementLogger.java:58) ~[mybatis-3.5.19.jar:3.5.19]
	at jdk.proxy4/jdk.proxy4.$Proxy93.execute(Unknown Source) ~[na:na]
	at org.apache.ibatis.executor.statement.PreparedStatementHandler.query(PreparedStatementHandler.java:65) ~[mybatis-3.5.19.jar:3.5.19]
	at org.apache.ibatis.executor.statement.RoutingStatementHandler.query(RoutingStatementHandler.java:80) ~[mybatis-3.5.19.jar:3.5.19]
	at org.apache.ibatis.executor.SimpleExecutor.doQuery(SimpleExecutor.java:65) ~[mybatis-3.5.19.jar:3.5.19]
	at org.apache.ibatis.executor.BaseExecutor.queryFromDatabase(BaseExecutor.java:336) ~[mybatis-3.5.19.jar:3.5.19]
	at org.apache.ibatis.executor.BaseExecutor.query(BaseExecutor.java:158) ~[mybatis-3.5.19.jar:3.5.19]
	at org.apache.ibatis.executor.CachingExecutor.query(CachingExecutor.java:110) ~[mybatis-3.5.19.jar:3.5.19]
	at org.apache.ibatis.executor.CachingExecutor.query(CachingExecutor.java:90) ~[mybatis-3.5.19.jar:3.5.19]
	at org.apache.ibatis.session.defaults.DefaultSqlSession.selectList(DefaultSqlSession.java:154) ~[mybatis-3.5.19.jar:3.5.19]
	at org.apache.ibatis.session.defaults.DefaultSqlSession.selectList(DefaultSqlSession.java:147) ~[mybatis-3.5.19.jar:3.5.19]
	at org.apache.ibatis.session.defaults.DefaultSqlSession.selectList(DefaultSqlSession.java:142) ~[mybatis-3.5.19.jar:3.5.19]
	at jdk.internal.reflect.GeneratedMethodAccessor58.invoke(Unknown Source) ~[na:na]
	at java.base/jdk.internal.reflect.DelegatingMethodAccessorImpl.invoke(DelegatingMethodAccessorImpl.java:43) ~[na:na]
	at java.base/java.lang.reflect.Method.invoke(Method.java:569) ~[na:na]
	at org.mybatis.spring.SqlSessionTemplate$SqlSessionInterceptor.invoke(SqlSessionTemplate.java:348) ~[mybatis-spring-4.0.0.jar:4.0.0]
	... 61 common frames omitted

2026-06-15T11:05:22.630+09:00 ERROR 31684 --- [http-nio-8080-exec-1] o.a.c.c.C.[.[.[/].[dispatcherServlet]    : Servlet.service() for servlet [dispatcherServlet] in context with path [] threw exception [Request processing failed: org.springframework.jdbc.BadSqlGrammarException: 
### Error querying database.  Cause: java.sql.SQLSyntaxErrorException: Table 'assignhub.t_assignment' doesn't exist
### The error may exist in file [C:\Users\お客様\git\AssignHub\AssignHub\target\classes\mapper\EmployeeMapper.xml]
### The error may involve defaultParameterMap
### The error occurred while setting parameters
### SQL: SELECT e.*,   c.company_name AS emp_company,   c2.company_name AS emp_assign_company   FROM m_employee e   LEFT JOIN m_company c   ON   e.company_id = c.company_id   LEFT JOIN t_assignment a   ON a.emp_id = e.emp_id   AND a.contract_end_date is null   LEFT JOIN m_company c2   ON   a.company_id = c2.company_id  WHERE e.delete_flg = 0
### Cause: java.sql.SQLSyntaxErrorException: Table 'assignhub.t_assignment' doesn't exist
; bad SQL grammar []] with root cause

java.sql.SQLSyntaxErrorException: Table 'assignhub.t_assignment' doesn't exist
	at com.mysql.cj.jdbc.exceptions.SQLError.createSQLException(SQLError.java:112) ~[mysql-connector-j-9.7.0.jar:9.7.0]
	at com.mysql.cj.jdbc.exceptions.SQLExceptionsMapping.translateException(SQLExceptionsMapping.java:114) ~[mysql-connector-j-9.7.0.jar:9.7.0]
	at com.mysql.cj.jdbc.ClientPreparedStatement.executeInternal(ClientPreparedStatement.java:988) ~[mysql-connector-j-9.7.0.jar:9.7.0]
	at com.mysql.cj.jdbc.ClientPreparedStatement.execute(ClientPreparedStatement.java:383) ~[mysql-connector-j-9.7.0.jar:9.7.0]
	at com.zaxxer.hikari.pool.ProxyPreparedStatement.execute(ProxyPreparedStatement.java:44) ~[HikariCP-7.0.2.jar:na]
	at com.zaxxer.hikari.pool.HikariProxyPreparedStatement.execute(HikariProxyPreparedStatement.java) ~[HikariCP-7.0.2.jar:na]
	at jdk.internal.reflect.GeneratedMethodAccessor60.invoke(Unknown Source) ~[na:na]
	at java.base/jdk.internal.reflect.DelegatingMethodAccessorImpl.invoke(DelegatingMethodAccessorImpl.java:43) ~[na:na]
	at java.base/java.lang.reflect.Method.invoke(Method.java:569) ~[na:na]
	at org.apache.ibatis.logging.jdbc.PreparedStatementLogger.invoke(PreparedStatementLogger.java:58) ~[mybatis-3.5.19.jar:3.5.19]
	at jdk.proxy4/jdk.proxy4.$Proxy93.execute(Unknown Source) ~[na:na]
	at org.apache.ibatis.executor.statement.PreparedStatementHandler.query(PreparedStatementHandler.java:65) ~[mybatis-3.5.19.jar:3.5.19]
	at org.apache.ibatis.executor.statement.RoutingStatementHandler.query(RoutingStatementHandler.java:80) ~[mybatis-3.5.19.jar:3.5.19]
	at org.apache.ibatis.executor.SimpleExecutor.doQuery(SimpleExecutor.java:65) ~[mybatis-3.5.19.jar:3.5.19]
	at org.apache.ibatis.executor.BaseExecutor.queryFromDatabase(BaseExecutor.java:336) ~[mybatis-3.5.19.jar:3.5.19]
	at org.apache.ibatis.executor.BaseExecutor.query(BaseExecutor.java:158) ~[mybatis-3.5.19.jar:3.5.19]
	at org.apache.ibatis.executor.CachingExecutor.query(CachingExecutor.java:110) ~[mybatis-3.5.19.jar:3.5.19]
	at org.apache.ibatis.executor.CachingExecutor.query(CachingExecutor.java:90) ~[mybatis-3.5.19.jar:3.5.19]
	at org.apache.ibatis.session.defaults.DefaultSqlSession.selectList(DefaultSqlSession.java:154) ~[mybatis-3.5.19.jar:3.5.19]
	at org.apache.ibatis.session.defaults.DefaultSqlSession.selectList(DefaultSqlSession.java:147) ~[mybatis-3.5.19.jar:3.5.19]
	at org.apache.ibatis.session.defaults.DefaultSqlSession.selectList(DefaultSqlSession.java:142) ~[mybatis-3.5.19.jar:3.5.19]
	at jdk.internal.reflect.GeneratedMethodAccessor58.invoke(Unknown Source) ~[na:na]
	at java.base/jdk.internal.reflect.DelegatingMethodAccessorImpl.invoke(DelegatingMethodAccessorImpl.java:43) ~[na:na]
	at java.base/java.lang.reflect.Method.invoke(Method.java:569) ~[na:na]
	at org.mybatis.spring.SqlSessionTemplate$SqlSessionInterceptor.invoke(SqlSessionTemplate.java:348) ~[mybatis-spring-4.0.0.jar:4.0.0]
	at jdk.proxy2/jdk.proxy2.$Proxy71.selectList(Unknown Source) ~[na:na]
	at org.mybatis.spring.SqlSessionTemplate.selectList(SqlSessionTemplate.java:209) ~[mybatis-spring-4.0.0.jar:4.0.0]
	at org.apache.ibatis.binding.MapperMethod.executeForMany(MapperMethod.java:147) ~[mybatis-3.5.19.jar:3.5.19]
	at org.apache.ibatis.binding.MapperMethod.execute(MapperMethod.java:80) ~[mybatis-3.5.19.jar:3.5.19]
	at org.apache.ibatis.binding.MapperProxy$PlainMethodInvoker.invoke(MapperProxy.java:141) ~[mybatis-3.5.19.jar:3.5.19]
	at org.apache.ibatis.binding.MapperProxy.invoke(MapperProxy.java:86) ~[mybatis-3.5.19.jar:3.5.19]
	at jdk.proxy9/jdk.proxy9.$Proxy112.findAll(Unknown Source) ~[na:na]
	at com.assignhub.service.EmployeeService.findAll(EmployeeService.java:43) ~[classes/:na]
	at java.base/jdk.internal.reflect.NativeMethodAccessorImpl.invoke0(Native Method) ~[na:na]
	at java.base/jdk.internal.reflect.NativeMethodAccessorImpl.invoke(NativeMethodAccessorImpl.java:77) ~[na:na]
	at java.base/jdk.internal.reflect.DelegatingMethodAccessorImpl.invoke(DelegatingMethodAccessorImpl.java:43) ~[na:na]
	at java.base/java.lang.reflect.Method.invoke(Method.java:569) ~[na:na]
	at org.springframework.aop.support.AopUtils.invokeJoinpointUsingReflection(AopUtils.java:359) ~[spring-aop-7.0.7.jar:7.0.7]
	at org.springframework.aop.framework.CglibAopProxy$DynamicAdvisedInterceptor.intercept(CglibAopProxy.java:715) ~[spring-aop-7.0.7.jar:7.0.7]
	at com.assignhub.service.EmployeeService$$SpringCGLIB$$0.findAll(<generated>) ~[classes/:na]
	at com.assignhub.controller.EmployeeController.index(EmployeeController.java:52) ~[classes/:na]
	at java.base/jdk.internal.reflect.NativeMethodAccessorImpl.invoke0(Native Method) ~[na:na]
	at java.base/jdk.internal.reflect.NativeMethodAccessorImpl.invoke(NativeMethodAccessorImpl.java:77) ~[na:na]
	at java.base/jdk.internal.reflect.DelegatingMethodAccessorImpl.invoke(DelegatingMethodAccessorImpl.java:43) ~[na:na]
	at java.base/java.lang.reflect.Method.invoke(Method.java:569) ~[na:na]
	at org.springframework.web.method.support.InvocableHandlerMethod.doInvoke(InvocableHandlerMethod.java:252) ~[spring-web-7.0.7.jar:7.0.7]
	at org.springframework.web.method.support.InvocableHandlerMethod.invokeForRequest(InvocableHandlerMethod.java:184) ~[spring-web-7.0.7.jar:7.0.7]
	at org.springframework.web.servlet.mvc.method.annotation.ServletInvocableHandlerMethod.invokeAndHandle(ServletInvocableHandlerMethod.java:117) ~[spring-webmvc-7.0.7.jar:7.0.7]
	at org.springframework.web.servlet.mvc.method.annotation.RequestMappingHandlerAdapter.invokeHandlerMethod(RequestMappingHandlerAdapter.java:934) ~[spring-webmvc-7.0.7.jar:7.0.7]
	at org.springframework.web.servlet.mvc.method.annotation.RequestMappingHandlerAdapter.handleInternal(RequestMappingHandlerAdapter.java:853) ~[spring-webmvc-7.0.7.jar:7.0.7]
	at org.springframework.web.servlet.mvc.method.AbstractHandlerMethodAdapter.handle(AbstractHandlerMethodAdapter.java:86) ~[spring-webmvc-7.0.7.jar:7.0.7]
	at org.springframework.web.servlet.DispatcherServlet.doDispatch(DispatcherServlet.java:963) ~[spring-webmvc-7.0.7.jar:7.0.7]
	at org.springframework.web.servlet.DispatcherServlet.doService(DispatcherServlet.java:866) ~[spring-webmvc-7.0.7.jar:7.0.7]
	at org.springframework.web.servlet.FrameworkServlet.processRequest(FrameworkServlet.java:1000) ~[spring-webmvc-7.0.7.jar:7.0.7]
	at org.springframework.web.servlet.FrameworkServlet.doGet(FrameworkServlet.java:892) ~[spring-webmvc-7.0.7.jar:7.0.7]
	at jakarta.servlet.http.HttpServlet.service(HttpServlet.java:622) ~[tomcat-embed-core-11.0.21.jar:6.1]
	at org.springframework.web.servlet.FrameworkServlet.service(FrameworkServlet.java:874) ~[spring-webmvc-7.0.7.jar:7.0.7]
	at jakarta.servlet.http.HttpServlet.service(HttpServlet.java:710) ~[tomcat-embed-core-11.0.21.jar:6.1]
	at org.apache.catalina.core.ApplicationFilterChain.doFilter(ApplicationFilterChain.java:128) ~[tomcat-embed-core-11.0.21.jar:11.0.21]
	at org.apache.tomcat.websocket.server.WsFilter.doFilter(WsFilter.java:53) ~[tomcat-embed-websocket-11.0.21.jar:11.0.21]
	at org.apache.catalina.core.ApplicationFilterChain.doFilter(ApplicationFilterChain.java:107) ~[tomcat-embed-core-11.0.21.jar:11.0.21]
	at org.springframework.web.filter.RequestContextFilter.doFilterInternal(RequestContextFilter.java:100) ~[spring-web-7.0.7.jar:7.0.7]
	at org.springframework.web.filter.OncePerRequestFilter.doFilter(OncePerRequestFilter.java:116) ~[spring-web-7.0.7.jar:7.0.7]
	at org.apache.catalina.core.ApplicationFilterChain.doFilter(ApplicationFilterChain.java:107) ~[tomcat-embed-core-11.0.21.jar:11.0.21]
	at org.springframework.web.filter.FormContentFilter.doFilterInternal(FormContentFilter.java:93) ~[spring-web-7.0.7.jar:7.0.7]
	at org.springframework.web.filter.OncePerRequestFilter.doFilter(OncePerRequestFilter.java:116) ~[spring-web-7.0.7.jar:7.0.7]
	at org.apache.catalina.core.ApplicationFilterChain.doFilter(ApplicationFilterChain.java:107) ~[tomcat-embed-core-11.0.21.jar:11.0.21]
	at org.springframework.web.filter.CharacterEncodingFilter.doFilterInternal(CharacterEncodingFilter.java:199) ~[spring-web-7.0.7.jar:7.0.7]
	at org.springframework.web.filter.OncePerRequestFilter.doFilter(OncePerRequestFilter.java:116) ~[spring-web-7.0.7.jar:7.0.7]
	at org.apache.catalina.core.ApplicationFilterChain.doFilter(ApplicationFilterChain.java:107) ~[tomcat-embed-core-11.0.21.jar:11.0.21]
	at org.apache.catalina.core.StandardWrapperValve.invoke(StandardWrapperValve.java:165) ~[tomcat-embed-core-11.0.21.jar:11.0.21]
	at org.apache.catalina.core.StandardContextValve.invoke(StandardContextValve.java:77) ~[tomcat-embed-core-11.0.21.jar:11.0.21]
	at org.apache.catalina.authenticator.AuthenticatorBase.invoke(AuthenticatorBase.java:492) ~[tomcat-embed-core-11.0.21.jar:11.0.21]
	at org.apache.catalina.core.StandardHostValve.invoke(StandardHostValve.java:113) ~[tomcat-embed-core-11.0.21.jar:11.0.21]
	at org.apache.catalina.valves.ErrorReportValve.invoke(ErrorReportValve.java:83) ~[tomcat-embed-core-11.0.21.jar:11.0.21]
	at org.apache.catalina.core.StandardEngineValve.invoke(StandardEngineValve.java:72) ~[tomcat-embed-core-11.0.21.jar:11.0.21]
	at org.apache.catalina.connector.CoyoteAdapter.service(CoyoteAdapter.java:341) ~[tomcat-embed-core-11.0.21.jar:11.0.21]
	at org.apache.coyote.http11.Http11Processor.service(Http11Processor.java:397) ~[tomcat-embed-core-11.0.21.jar:11.0.21]
	at org.apache.coyote.AbstractProcessorLight.process(AbstractProcessorLight.java:63) ~[tomcat-embed-core-11.0.21.jar:11.0.21]
	at org.apache.coyote.AbstractProtocol$ConnectionHandler.process(AbstractProtocol.java:903) ~[tomcat-embed-core-11.0.21.jar:11.0.21]
	at org.apache.tomcat.util.net.NioEndpoint$SocketProcessor.doRun(NioEndpoint.java:1801) ~[tomcat-embed-core-11.0.21.jar:11.0.21]
	at org.apache.tomcat.util.net.SocketProcessorBase.run(SocketProcessorBase.java:52) ~[tomcat-embed-core-11.0.21.jar:11.0.21]
	at org.apache.tomcat.util.threads.ThreadPoolExecutor.runWorker(ThreadPoolExecutor.java:946) ~[tomcat-embed-core-11.0.21.jar:11.0.21]
	at org.apache.tomcat.util.threads.ThreadPoolExecutor$Worker.run(ThreadPoolExecutor.java:480) ~[tomcat-embed-core-11.0.21.jar:11.0.21]
	at org.apache.tomcat.util.threads.TaskThread$WrappingRunnable.run(TaskThread.java:57) ~[tomcat-embed-core-11.0.21.jar:11.0.21]
	at java.base/java.lang.Thread.run(Thread.java:840) ~[na:na]

2026-06-15T11:05:23.155+09:00 DEBUG 31684 --- [http-nio-8080-exec-2] c.a.mapper.EmployeeMapper.findAll        : ==>  Preparing: SELECT e.*, c.company_name AS emp_company, c2.company_name AS emp_assign_company FROM m_employee e LEFT JOIN m_company c ON e.company_id = c.company_id LEFT JOIN t_assignment a ON a.emp_id = e.emp_id AND a.contract_end_date is null LEFT JOIN m_company c2 ON a.company_id = c2.company_id WHERE e.delete_flg = 0
2026-06-15T11:05:23.156+09:00 DEBUG 31684 --- [http-nio-8080-exec-2] c.a.mapper.EmployeeMapper.findAll        : ==> Parameters: 
2026-06-15T11:05:23.158+09:00 ERROR 31684 --- [http-nio-8080-exec-2] c.a.controller.GlobalExceptionHandler    : 【システムエラー】予期せぬ例外が発生しました。

org.springframework.jdbc.BadSqlGrammarException: 
### Error querying database.  Cause: java.sql.SQLSyntaxErrorException: Table 'assignhub.t_assignment' doesn't exist
### The error may exist in file [C:\Users\お客様\git\AssignHub\AssignHub\target\classes\mapper\EmployeeMapper.xml]
### The error may involve defaultParameterMap
### The error occurred while setting parameters
### SQL: SELECT e.*,   c.company_name AS emp_company,   c2.company_name AS emp_assign_company   FROM m_employee e   LEFT JOIN m_company c   ON   e.company_id = c.company_id   LEFT JOIN t_assignment a   ON a.emp_id = e.emp_id   AND a.contract_end_date is null   LEFT JOIN m_company c2   ON   a.company_id = c2.company_id  WHERE e.delete_flg = 0
### Cause: java.sql.SQLSyntaxErrorException: Table 'assignhub.t_assignment' doesn't exist
; bad SQL grammar []
	at org.springframework.jdbc.support.SQLErrorCodeSQLExceptionTranslator.doTranslate(SQLErrorCodeSQLExceptionTranslator.java:244) ~[spring-jdbc-7.0.7.jar:7.0.7]
	at org.springframework.jdbc.support.AbstractFallbackSQLExceptionTranslator.translate(AbstractFallbackSQLExceptionTranslator.java:102) ~[spring-jdbc-7.0.7.jar:7.0.7]
	at org.mybatis.spring.MyBatisExceptionTranslator.translateExceptionIfPossible(MyBatisExceptionTranslator.java:95) ~[mybatis-spring-4.0.0.jar:4.0.0]
	at org.mybatis.spring.SqlSessionTemplate$SqlSessionInterceptor.invoke(SqlSessionTemplate.java:362) ~[mybatis-spring-4.0.0.jar:4.0.0]
	at jdk.proxy2/jdk.proxy2.$Proxy71.selectList(Unknown Source) ~[na:na]
	at org.mybatis.spring.SqlSessionTemplate.selectList(SqlSessionTemplate.java:209) ~[mybatis-spring-4.0.0.jar:4.0.0]
	at org.apache.ibatis.binding.MapperMethod.executeForMany(MapperMethod.java:147) ~[mybatis-3.5.19.jar:3.5.19]
	at org.apache.ibatis.binding.MapperMethod.execute(MapperMethod.java:80) ~[mybatis-3.5.19.jar:3.5.19]
	at org.apache.ibatis.binding.MapperProxy$PlainMethodInvoker.invoke(MapperProxy.java:141) ~[mybatis-3.5.19.jar:3.5.19]
	at org.apache.ibatis.binding.MapperProxy.invoke(MapperProxy.java:86) ~[mybatis-3.5.19.jar:3.5.19]
	at jdk.proxy9/jdk.proxy9.$Proxy112.findAll(Unknown Source) ~[na:na]
	at com.assignhub.service.EmployeeService.findAll(EmployeeService.java:43) ~[classes/:na]
	at java.base/jdk.internal.reflect.NativeMethodAccessorImpl.invoke0(Native Method) ~[na:na]
	at java.base/jdk.internal.reflect.NativeMethodAccessorImpl.invoke(NativeMethodAccessorImpl.java:77) ~[na:na]
	at java.base/jdk.internal.reflect.DelegatingMethodAccessorImpl.invoke(DelegatingMethodAccessorImpl.java:43) ~[na:na]
	at java.base/java.lang.reflect.Method.invoke(Method.java:569) ~[na:na]
	at org.springframework.aop.support.AopUtils.invokeJoinpointUsingReflection(AopUtils.java:359) ~[spring-aop-7.0.7.jar:7.0.7]
	at org.springframework.aop.framework.CglibAopProxy$DynamicAdvisedInterceptor.intercept(CglibAopProxy.java:715) ~[spring-aop-7.0.7.jar:7.0.7]
	at com.assignhub.service.EmployeeService$$SpringCGLIB$$0.findAll(<generated>) ~[classes/:na]
	at com.assignhub.controller.EmployeeController.index(EmployeeController.java:52) ~[classes/:na]
	at java.base/jdk.internal.reflect.NativeMethodAccessorImpl.invoke0(Native Method) ~[na:na]
	at java.base/jdk.internal.reflect.NativeMethodAccessorImpl.invoke(NativeMethodAccessorImpl.java:77) ~[na:na]
	at java.base/jdk.internal.reflect.DelegatingMethodAccessorImpl.invoke(DelegatingMethodAccessorImpl.java:43) ~[na:na]
	at java.base/java.lang.reflect.Method.invoke(Method.java:569) ~[na:na]
	at org.springframework.web.method.support.InvocableHandlerMethod.doInvoke(InvocableHandlerMethod.java:252) ~[spring-web-7.0.7.jar:7.0.7]
	at org.springframework.web.method.support.InvocableHandlerMethod.invokeForRequest(InvocableHandlerMethod.java:184) ~[spring-web-7.0.7.jar:7.0.7]
	at org.springframework.web.servlet.mvc.method.annotation.ServletInvocableHandlerMethod.invokeAndHandle(ServletInvocableHandlerMethod.java:117) ~[spring-webmvc-7.0.7.jar:7.0.7]
	at org.springframework.web.servlet.mvc.method.annotation.RequestMappingHandlerAdapter.invokeHandlerMethod(RequestMappingHandlerAdapter.java:934) ~[spring-webmvc-7.0.7.jar:7.0.7]
	at org.springframework.web.servlet.mvc.method.annotation.RequestMappingHandlerAdapter.handleInternal(RequestMappingHandlerAdapter.java:853) ~[spring-webmvc-7.0.7.jar:7.0.7]
	at org.springframework.web.servlet.mvc.method.AbstractHandlerMethodAdapter.handle(AbstractHandlerMethodAdapter.java:86) ~[spring-webmvc-7.0.7.jar:7.0.7]
	at org.springframework.web.servlet.DispatcherServlet.doDispatch(DispatcherServlet.java:963) ~[spring-webmvc-7.0.7.jar:7.0.7]
	at org.springframework.web.servlet.DispatcherServlet.doService(DispatcherServlet.java:866) ~[spring-webmvc-7.0.7.jar:7.0.7]
	at org.springframework.web.servlet.FrameworkServlet.processRequest(FrameworkServlet.java:1000) ~[spring-webmvc-7.0.7.jar:7.0.7]
	at org.springframework.web.servlet.FrameworkServlet.doGet(FrameworkServlet.java:892) ~[spring-webmvc-7.0.7.jar:7.0.7]
	at jakarta.servlet.http.HttpServlet.service(HttpServlet.java:622) ~[tomcat-embed-core-11.0.21.jar:6.1]
	at org.springframework.web.servlet.FrameworkServlet.service(FrameworkServlet.java:874) ~[spring-webmvc-7.0.7.jar:7.0.7]
	at jakarta.servlet.http.HttpServlet.service(HttpServlet.java:710) ~[tomcat-embed-core-11.0.21.jar:6.1]
	at org.apache.catalina.core.ApplicationFilterChain.doFilter(ApplicationFilterChain.java:128) ~[tomcat-embed-core-11.0.21.jar:11.0.21]
	at org.apache.tomcat.websocket.server.WsFilter.doFilter(WsFilter.java:53) ~[tomcat-embed-websocket-11.0.21.jar:11.0.21]
	at org.apache.catalina.core.ApplicationFilterChain.doFilter(ApplicationFilterChain.java:107) ~[tomcat-embed-core-11.0.21.jar:11.0.21]
	at org.springframework.web.filter.RequestContextFilter.doFilterInternal(RequestContextFilter.java:100) ~[spring-web-7.0.7.jar:7.0.7]
	at org.springframework.web.filter.OncePerRequestFilter.doFilter(OncePerRequestFilter.java:116) ~[spring-web-7.0.7.jar:7.0.7]
	at org.apache.catalina.core.ApplicationFilterChain.doFilter(ApplicationFilterChain.java:107) ~[tomcat-embed-core-11.0.21.jar:11.0.21]
	at org.springframework.web.filter.FormContentFilter.doFilterInternal(FormContentFilter.java:93) ~[spring-web-7.0.7.jar:7.0.7]
	at org.springframework.web.filter.OncePerRequestFilter.doFilter(OncePerRequestFilter.java:116) ~[spring-web-7.0.7.jar:7.0.7]
	at org.apache.catalina.core.ApplicationFilterChain.doFilter(ApplicationFilterChain.java:107) ~[tomcat-embed-core-11.0.21.jar:11.0.21]
	at org.springframework.web.filter.CharacterEncodingFilter.doFilterInternal(CharacterEncodingFilter.java:199) ~[spring-web-7.0.7.jar:7.0.7]
	at org.springframework.web.filter.OncePerRequestFilter.doFilter(OncePerRequestFilter.java:116) ~[spring-web-7.0.7.jar:7.0.7]
	at org.apache.catalina.core.ApplicationFilterChain.doFilter(ApplicationFilterChain.java:107) ~[tomcat-embed-core-11.0.21.jar:11.0.21]
	at org.apache.catalina.core.StandardWrapperValve.invoke(StandardWrapperValve.java:165) ~[tomcat-embed-core-11.0.21.jar:11.0.21]
	at org.apache.catalina.core.StandardContextValve.invoke(StandardContextValve.java:77) ~[tomcat-embed-core-11.0.21.jar:11.0.21]
	at org.apache.catalina.authenticator.AuthenticatorBase.invoke(AuthenticatorBase.java:492) ~[tomcat-embed-core-11.0.21.jar:11.0.21]
	at org.apache.catalina.core.StandardHostValve.invoke(StandardHostValve.java:113) ~[tomcat-embed-core-11.0.21.jar:11.0.21]
	at org.apache.catalina.valves.ErrorReportValve.invoke(ErrorReportValve.java:83) ~[tomcat-embed-core-11.0.21.jar:11.0.21]
	at org.apache.catalina.core.StandardEngineValve.invoke(StandardEngineValve.java:72) ~[tomcat-embed-core-11.0.21.jar:11.0.21]
	at org.apache.catalina.connector.CoyoteAdapter.service(CoyoteAdapter.java:341) ~[tomcat-embed-core-11.0.21.jar:11.0.21]
	at org.apache.coyote.http11.Http11Processor.service(Http11Processor.java:397) ~[tomcat-embed-core-11.0.21.jar:11.0.21]
	at org.apache.coyote.AbstractProcessorLight.process(AbstractProcessorLight.java:63) ~[tomcat-embed-core-11.0.21.jar:11.0.21]
	at org.apache.coyote.AbstractProtocol$ConnectionHandler.process(AbstractProtocol.java:903) ~[tomcat-embed-core-11.0.21.jar:11.0.21]
	at org.apache.tomcat.util.net.NioEndpoint$SocketProcessor.doRun(NioEndpoint.java:1801) ~[tomcat-embed-core-11.0.21.jar:11.0.21]
	at org.apache.tomcat.util.net.SocketProcessorBase.run(SocketProcessorBase.java:52) ~[tomcat-embed-core-11.0.21.jar:11.0.21]
	at org.apache.tomcat.util.threads.ThreadPoolExecutor.runWorker(ThreadPoolExecutor.java:946) ~[tomcat-embed-core-11.0.21.jar:11.0.21]
	at org.apache.tomcat.util.threads.ThreadPoolExecutor$Worker.run(ThreadPoolExecutor.java:480) ~[tomcat-embed-core-11.0.21.jar:11.0.21]
	at org.apache.tomcat.util.threads.TaskThread$WrappingRunnable.run(TaskThread.java:57) ~[tomcat-embed-core-11.0.21.jar:11.0.21]
	at java.base/java.lang.Thread.run(Thread.java:840) ~[na:na]
Caused by: java.sql.SQLSyntaxErrorException: Table 'assignhub.t_assignment' doesn't exist
	at com.mysql.cj.jdbc.exceptions.SQLError.createSQLException(SQLError.java:112) ~[mysql-connector-j-9.7.0.jar:9.7.0]
	at com.mysql.cj.jdbc.exceptions.SQLExceptionsMapping.translateException(SQLExceptionsMapping.java:114) ~[mysql-connector-j-9.7.0.jar:9.7.0]
	at com.mysql.cj.jdbc.ClientPreparedStatement.executeInternal(ClientPreparedStatement.java:988) ~[mysql-connector-j-9.7.0.jar:9.7.0]
	at com.mysql.cj.jdbc.ClientPreparedStatement.execute(ClientPreparedStatement.java:383) ~[mysql-connector-j-9.7.0.jar:9.7.0]
	at com.zaxxer.hikari.pool.ProxyPreparedStatement.execute(ProxyPreparedStatement.java:44) ~[HikariCP-7.0.2.jar:na]
	at com.zaxxer.hikari.pool.HikariProxyPreparedStatement.execute(HikariProxyPreparedStatement.java) ~[HikariCP-7.0.2.jar:na]
	at jdk.internal.reflect.GeneratedMethodAccessor60.invoke(Unknown Source) ~[na:na]
	at java.base/jdk.internal.reflect.DelegatingMethodAccessorImpl.invoke(DelegatingMethodAccessorImpl.java:43) ~[na:na]
	at java.base/java.lang.reflect.Method.invoke(Method.java:569) ~[na:na]
	at org.apache.ibatis.logging.jdbc.PreparedStatementLogger.invoke(PreparedStatementLogger.java:58) ~[mybatis-3.5.19.jar:3.5.19]
	at jdk.proxy4/jdk.proxy4.$Proxy93.execute(Unknown Source) ~[na:na]
	at org.apache.ibatis.executor.statement.PreparedStatementHandler.query(PreparedStatementHandler.java:65) ~[mybatis-3.5.19.jar:3.5.19]
	at org.apache.ibatis.executor.statement.RoutingStatementHandler.query(RoutingStatementHandler.java:80) ~[mybatis-3.5.19.jar:3.5.19]
	at org.apache.ibatis.executor.SimpleExecutor.doQuery(SimpleExecutor.java:65) ~[mybatis-3.5.19.jar:3.5.19]
	at org.apache.ibatis.executor.BaseExecutor.queryFromDatabase(BaseExecutor.java:336) ~[mybatis-3.5.19.jar:3.5.19]
	at org.apache.ibatis.executor.BaseExecutor.query(BaseExecutor.java:158) ~[mybatis-3.5.19.jar:3.5.19]
	at org.apache.ibatis.executor.CachingExecutor.query(CachingExecutor.java:110) ~[mybatis-3.5.19.jar:3.5.19]
	at org.apache.ibatis.executor.CachingExecutor.query(CachingExecutor.java:90) ~[mybatis-3.5.19.jar:3.5.19]
	at org.apache.ibatis.session.defaults.DefaultSqlSession.selectList(DefaultSqlSession.java:154) ~[mybatis-3.5.19.jar:3.5.19]
	at org.apache.ibatis.session.defaults.DefaultSqlSession.selectList(DefaultSqlSession.java:147) ~[mybatis-3.5.19.jar:3.5.19]
	at org.apache.ibatis.session.defaults.DefaultSqlSession.selectList(DefaultSqlSession.java:142) ~[mybatis-3.5.19.jar:3.5.19]
	at jdk.internal.reflect.GeneratedMethodAccessor58.invoke(Unknown Source) ~[na:na]
	at java.base/jdk.internal.reflect.DelegatingMethodAccessorImpl.invoke(DelegatingMethodAccessorImpl.java:43) ~[na:na]
	at java.base/java.lang.reflect.Method.invoke(Method.java:569) ~[na:na]
	at org.mybatis.spring.SqlSessionTemplate$SqlSessionInterceptor.invoke(SqlSessionTemplate.java:348) ~[mybatis-spring-4.0.0.jar:4.0.0]
	... 61 common frames omitted

2026-06-15T11:05:23.160+09:00 ERROR 31684 --- [http-nio-8080-exec-2] o.a.c.c.C.[.[.[/].[dispatcherServlet]    : Servlet.service() for servlet [dispatcherServlet] in context with path [] threw exception [Request processing failed: org.springframework.jdbc.BadSqlGrammarException: 
### Error querying database.  Cause: java.sql.SQLSyntaxErrorException: Table 'assignhub.t_assignment' doesn't exist
### The error may exist in file [C:\Users\お客様\git\AssignHub\AssignHub\target\classes\mapper\EmployeeMapper.xml]
### The error may involve defaultParameterMap
### The error occurred while setting parameters
### SQL: SELECT e.*,   c.company_name AS emp_company,   c2.company_name AS emp_assign_company   FROM m_employee e   LEFT JOIN m_company c   ON   e.company_id = c.company_id   LEFT JOIN t_assignment a   ON a.emp_id = e.emp_id   AND a.contract_end_date is null   LEFT JOIN m_company c2   ON   a.company_id = c2.company_id  WHERE e.delete_flg = 0
### Cause: java.sql.SQLSyntaxErrorException: Table 'assignhub.t_assignment' doesn't exist
; bad SQL grammar []] with root cause

java.sql.SQLSyntaxErrorException: Table 'assignhub.t_assignment' doesn't exist
	at com.mysql.cj.jdbc.exceptions.SQLError.createSQLException(SQLError.java:112) ~[mysql-connector-j-9.7.0.jar:9.7.0]
	at com.mysql.cj.jdbc.exceptions.SQLExceptionsMapping.translateException(SQLExceptionsMapping.java:114) ~[mysql-connector-j-9.7.0.jar:9.7.0]
	at com.mysql.cj.jdbc.ClientPreparedStatement.executeInternal(ClientPreparedStatement.java:988) ~[mysql-connector-j-9.7.0.jar:9.7.0]
	at com.mysql.cj.jdbc.ClientPreparedStatement.execute(ClientPreparedStatement.java:383) ~[mysql-connector-j-9.7.0.jar:9.7.0]
	at com.zaxxer.hikari.pool.ProxyPreparedStatement.execute(ProxyPreparedStatement.java:44) ~[HikariCP-7.0.2.jar:na]
	at com.zaxxer.hikari.pool.HikariProxyPreparedStatement.execute(HikariProxyPreparedStatement.java) ~[HikariCP-7.0.2.jar:na]
	at jdk.internal.reflect.GeneratedMethodAccessor60.invoke(Unknown Source) ~[na:na]
	at java.base/jdk.internal.reflect.DelegatingMethodAccessorImpl.invoke(DelegatingMethodAccessorImpl.java:43) ~[na:na]
	at java.base/java.lang.reflect.Method.invoke(Method.java:569) ~[na:na]
	at org.apache.ibatis.logging.jdbc.PreparedStatementLogger.invoke(PreparedStatementLogger.java:58) ~[mybatis-3.5.19.jar:3.5.19]
	at jdk.proxy4/jdk.proxy4.$Proxy93.execute(Unknown Source) ~[na:na]
	at org.apache.ibatis.executor.statement.PreparedStatementHandler.query(PreparedStatementHandler.java:65) ~[mybatis-3.5.19.jar:3.5.19]
	at org.apache.ibatis.executor.statement.RoutingStatementHandler.query(RoutingStatementHandler.java:80) ~[mybatis-3.5.19.jar:3.5.19]
	at org.apache.ibatis.executor.SimpleExecutor.doQuery(SimpleExecutor.java:65) ~[mybatis-3.5.19.jar:3.5.19]
	at org.apache.ibatis.executor.BaseExecutor.queryFromDatabase(BaseExecutor.java:336) ~[mybatis-3.5.19.jar:3.5.19]
	at org.apache.ibatis.executor.BaseExecutor.query(BaseExecutor.java:158) ~[mybatis-3.5.19.jar:3.5.19]
	at org.apache.ibatis.executor.CachingExecutor.query(CachingExecutor.java:110) ~[mybatis-3.5.19.jar:3.5.19]
	at org.apache.ibatis.executor.CachingExecutor.query(CachingExecutor.java:90) ~[mybatis-3.5.19.jar:3.5.19]
	at org.apache.ibatis.session.defaults.DefaultSqlSession.selectList(DefaultSqlSession.java:154) ~[mybatis-3.5.19.jar:3.5.19]
	at org.apache.ibatis.session.defaults.DefaultSqlSession.selectList(DefaultSqlSession.java:147) ~[mybatis-3.5.19.jar:3.5.19]
	at org.apache.ibatis.session.defaults.DefaultSqlSession.selectList(DefaultSqlSession.java:142) ~[mybatis-3.5.19.jar:3.5.19]
	at jdk.internal.reflect.GeneratedMethodAccessor58.invoke(Unknown Source) ~[na:na]
	at java.base/jdk.internal.reflect.DelegatingMethodAccessorImpl.invoke(DelegatingMethodAccessorImpl.java:43) ~[na:na]
	at java.base/java.lang.reflect.Method.invoke(Method.java:569) ~[na:na]
	at org.mybatis.spring.SqlSessionTemplate$SqlSessionInterceptor.invoke(SqlSessionTemplate.java:348) ~[mybatis-spring-4.0.0.jar:4.0.0]
	at jdk.proxy2/jdk.proxy2.$Proxy71.selectList(Unknown Source) ~[na:na]
	at org.mybatis.spring.SqlSessionTemplate.selectList(SqlSessionTemplate.java:209) ~[mybatis-spring-4.0.0.jar:4.0.0]
	at org.apache.ibatis.binding.MapperMethod.executeForMany(MapperMethod.java:147) ~[mybatis-3.5.19.jar:3.5.19]
	at org.apache.ibatis.binding.MapperMethod.execute(MapperMethod.java:80) ~[mybatis-3.5.19.jar:3.5.19]
	at org.apache.ibatis.binding.MapperProxy$PlainMethodInvoker.invoke(MapperProxy.java:141) ~[mybatis-3.5.19.jar:3.5.19]
	at org.apache.ibatis.binding.MapperProxy.invoke(MapperProxy.java:86) ~[mybatis-3.5.19.jar:3.5.19]
	at jdk.proxy9/jdk.proxy9.$Proxy112.findAll(Unknown Source) ~[na:na]
	at com.assignhub.service.EmployeeService.findAll(EmployeeService.java:43) ~[classes/:na]
	at java.base/jdk.internal.reflect.NativeMethodAccessorImpl.invoke0(Native Method) ~[na:na]
	at java.base/jdk.internal.reflect.NativeMethodAccessorImpl.invoke(NativeMethodAccessorImpl.java:77) ~[na:na]
	at java.base/jdk.internal.reflect.DelegatingMethodAccessorImpl.invoke(DelegatingMethodAccessorImpl.java:43) ~[na:na]
	at java.base/java.lang.reflect.Method.invoke(Method.java:569) ~[na:na]
	at org.springframework.aop.support.AopUtils.invokeJoinpointUsingReflection(AopUtils.java:359) ~[spring-aop-7.0.7.jar:7.0.7]
	at org.springframework.aop.framework.CglibAopProxy$DynamicAdvisedInterceptor.intercept(CglibAopProxy.java:715) ~[spring-aop-7.0.7.jar:7.0.7]
	at com.assignhub.service.EmployeeService$$SpringCGLIB$$0.findAll(<generated>) ~[classes/:na]
	at com.assignhub.controller.EmployeeController.index(EmployeeController.java:52) ~[classes/:na]
	at java.base/jdk.internal.reflect.NativeMethodAccessorImpl.invoke0(Native Method) ~[na:na]
	at java.base/jdk.internal.reflect.NativeMethodAccessorImpl.invoke(NativeMethodAccessorImpl.java:77) ~[na:na]
	at java.base/jdk.internal.reflect.DelegatingMethodAccessorImpl.invoke(DelegatingMethodAccessorImpl.java:43) ~[na:na]
	at java.base/java.lang.reflect.Method.invoke(Method.java:569) ~[na:na]
	at org.springframework.web.method.support.InvocableHandlerMethod.doInvoke(InvocableHandlerMethod.java:252) ~[spring-web-7.0.7.jar:7.0.7]
	at org.springframework.web.method.support.InvocableHandlerMethod.invokeForRequest(InvocableHandlerMethod.java:184) ~[spring-web-7.0.7.jar:7.0.7]
	at org.springframework.web.servlet.mvc.method.annotation.ServletInvocableHandlerMethod.invokeAndHandle(ServletInvocableHandlerMethod.java:117) ~[spring-webmvc-7.0.7.jar:7.0.7]
	at org.springframework.web.servlet.mvc.method.annotation.RequestMappingHandlerAdapter.invokeHandlerMethod(RequestMappingHandlerAdapter.java:934) ~[spring-webmvc-7.0.7.jar:7.0.7]
	at org.springframework.web.servlet.mvc.method.annotation.RequestMappingHandlerAdapter.handleInternal(RequestMappingHandlerAdapter.java:853) ~[spring-webmvc-7.0.7.jar:7.0.7]
	at org.springframework.web.servlet.mvc.method.AbstractHandlerMethodAdapter.handle(AbstractHandlerMethodAdapter.java:86) ~[spring-webmvc-7.0.7.jar:7.0.7]
	at org.springframework.web.servlet.DispatcherServlet.doDispatch(DispatcherServlet.java:963) ~[spring-webmvc-7.0.7.jar:7.0.7]
	at org.springframework.web.servlet.DispatcherServlet.doService(DispatcherServlet.java:866) ~[spring-webmvc-7.0.7.jar:7.0.7]
	at org.springframework.web.servlet.FrameworkServlet.processRequest(FrameworkServlet.java:1000) ~[spring-webmvc-7.0.7.jar:7.0.7]
	at org.springframework.web.servlet.FrameworkServlet.doGet(FrameworkServlet.java:892) ~[spring-webmvc-7.0.7.jar:7.0.7]
	at jakarta.servlet.http.HttpServlet.service(HttpServlet.java:622) ~[tomcat-embed-core-11.0.21.jar:6.1]
	at org.springframework.web.servlet.FrameworkServlet.service(FrameworkServlet.java:874) ~[spring-webmvc-7.0.7.jar:7.0.7]
	at jakarta.servlet.http.HttpServlet.service(HttpServlet.java:710) ~[tomcat-embed-core-11.0.21.jar:6.1]
	at org.apache.catalina.core.ApplicationFilterChain.doFilter(ApplicationFilterChain.java:128) ~[tomcat-embed-core-11.0.21.jar:11.0.21]
	at org.apache.tomcat.websocket.server.WsFilter.doFilter(WsFilter.java:53) ~[tomcat-embed-websocket-11.0.21.jar:11.0.21]
	at org.apache.catalina.core.ApplicationFilterChain.doFilter(ApplicationFilterChain.java:107) ~[tomcat-embed-core-11.0.21.jar:11.0.21]
	at org.springframework.web.filter.RequestContextFilter.doFilterInternal(RequestContextFilter.java:100) ~[spring-web-7.0.7.jar:7.0.7]
	at org.springframework.web.filter.OncePerRequestFilter.doFilter(OncePerRequestFilter.java:116) ~[spring-web-7.0.7.jar:7.0.7]
	at org.apache.catalina.core.ApplicationFilterChain.doFilter(ApplicationFilterChain.java:107) ~[tomcat-embed-core-11.0.21.jar:11.0.21]
	at org.springframework.web.filter.FormContentFilter.doFilterInternal(FormContentFilter.java:93) ~[spring-web-7.0.7.jar:7.0.7]
	at org.springframework.web.filter.OncePerRequestFilter.doFilter(OncePerRequestFilter.java:116) ~[spring-web-7.0.7.jar:7.0.7]
	at org.apache.catalina.core.ApplicationFilterChain.doFilter(ApplicationFilterChain.java:107) ~[tomcat-embed-core-11.0.21.jar:11.0.21]
	at org.springframework.web.filter.CharacterEncodingFilter.doFilterInternal(CharacterEncodingFilter.java:199) ~[spring-web-7.0.7.jar:7.0.7]
	at org.springframework.web.filter.OncePerRequestFilter.doFilter(OncePerRequestFilter.java:116) ~[spring-web-7.0.7.jar:7.0.7]
	at org.apache.catalina.core.ApplicationFilterChain.doFilter(ApplicationFilterChain.java:107) ~[tomcat-embed-core-11.0.21.jar:11.0.21]
	at org.apache.catalina.core.StandardWrapperValve.invoke(StandardWrapperValve.java:165) ~[tomcat-embed-core-11.0.21.jar:11.0.21]
	at org.apache.catalina.core.StandardContextValve.invoke(StandardContextValve.java:77) ~[tomcat-embed-core-11.0.21.jar:11.0.21]
	at org.apache.catalina.authenticator.AuthenticatorBase.invoke(AuthenticatorBase.java:492) ~[tomcat-embed-core-11.0.21.jar:11.0.21]
	at org.apache.catalina.core.StandardHostValve.invoke(StandardHostValve.java:113) ~[tomcat-embed-core-11.0.21.jar:11.0.21]
	at org.apache.catalina.valves.ErrorReportValve.invoke(ErrorReportValve.java:83) ~[tomcat-embed-core-11.0.21.jar:11.0.21]
	at org.apache.catalina.core.StandardEngineValve.invoke(StandardEngineValve.java:72) ~[tomcat-embed-core-11.0.21.jar:11.0.21]
	at org.apache.catalina.connector.CoyoteAdapter.service(CoyoteAdapter.java:341) ~[tomcat-embed-core-11.0.21.jar:11.0.21]
	at org.apache.coyote.http11.Http11Processor.service(Http11Processor.java:397) ~[tomcat-embed-core-11.0.21.jar:11.0.21]
	at org.apache.coyote.AbstractProcessorLight.process(AbstractProcessorLight.java:63) ~[tomcat-embed-core-11.0.21.jar:11.0.21]
	at org.apache.coyote.AbstractProtocol$ConnectionHandler.process(AbstractProtocol.java:903) ~[tomcat-embed-core-11.0.21.jar:11.0.21]
	at org.apache.tomcat.util.net.NioEndpoint$SocketProcessor.doRun(NioEndpoint.java:1801) ~[tomcat-embed-core-11.0.21.jar:11.0.21]
	at org.apache.tomcat.util.net.SocketProcessorBase.run(SocketProcessorBase.java:52) ~[tomcat-embed-core-11.0.21.jar:11.0.21]
	at org.apache.tomcat.util.threads.ThreadPoolExecutor.runWorker(ThreadPoolExecutor.java:946) ~[tomcat-embed-core-11.0.21.jar:11.0.21]
	at org.apache.tomcat.util.threads.ThreadPoolExecutor$Worker.run(ThreadPoolExecutor.java:480) ~[tomcat-embed-core-11.0.21.jar:11.0.21]
	at org.apache.tomcat.util.threads.TaskThread$WrappingRunnable.run(TaskThread.java:57) ~[tomcat-embed-core-11.0.21.jar:11.0.21]
	at java.base/java.lang.Thread.run(Thread.java:840) ~[na:na]

2026-06-15T11:05:27.557+09:00 DEBUG 31684 --- [http-nio-8080-exec-3] c.a.mapper.AccountMapper.findAll         : ==>  Preparing: SELECT a.*, e.last_name, e.first_name FROM m_account a left JOIN m_employee e ON a.account_id = e.emp_id AND (e.delete_flg = 0 OR e.delete_flg IS NULL) WHERE a.delete_flg = 0 ORDER BY a.account_id ASC
2026-06-15T11:05:27.557+09:00 DEBUG 31684 --- [http-nio-8080-exec-3] c.a.mapper.AccountMapper.findAll         : ==> Parameters: 
2026-06-15T11:05:27.560+09:00 DEBUG 31684 --- [http-nio-8080-exec-3] c.a.mapper.AccountMapper.findAll         : <==      Total: 13
2026-06-15T11:05:36.392+09:00 DEBUG 31684 --- [http-nio-8080-exec-10] c.a.mapper.AccountMapper.findAll         : ==>  Preparing: SELECT a.*, e.last_name, e.first_name FROM m_account a left JOIN m_employee e ON a.account_id = e.emp_id AND (e.delete_flg = 0 OR e.delete_flg IS NULL) WHERE a.delete_flg = 0 ORDER BY a.account_id ASC
2026-06-15T11:05:36.393+09:00 DEBUG 31684 --- [http-nio-8080-exec-10] c.a.mapper.AccountMapper.findAll         : ==> Parameters: 
2026-06-15T11:05:36.396+09:00 DEBUG 31684 --- [http-nio-8080-exec-10] c.a.mapper.AccountMapper.findAll         : <==      Total: 13
2026-06-15T11:05:37.116+09:00 DEBUG 31684 --- [http-nio-8080-exec-3] c.a.mapper.EmployeeMapper.findAll        : ==>  Preparing: SELECT e.*, c.company_name AS emp_company, c2.company_name AS emp_assign_company FROM m_employee e LEFT JOIN m_company c ON e.company_id = c.company_id LEFT JOIN t_assignment a ON a.emp_id = e.emp_id AND a.contract_end_date is null LEFT JOIN m_company c2 ON a.company_id = c2.company_id WHERE e.delete_flg = 0
2026-06-15T11:05:37.117+09:00 DEBUG 31684 --- [http-nio-8080-exec-3] c.a.mapper.EmployeeMapper.findAll        : ==> Parameters: 
2026-06-15T11:05:37.119+09:00 ERROR 31684 --- [http-nio-8080-exec-3] c.a.controller.GlobalExceptionHandler    : 【システムエラー】予期せぬ例外が発生しました。

org.springframework.jdbc.BadSqlGrammarException: 
### Error querying database.  Cause: java.sql.SQLSyntaxErrorException: Table 'assignhub.t_assignment' doesn't exist
### The error may exist in file [C:\Users\お客様\git\AssignHub\AssignHub\target\classes\mapper\EmployeeMapper.xml]
### The error may involve defaultParameterMap
### The error occurred while setting parameters
### SQL: SELECT e.*,   c.company_name AS emp_company,   c2.company_name AS emp_assign_company   FROM m_employee e   LEFT JOIN m_company c   ON   e.company_id = c.company_id   LEFT JOIN t_assignment a   ON a.emp_id = e.emp_id   AND a.contract_end_date is null   LEFT JOIN m_company c2   ON   a.company_id = c2.company_id  WHERE e.delete_flg = 0
### Cause: java.sql.SQLSyntaxErrorException: Table 'assignhub.t_assignment' doesn't exist
; bad SQL grammar []
	at org.springframework.jdbc.support.SQLErrorCodeSQLExceptionTranslator.doTranslate(SQLErrorCodeSQLExceptionTranslator.java:244) ~[spring-jdbc-7.0.7.jar:7.0.7]
	at org.springframework.jdbc.support.AbstractFallbackSQLExceptionTranslator.translate(AbstractFallbackSQLExceptionTranslator.java:102) ~[spring-jdbc-7.0.7.jar:7.0.7]
	at org.mybatis.spring.MyBatisExceptionTranslator.translateExceptionIfPossible(MyBatisExceptionTranslator.java:95) ~[mybatis-spring-4.0.0.jar:4.0.0]
	at org.mybatis.spring.SqlSessionTemplate$SqlSessionInterceptor.invoke(SqlSessionTemplate.java:362) ~[mybatis-spring-4.0.0.jar:4.0.0]
	at jdk.proxy2/jdk.proxy2.$Proxy71.selectList(Unknown Source) ~[na:na]
	at org.mybatis.spring.SqlSessionTemplate.selectList(SqlSessionTemplate.java:209) ~[mybatis-spring-4.0.0.jar:4.0.0]
	at org.apache.ibatis.binding.MapperMethod.executeForMany(MapperMethod.java:147) ~[mybatis-3.5.19.jar:3.5.19]
	at org.apache.ibatis.binding.MapperMethod.execute(MapperMethod.java:80) ~[mybatis-3.5.19.jar:3.5.19]
	at org.apache.ibatis.binding.MapperProxy$PlainMethodInvoker.invoke(MapperProxy.java:141) ~[mybatis-3.5.19.jar:3.5.19]
	at org.apache.ibatis.binding.MapperProxy.invoke(MapperProxy.java:86) ~[mybatis-3.5.19.jar:3.5.19]
	at jdk.proxy9/jdk.proxy9.$Proxy112.findAll(Unknown Source) ~[na:na]
	at com.assignhub.service.EmployeeService.findAll(EmployeeService.java:43) ~[classes/:na]
	at java.base/jdk.internal.reflect.NativeMethodAccessorImpl.invoke0(Native Method) ~[na:na]
	at java.base/jdk.internal.reflect.NativeMethodAccessorImpl.invoke(NativeMethodAccessorImpl.java:77) ~[na:na]
	at java.base/jdk.internal.reflect.DelegatingMethodAccessorImpl.invoke(DelegatingMethodAccessorImpl.java:43) ~[na:na]
	at java.base/java.lang.reflect.Method.invoke(Method.java:569) ~[na:na]
	at org.springframework.aop.support.AopUtils.invokeJoinpointUsingReflection(AopUtils.java:359) ~[spring-aop-7.0.7.jar:7.0.7]
	at org.springframework.aop.framework.CglibAopProxy$DynamicAdvisedInterceptor.intercept(CglibAopProxy.java:715) ~[spring-aop-7.0.7.jar:7.0.7]
	at com.assignhub.service.EmployeeService$$SpringCGLIB$$0.findAll(<generated>) ~[classes/:na]
	at com.assignhub.controller.EmployeeController.index(EmployeeController.java:52) ~[classes/:na]
	at java.base/jdk.internal.reflect.NativeMethodAccessorImpl.invoke0(Native Method) ~[na:na]
	at java.base/jdk.internal.reflect.NativeMethodAccessorImpl.invoke(NativeMethodAccessorImpl.java:77) ~[na:na]
	at java.base/jdk.internal.reflect.DelegatingMethodAccessorImpl.invoke(DelegatingMethodAccessorImpl.java:43) ~[na:na]
	at java.base/java.lang.reflect.Method.invoke(Method.java:569) ~[na:na]
	at org.springframework.web.method.support.InvocableHandlerMethod.doInvoke(InvocableHandlerMethod.java:252) ~[spring-web-7.0.7.jar:7.0.7]
	at org.springframework.web.method.support.InvocableHandlerMethod.invokeForRequest(InvocableHandlerMethod.java:184) ~[spring-web-7.0.7.jar:7.0.7]
	at org.springframework.web.servlet.mvc.method.annotation.ServletInvocableHandlerMethod.invokeAndHandle(ServletInvocableHandlerMethod.java:117) ~[spring-webmvc-7.0.7.jar:7.0.7]
	at org.springframework.web.servlet.mvc.method.annotation.RequestMappingHandlerAdapter.invokeHandlerMethod(RequestMappingHandlerAdapter.java:934) ~[spring-webmvc-7.0.7.jar:7.0.7]
	at org.springframework.web.servlet.mvc.method.annotation.RequestMappingHandlerAdapter.handleInternal(RequestMappingHandlerAdapter.java:853) ~[spring-webmvc-7.0.7.jar:7.0.7]
	at org.springframework.web.servlet.mvc.method.AbstractHandlerMethodAdapter.handle(AbstractHandlerMethodAdapter.java:86) ~[spring-webmvc-7.0.7.jar:7.0.7]
	at org.springframework.web.servlet.DispatcherServlet.doDispatch(DispatcherServlet.java:963) ~[spring-webmvc-7.0.7.jar:7.0.7]
	at org.springframework.web.servlet.DispatcherServlet.doService(DispatcherServlet.java:866) ~[spring-webmvc-7.0.7.jar:7.0.7]
	at org.springframework.web.servlet.FrameworkServlet.processRequest(FrameworkServlet.java:1000) ~[spring-webmvc-7.0.7.jar:7.0.7]
	at org.springframework.web.servlet.FrameworkServlet.doGet(FrameworkServlet.java:892) ~[spring-webmvc-7.0.7.jar:7.0.7]
	at jakarta.servlet.http.HttpServlet.service(HttpServlet.java:622) ~[tomcat-embed-core-11.0.21.jar:6.1]
	at org.springframework.web.servlet.FrameworkServlet.service(FrameworkServlet.java:874) ~[spring-webmvc-7.0.7.jar:7.0.7]
	at jakarta.servlet.http.HttpServlet.service(HttpServlet.java:710) ~[tomcat-embed-core-11.0.21.jar:6.1]
	at org.apache.catalina.core.ApplicationFilterChain.doFilter(ApplicationFilterChain.java:128) ~[tomcat-embed-core-11.0.21.jar:11.0.21]
	at org.apache.tomcat.websocket.server.WsFilter.doFilter(WsFilter.java:53) ~[tomcat-embed-websocket-11.0.21.jar:11.0.21]
	at org.apache.catalina.core.ApplicationFilterChain.doFilter(ApplicationFilterChain.java:107) ~[tomcat-embed-core-11.0.21.jar:11.0.21]
	at org.springframework.web.filter.RequestContextFilter.doFilterInternal(RequestContextFilter.java:100) ~[spring-web-7.0.7.jar:7.0.7]
	at org.springframework.web.filter.OncePerRequestFilter.doFilter(OncePerRequestFilter.java:116) ~[spring-web-7.0.7.jar:7.0.7]
	at org.apache.catalina.core.ApplicationFilterChain.doFilter(ApplicationFilterChain.java:107) ~[tomcat-embed-core-11.0.21.jar:11.0.21]
	at org.springframework.web.filter.FormContentFilter.doFilterInternal(FormContentFilter.java:93) ~[spring-web-7.0.7.jar:7.0.7]
	at org.springframework.web.filter.OncePerRequestFilter.doFilter(OncePerRequestFilter.java:116) ~[spring-web-7.0.7.jar:7.0.7]
	at org.apache.catalina.core.ApplicationFilterChain.doFilter(ApplicationFilterChain.java:107) ~[tomcat-embed-core-11.0.21.jar:11.0.21]
	at org.springframework.web.filter.CharacterEncodingFilter.doFilterInternal(CharacterEncodingFilter.java:199) ~[spring-web-7.0.7.jar:7.0.7]
	at org.springframework.web.filter.OncePerRequestFilter.doFilter(OncePerRequestFilter.java:116) ~[spring-web-7.0.7.jar:7.0.7]
	at org.apache.catalina.core.ApplicationFilterChain.doFilter(ApplicationFilterChain.java:107) ~[tomcat-embed-core-11.0.21.jar:11.0.21]
	at org.apache.catalina.core.StandardWrapperValve.invoke(StandardWrapperValve.java:165) ~[tomcat-embed-core-11.0.21.jar:11.0.21]
	at org.apache.catalina.core.StandardContextValve.invoke(StandardContextValve.java:77) ~[tomcat-embed-core-11.0.21.jar:11.0.21]
	at org.apache.catalina.authenticator.AuthenticatorBase.invoke(AuthenticatorBase.java:492) ~[tomcat-embed-core-11.0.21.jar:11.0.21]
	at org.apache.catalina.core.StandardHostValve.invoke(StandardHostValve.java:113) ~[tomcat-embed-core-11.0.21.jar:11.0.21]
	at org.apache.catalina.valves.ErrorReportValve.invoke(ErrorReportValve.java:83) ~[tomcat-embed-core-11.0.21.jar:11.0.21]
	at org.apache.catalina.core.StandardEngineValve.invoke(StandardEngineValve.java:72) ~[tomcat-embed-core-11.0.21.jar:11.0.21]
	at org.apache.catalina.connector.CoyoteAdapter.service(CoyoteAdapter.java:341) ~[tomcat-embed-core-11.0.21.jar:11.0.21]
	at org.apache.coyote.http11.Http11Processor.service(Http11Processor.java:397) ~[tomcat-embed-core-11.0.21.jar:11.0.21]
	at org.apache.coyote.AbstractProcessorLight.process(AbstractProcessorLight.java:63) ~[tomcat-embed-core-11.0.21.jar:11.0.21]
	at org.apache.coyote.AbstractProtocol$ConnectionHandler.process(AbstractProtocol.java:903) ~[tomcat-embed-core-11.0.21.jar:11.0.21]
	at org.apache.tomcat.util.net.NioEndpoint$SocketProcessor.doRun(NioEndpoint.java:1801) ~[tomcat-embed-core-11.0.21.jar:11.0.21]
	at org.apache.tomcat.util.net.SocketProcessorBase.run(SocketProcessorBase.java:52) ~[tomcat-embed-core-11.0.21.jar:11.0.21]
	at org.apache.tomcat.util.threads.ThreadPoolExecutor.runWorker(ThreadPoolExecutor.java:946) ~[tomcat-embed-core-11.0.21.jar:11.0.21]
	at org.apache.tomcat.util.threads.ThreadPoolExecutor$Worker.run(ThreadPoolExecutor.java:480) ~[tomcat-embed-core-11.0.21.jar:11.0.21]
	at org.apache.tomcat.util.threads.TaskThread$WrappingRunnable.run(TaskThread.java:57) ~[tomcat-embed-core-11.0.21.jar:11.0.21]
	at java.base/java.lang.Thread.run(Thread.java:840) ~[na:na]
Caused by: java.sql.SQLSyntaxErrorException: Table 'assignhub.t_assignment' doesn't exist
	at com.mysql.cj.jdbc.exceptions.SQLError.createSQLException(SQLError.java:112) ~[mysql-connector-j-9.7.0.jar:9.7.0]
	at com.mysql.cj.jdbc.exceptions.SQLExceptionsMapping.translateException(SQLExceptionsMapping.java:114) ~[mysql-connector-j-9.7.0.jar:9.7.0]
	at com.mysql.cj.jdbc.ClientPreparedStatement.executeInternal(ClientPreparedStatement.java:988) ~[mysql-connector-j-9.7.0.jar:9.7.0]
	at com.mysql.cj.jdbc.ClientPreparedStatement.execute(ClientPreparedStatement.java:383) ~[mysql-connector-j-9.7.0.jar:9.7.0]
	at com.zaxxer.hikari.pool.ProxyPreparedStatement.execute(ProxyPreparedStatement.java:44) ~[HikariCP-7.0.2.jar:na]
	at com.zaxxer.hikari.pool.HikariProxyPreparedStatement.execute(HikariProxyPreparedStatement.java) ~[HikariCP-7.0.2.jar:na]
	at jdk.internal.reflect.GeneratedMethodAccessor60.invoke(Unknown Source) ~[na:na]
	at java.base/jdk.internal.reflect.DelegatingMethodAccessorImpl.invoke(DelegatingMethodAccessorImpl.java:43) ~[na:na]
	at java.base/java.lang.reflect.Method.invoke(Method.java:569) ~[na:na]
	at org.apache.ibatis.logging.jdbc.PreparedStatementLogger.invoke(PreparedStatementLogger.java:58) ~[mybatis-3.5.19.jar:3.5.19]
	at jdk.proxy4/jdk.proxy4.$Proxy93.execute(Unknown Source) ~[na:na]
	at org.apache.ibatis.executor.statement.PreparedStatementHandler.query(PreparedStatementHandler.java:65) ~[mybatis-3.5.19.jar:3.5.19]
	at org.apache.ibatis.executor.statement.RoutingStatementHandler.query(RoutingStatementHandler.java:80) ~[mybatis-3.5.19.jar:3.5.19]
	at org.apache.ibatis.executor.SimpleExecutor.doQuery(SimpleExecutor.java:65) ~[mybatis-3.5.19.jar:3.5.19]
	at org.apache.ibatis.executor.BaseExecutor.queryFromDatabase(BaseExecutor.java:336) ~[mybatis-3.5.19.jar:3.5.19]
	at org.apache.ibatis.executor.BaseExecutor.query(BaseExecutor.java:158) ~[mybatis-3.5.19.jar:3.5.19]
	at org.apache.ibatis.executor.CachingExecutor.query(CachingExecutor.java:110) ~[mybatis-3.5.19.jar:3.5.19]
	at org.apache.ibatis.executor.CachingExecutor.query(CachingExecutor.java:90) ~[mybatis-3.5.19.jar:3.5.19]
	at org.apache.ibatis.session.defaults.DefaultSqlSession.selectList(DefaultSqlSession.java:154) ~[mybatis-3.5.19.jar:3.5.19]
	at org.apache.ibatis.session.defaults.DefaultSqlSession.selectList(DefaultSqlSession.java:147) ~[mybatis-3.5.19.jar:3.5.19]
	at org.apache.ibatis.session.defaults.DefaultSqlSession.selectList(DefaultSqlSession.java:142) ~[mybatis-3.5.19.jar:3.5.19]
	at jdk.internal.reflect.GeneratedMethodAccessor58.invoke(Unknown Source) ~[na:na]
	at java.base/jdk.internal.reflect.DelegatingMethodAccessorImpl.invoke(DelegatingMethodAccessorImpl.java:43) ~[na:na]
	at java.base/java.lang.reflect.Method.invoke(Method.java:569) ~[na:na]
	at org.mybatis.spring.SqlSessionTemplate$SqlSessionInterceptor.invoke(SqlSessionTemplate.java:348) ~[mybatis-spring-4.0.0.jar:4.0.0]
	... 61 common frames omitted

2026-06-15T11:05:37.120+09:00 ERROR 31684 --- [http-nio-8080-exec-3] o.a.c.c.C.[.[.[/].[dispatcherServlet]    : Servlet.service() for servlet [dispatcherServlet] in context with path [] threw exception [Request processing failed: org.springframework.jdbc.BadSqlGrammarException: 
### Error querying database.  Cause: java.sql.SQLSyntaxErrorException: Table 'assignhub.t_assignment' doesn't exist
### The error may exist in file [C:\Users\お客様\git\AssignHub\AssignHub\target\classes\mapper\EmployeeMapper.xml]
### The error may involve defaultParameterMap
### The error occurred while setting parameters
### SQL: SELECT e.*,   c.company_name AS emp_company,   c2.company_name AS emp_assign_company   FROM m_employee e   LEFT JOIN m_company c   ON   e.company_id = c.company_id   LEFT JOIN t_assignment a   ON a.emp_id = e.emp_id   AND a.contract_end_date is null   LEFT JOIN m_company c2   ON   a.company_id = c2.company_id  WHERE e.delete_flg = 0
### Cause: java.sql.SQLSyntaxErrorException: Table 'assignhub.t_assignment' doesn't exist
; bad SQL grammar []] with root cause

java.sql.SQLSyntaxErrorException: Table 'assignhub.t_assignment' doesn't exist
	at com.mysql.cj.jdbc.exceptions.SQLError.createSQLException(SQLError.java:112) ~[mysql-connector-j-9.7.0.jar:9.7.0]
	at com.mysql.cj.jdbc.exceptions.SQLExceptionsMapping.translateException(SQLExceptionsMapping.java:114) ~[mysql-connector-j-9.7.0.jar:9.7.0]
	at com.mysql.cj.jdbc.ClientPreparedStatement.executeInternal(ClientPreparedStatement.java:988) ~[mysql-connector-j-9.7.0.jar:9.7.0]
	at com.mysql.cj.jdbc.ClientPreparedStatement.execute(ClientPreparedStatement.java:383) ~[mysql-connector-j-9.7.0.jar:9.7.0]
	at com.zaxxer.hikari.pool.ProxyPreparedStatement.execute(ProxyPreparedStatement.java:44) ~[HikariCP-7.0.2.jar:na]
	at com.zaxxer.hikari.pool.HikariProxyPreparedStatement.execute(HikariProxyPreparedStatement.java) ~[HikariCP-7.0.2.jar:na]
	at jdk.internal.reflect.GeneratedMethodAccessor60.invoke(Unknown Source) ~[na:na]
	at java.base/jdk.internal.reflect.DelegatingMethodAccessorImpl.invoke(DelegatingMethodAccessorImpl.java:43) ~[na:na]
	at java.base/java.lang.reflect.Method.invoke(Method.java:569) ~[na:na]
	at org.apache.ibatis.logging.jdbc.PreparedStatementLogger.invoke(PreparedStatementLogger.java:58) ~[mybatis-3.5.19.jar:3.5.19]
	at jdk.proxy4/jdk.proxy4.$Proxy93.execute(Unknown Source) ~[na:na]
	at org.apache.ibatis.executor.statement.PreparedStatementHandler.query(PreparedStatementHandler.java:65) ~[mybatis-3.5.19.jar:3.5.19]
	at org.apache.ibatis.executor.statement.RoutingStatementHandler.query(RoutingStatementHandler.java:80) ~[mybatis-3.5.19.jar:3.5.19]
	at org.apache.ibatis.executor.SimpleExecutor.doQuery(SimpleExecutor.java:65) ~[mybatis-3.5.19.jar:3.5.19]
	at org.apache.ibatis.executor.BaseExecutor.queryFromDatabase(BaseExecutor.java:336) ~[mybatis-3.5.19.jar:3.5.19]
	at org.apache.ibatis.executor.BaseExecutor.query(BaseExecutor.java:158) ~[mybatis-3.5.19.jar:3.5.19]
	at org.apache.ibatis.executor.CachingExecutor.query(CachingExecutor.java:110) ~[mybatis-3.5.19.jar:3.5.19]
	at org.apache.ibatis.executor.CachingExecutor.query(CachingExecutor.java:90) ~[mybatis-3.5.19.jar:3.5.19]
	at org.apache.ibatis.session.defaults.DefaultSqlSession.selectList(DefaultSqlSession.java:154) ~[mybatis-3.5.19.jar:3.5.19]
	at org.apache.ibatis.session.defaults.DefaultSqlSession.selectList(DefaultSqlSession.java:147) ~[mybatis-3.5.19.jar:3.5.19]
	at org.apache.ibatis.session.defaults.DefaultSqlSession.selectList(DefaultSqlSession.java:142) ~[mybatis-3.5.19.jar:3.5.19]
	at jdk.internal.reflect.GeneratedMethodAccessor58.invoke(Unknown Source) ~[na:na]
	at java.base/jdk.internal.reflect.DelegatingMethodAccessorImpl.invoke(DelegatingMethodAccessorImpl.java:43) ~[na:na]
	at java.base/java.lang.reflect.Method.invoke(Method.java:569) ~[na:na]
	at org.mybatis.spring.SqlSessionTemplate$SqlSessionInterceptor.invoke(SqlSessionTemplate.java:348) ~[mybatis-spring-4.0.0.jar:4.0.0]
	at jdk.proxy2/jdk.proxy2.$Proxy71.selectList(Unknown Source) ~[na:na]
	at org.mybatis.spring.SqlSessionTemplate.selectList(SqlSessionTemplate.java:209) ~[mybatis-spring-4.0.0.jar:4.0.0]
	at org.apache.ibatis.binding.MapperMethod.executeForMany(MapperMethod.java:147) ~[mybatis-3.5.19.jar:3.5.19]
	at org.apache.ibatis.binding.MapperMethod.execute(MapperMethod.java:80) ~[mybatis-3.5.19.jar:3.5.19]
	at org.apache.ibatis.binding.MapperProxy$PlainMethodInvoker.invoke(MapperProxy.java:141) ~[mybatis-3.5.19.jar:3.5.19]
	at org.apache.ibatis.binding.MapperProxy.invoke(MapperProxy.java:86) ~[mybatis-3.5.19.jar:3.5.19]
	at jdk.proxy9/jdk.proxy9.$Proxy112.findAll(Unknown Source) ~[na:na]
	at com.assignhub.service.EmployeeService.findAll(EmployeeService.java:43) ~[classes/:na]
	at java.base/jdk.internal.reflect.NativeMethodAccessorImpl.invoke0(Native Method) ~[na:na]
	at java.base/jdk.internal.reflect.NativeMethodAccessorImpl.invoke(NativeMethodAccessorImpl.java:77) ~[na:na]
	at java.base/jdk.internal.reflect.DelegatingMethodAccessorImpl.invoke(DelegatingMethodAccessorImpl.java:43) ~[na:na]
	at java.base/java.lang.reflect.Method.invoke(Method.java:569) ~[na:na]
	at org.springframework.aop.support.AopUtils.invokeJoinpointUsingReflection(AopUtils.java:359) ~[spring-aop-7.0.7.jar:7.0.7]
	at org.springframework.aop.framework.CglibAopProxy$DynamicAdvisedInterceptor.intercept(CglibAopProxy.java:715) ~[spring-aop-7.0.7.jar:7.0.7]
	at com.assignhub.service.EmployeeService$$SpringCGLIB$$0.findAll(<generated>) ~[classes/:na]
	at com.assignhub.controller.EmployeeController.index(EmployeeController.java:52) ~[classes/:na]
	at java.base/jdk.internal.reflect.NativeMethodAccessorImpl.invoke0(Native Method) ~[na:na]
	at java.base/jdk.internal.reflect.NativeMethodAccessorImpl.invoke(NativeMethodAccessorImpl.java:77) ~[na:na]
	at java.base/jdk.internal.reflect.DelegatingMethodAccessorImpl.invoke(DelegatingMethodAccessorImpl.java:43) ~[na:na]
	at java.base/java.lang.reflect.Method.invoke(Method.java:569) ~[na:na]
	at org.springframework.web.method.support.InvocableHandlerMethod.doInvoke(InvocableHandlerMethod.java:252) ~[spring-web-7.0.7.jar:7.0.7]
	at org.springframework.web.method.support.InvocableHandlerMethod.invokeForRequest(InvocableHandlerMethod.java:184) ~[spring-web-7.0.7.jar:7.0.7]
	at org.springframework.web.servlet.mvc.method.annotation.ServletInvocableHandlerMethod.invokeAndHandle(ServletInvocableHandlerMethod.java:117) ~[spring-webmvc-7.0.7.jar:7.0.7]
	at org.springframework.web.servlet.mvc.method.annotation.RequestMappingHandlerAdapter.invokeHandlerMethod(RequestMappingHandlerAdapter.java:934) ~[spring-webmvc-7.0.7.jar:7.0.7]
	at org.springframework.web.servlet.mvc.method.annotation.RequestMappingHandlerAdapter.handleInternal(RequestMappingHandlerAdapter.java:853) ~[spring-webmvc-7.0.7.jar:7.0.7]
	at org.springframework.web.servlet.mvc.method.AbstractHandlerMethodAdapter.handle(AbstractHandlerMethodAdapter.java:86) ~[spring-webmvc-7.0.7.jar:7.0.7]
	at org.springframework.web.servlet.DispatcherServlet.doDispatch(DispatcherServlet.java:963) ~[spring-webmvc-7.0.7.jar:7.0.7]
	at org.springframework.web.servlet.DispatcherServlet.doService(DispatcherServlet.java:866) ~[spring-webmvc-7.0.7.jar:7.0.7]
	at org.springframework.web.servlet.FrameworkServlet.processRequest(FrameworkServlet.java:1000) ~[spring-webmvc-7.0.7.jar:7.0.7]
	at org.springframework.web.servlet.FrameworkServlet.doGet(FrameworkServlet.java:892) ~[spring-webmvc-7.0.7.jar:7.0.7]
	at jakarta.servlet.http.HttpServlet.service(HttpServlet.java:622) ~[tomcat-embed-core-11.0.21.jar:6.1]
	at org.springframework.web.servlet.FrameworkServlet.service(FrameworkServlet.java:874) ~[spring-webmvc-7.0.7.jar:7.0.7]
	at jakarta.servlet.http.HttpServlet.service(HttpServlet.java:710) ~[tomcat-embed-core-11.0.21.jar:6.1]
	at org.apache.catalina.core.ApplicationFilterChain.doFilter(ApplicationFilterChain.java:128) ~[tomcat-embed-core-11.0.21.jar:11.0.21]
	at org.apache.tomcat.websocket.server.WsFilter.doFilter(WsFilter.java:53) ~[tomcat-embed-websocket-11.0.21.jar:11.0.21]
	at org.apache.catalina.core.ApplicationFilterChain.doFilter(ApplicationFilterChain.java:107) ~[tomcat-embed-core-11.0.21.jar:11.0.21]
	at org.springframework.web.filter.RequestContextFilter.doFilterInternal(RequestContextFilter.java:100) ~[spring-web-7.0.7.jar:7.0.7]
	at org.springframework.web.filter.OncePerRequestFilter.doFilter(OncePerRequestFilter.java:116) ~[spring-web-7.0.7.jar:7.0.7]
	at org.apache.catalina.core.ApplicationFilterChain.doFilter(ApplicationFilterChain.java:107) ~[tomcat-embed-core-11.0.21.jar:11.0.21]
	at org.springframework.web.filter.FormContentFilter.doFilterInternal(FormContentFilter.java:93) ~[spring-web-7.0.7.jar:7.0.7]
	at org.springframework.web.filter.OncePerRequestFilter.doFilter(OncePerRequestFilter.java:116) ~[spring-web-7.0.7.jar:7.0.7]
	at org.apache.catalina.core.ApplicationFilterChain.doFilter(ApplicationFilterChain.java:107) ~[tomcat-embed-core-11.0.21.jar:11.0.21]
	at org.springframework.web.filter.CharacterEncodingFilter.doFilterInternal(CharacterEncodingFilter.java:199) ~[spring-web-7.0.7.jar:7.0.7]
	at org.springframework.web.filter.OncePerRequestFilter.doFilter(OncePerRequestFilter.java:116) ~[spring-web-7.0.7.jar:7.0.7]
	at org.apache.catalina.core.ApplicationFilterChain.doFilter(ApplicationFilterChain.java:107) ~[tomcat-embed-core-11.0.21.jar:11.0.21]
	at org.apache.catalina.core.StandardWrapperValve.invoke(StandardWrapperValve.java:165) ~[tomcat-embed-core-11.0.21.jar:11.0.21]
	at org.apache.catalina.core.StandardContextValve.invoke(StandardContextValve.java:77) ~[tomcat-embed-core-11.0.21.jar:11.0.21]
	at org.apache.catalina.authenticator.AuthenticatorBase.invoke(AuthenticatorBase.java:492) ~[tomcat-embed-core-11.0.21.jar:11.0.21]
	at org.apache.catalina.core.StandardHostValve.invoke(StandardHostValve.java:113) ~[tomcat-embed-core-11.0.21.jar:11.0.21]
	at org.apache.catalina.valves.ErrorReportValve.invoke(ErrorReportValve.java:83) ~[tomcat-embed-core-11.0.21.jar:11.0.21]
	at org.apache.catalina.core.StandardEngineValve.invoke(StandardEngineValve.java:72) ~[tomcat-embed-core-11.0.21.jar:11.0.21]
	at org.apache.catalina.connector.CoyoteAdapter.service(CoyoteAdapter.java:341) ~[tomcat-embed-core-11.0.21.jar:11.0.21]
	at org.apache.coyote.http11.Http11Processor.service(Http11Processor.java:397) ~[tomcat-embed-core-11.0.21.jar:11.0.21]
	at org.apache.coyote.AbstractProcessorLight.process(AbstractProcessorLight.java:63) ~[tomcat-embed-core-11.0.21.jar:11.0.21]
	at org.apache.coyote.AbstractProtocol$ConnectionHandler.process(AbstractProtocol.java:903) ~[tomcat-embed-core-11.0.21.jar:11.0.21]
	at org.apache.tomcat.util.net.NioEndpoint$SocketProcessor.doRun(NioEndpoint.java:1801) ~[tomcat-embed-core-11.0.21.jar:11.0.21]
	at org.apache.tomcat.util.net.SocketProcessorBase.run(SocketProcessorBase.java:52) ~[tomcat-embed-core-11.0.21.jar:11.0.21]
	at org.apache.tomcat.util.threads.ThreadPoolExecutor.runWorker(ThreadPoolExecutor.java:946) ~[tomcat-embed-core-11.0.21.jar:11.0.21]
	at org.apache.tomcat.util.threads.ThreadPoolExecutor$Worker.run(ThreadPoolExecutor.java:480) ~[tomcat-embed-core-11.0.21.jar:11.0.21]
	at org.apache.tomcat.util.threads.TaskThread$WrappingRunnable.run(TaskThread.java:57) ~[tomcat-embed-core-11.0.21.jar:11.0.21]
	at java.base/java.lang.Thread.run(Thread.java:840) ~[na:na]

2026-06-15T11:08:29.532+09:00 DEBUG 31684 --- [http-nio-8080-exec-6] c.a.mapper.EmployeeMapper.findAll        : ==>  Preparing: SELECT e.*, c.company_name AS emp_company, c2.company_name AS emp_assign_company FROM m_employee e LEFT JOIN m_company c ON e.company_id = c.company_id LEFT JOIN t_assignment a ON a.emp_id = e.emp_id AND a.contract_end_date is null LEFT JOIN m_company c2 ON a.company_id = c2.company_id WHERE e.delete_flg = 0
2026-06-15T11:08:29.532+09:00 DEBUG 31684 --- [http-nio-8080-exec-6] c.a.mapper.EmployeeMapper.findAll        : ==> Parameters: 
2026-06-15T11:08:29.545+09:00 DEBUG 31684 --- [http-nio-8080-exec-6] c.a.mapper.EmployeeMapper.findAll        : <==      Total: 3
2026-06-15T11:08:29.566+09:00 ERROR 31684 --- [http-nio-8080-exec-6] org.thymeleaf.TemplateEngine             : [THYMELEAF][http-nio-8080-exec-6] Exception processing template "employee/index": An error happened during template parsing (template: "class path resource [templates/employee/index.html]")

org.thymeleaf.exceptions.TemplateInputException: An error happened during template parsing (template: "class path resource [templates/employee/index.html]")
	at org.thymeleaf.templateparser.markup.AbstractMarkupTemplateParser.parse(AbstractMarkupTemplateParser.java:241) ~[thymeleaf-3.1.5.RELEASE.jar:3.1.5.RELEASE]
	at org.thymeleaf.templateparser.markup.AbstractMarkupTemplateParser.parseStandalone(AbstractMarkupTemplateParser.java:100) ~[thymeleaf-3.1.5.RELEASE.jar:3.1.5.RELEASE]
	at org.thymeleaf.engine.TemplateManager.parseAndProcess(TemplateManager.java:666) ~[thymeleaf-3.1.5.RELEASE.jar:3.1.5.RELEASE]
	at org.thymeleaf.TemplateEngine.process(TemplateEngine.java:1103) ~[thymeleaf-3.1.5.RELEASE.jar:3.1.5.RELEASE]
	at org.thymeleaf.TemplateEngine.process(TemplateEngine.java:1077) ~[thymeleaf-3.1.5.RELEASE.jar:3.1.5.RELEASE]
	at org.thymeleaf.spring6.view.ThymeleafView.renderFragment(ThymeleafView.java:374) ~[thymeleaf-spring6-3.1.5.RELEASE.jar:3.1.5.RELEASE]
	at org.thymeleaf.spring6.view.ThymeleafView.render(ThymeleafView.java:193) ~[thymeleaf-spring6-3.1.5.RELEASE.jar:3.1.5.RELEASE]
	at org.springframework.web.servlet.DispatcherServlet.render(DispatcherServlet.java:1305) ~[spring-webmvc-7.0.7.jar:7.0.7]
	at org.springframework.web.servlet.DispatcherServlet.processDispatchResult(DispatcherServlet.java:1042) ~[spring-webmvc-7.0.7.jar:7.0.7]
	at org.springframework.web.servlet.DispatcherServlet.doDispatch(DispatcherServlet.java:980) ~[spring-webmvc-7.0.7.jar:7.0.7]
	at org.springframework.web.servlet.DispatcherServlet.doService(DispatcherServlet.java:866) ~[spring-webmvc-7.0.7.jar:7.0.7]
	at org.springframework.web.servlet.FrameworkServlet.processRequest(FrameworkServlet.java:1000) ~[spring-webmvc-7.0.7.jar:7.0.7]
	at org.springframework.web.servlet.FrameworkServlet.doGet(FrameworkServlet.java:892) ~[spring-webmvc-7.0.7.jar:7.0.7]
	at jakarta.servlet.http.HttpServlet.service(HttpServlet.java:622) ~[tomcat-embed-core-11.0.21.jar:6.1]
	at org.springframework.web.servlet.FrameworkServlet.service(FrameworkServlet.java:874) ~[spring-webmvc-7.0.7.jar:7.0.7]
	at jakarta.servlet.http.HttpServlet.service(HttpServlet.java:710) ~[tomcat-embed-core-11.0.21.jar:6.1]
	at org.apache.catalina.core.ApplicationFilterChain.doFilter(ApplicationFilterChain.java:128) ~[tomcat-embed-core-11.0.21.jar:11.0.21]
	at org.apache.tomcat.websocket.server.WsFilter.doFilter(WsFilter.java:53) ~[tomcat-embed-websocket-11.0.21.jar:11.0.21]
	at org.apache.catalina.core.ApplicationFilterChain.doFilter(ApplicationFilterChain.java:107) ~[tomcat-embed-core-11.0.21.jar:11.0.21]
	at org.springframework.web.filter.RequestContextFilter.doFilterInternal(RequestContextFilter.java:100) ~[spring-web-7.0.7.jar:7.0.7]
	at org.springframework.web.filter.OncePerRequestFilter.doFilter(OncePerRequestFilter.java:116) ~[spring-web-7.0.7.jar:7.0.7]
	at org.apache.catalina.core.ApplicationFilterChain.doFilter(ApplicationFilterChain.java:107) ~[tomcat-embed-core-11.0.21.jar:11.0.21]
	at org.springframework.web.filter.FormContentFilter.doFilterInternal(FormContentFilter.java:93) ~[spring-web-7.0.7.jar:7.0.7]
	at org.springframework.web.filter.OncePerRequestFilter.doFilter(OncePerRequestFilter.java:116) ~[spring-web-7.0.7.jar:7.0.7]
	at org.apache.catalina.core.ApplicationFilterChain.doFilter(ApplicationFilterChain.java:107) ~[tomcat-embed-core-11.0.21.jar:11.0.21]
	at org.springframework.web.filter.CharacterEncodingFilter.doFilterInternal(CharacterEncodingFilter.java:199) ~[spring-web-7.0.7.jar:7.0.7]
	at org.springframework.web.filter.OncePerRequestFilter.doFilter(OncePerRequestFilter.java:116) ~[spring-web-7.0.7.jar:7.0.7]
	at org.apache.catalina.core.ApplicationFilterChain.doFilter(ApplicationFilterChain.java:107) ~[tomcat-embed-core-11.0.21.jar:11.0.21]
	at org.apache.catalina.core.StandardWrapperValve.invoke(StandardWrapperValve.java:165) ~[tomcat-embed-core-11.0.21.jar:11.0.21]
	at org.apache.catalina.core.StandardContextValve.invoke(StandardContextValve.java:77) ~[tomcat-embed-core-11.0.21.jar:11.0.21]
	at org.apache.catalina.authenticator.AuthenticatorBase.invoke(AuthenticatorBase.java:492) ~[tomcat-embed-core-11.0.21.jar:11.0.21]
	at org.apache.catalina.core.StandardHostValve.invoke(StandardHostValve.java:113) ~[tomcat-embed-core-11.0.21.jar:11.0.21]
	at org.apache.catalina.valves.ErrorReportValve.invoke(ErrorReportValve.java:83) ~[tomcat-embed-core-11.0.21.jar:11.0.21]
	at org.apache.catalina.core.StandardEngineValve.invoke(StandardEngineValve.java:72) ~[tomcat-embed-core-11.0.21.jar:11.0.21]
	at org.apache.catalina.connector.CoyoteAdapter.service(CoyoteAdapter.java:341) ~[tomcat-embed-core-11.0.21.jar:11.0.21]
	at org.apache.coyote.http11.Http11Processor.service(Http11Processor.java:397) ~[tomcat-embed-core-11.0.21.jar:11.0.21]
	at org.apache.coyote.AbstractProcessorLight.process(AbstractProcessorLight.java:63) ~[tomcat-embed-core-11.0.21.jar:11.0.21]
	at org.apache.coyote.AbstractProtocol$ConnectionHandler.process(AbstractProtocol.java:903) ~[tomcat-embed-core-11.0.21.jar:11.0.21]
	at org.apache.tomcat.util.net.NioEndpoint$SocketProcessor.doRun(NioEndpoint.java:1801) ~[tomcat-embed-core-11.0.21.jar:11.0.21]
	at org.apache.tomcat.util.net.SocketProcessorBase.run(SocketProcessorBase.java:52) ~[tomcat-embed-core-11.0.21.jar:11.0.21]
	at org.apache.tomcat.util.threads.ThreadPoolExecutor.runWorker(ThreadPoolExecutor.java:946) ~[tomcat-embed-core-11.0.21.jar:11.0.21]
	at org.apache.tomcat.util.threads.ThreadPoolExecutor$Worker.run(ThreadPoolExecutor.java:480) ~[tomcat-embed-core-11.0.21.jar:11.0.21]
	at org.apache.tomcat.util.threads.TaskThread$WrappingRunnable.run(TaskThread.java:57) ~[tomcat-embed-core-11.0.21.jar:11.0.21]
	at java.base/java.lang.Thread.run(Thread.java:840) ~[na:na]
Caused by: org.attoparser.ParseException: Exception evaluating SpringEL expression: "emp.empName" (template: "employee/index" - line 63, col 12)
	at org.attoparser.MarkupParser.parseDocument(MarkupParser.java:393) ~[attoparser-2.0.7.RELEASE.jar:2.0.7.RELEASE]
	at org.attoparser.MarkupParser.parse(MarkupParser.java:257) ~[attoparser-2.0.7.RELEASE.jar:2.0.7.RELEASE]
	at org.thymeleaf.templateparser.markup.AbstractMarkupTemplateParser.parse(AbstractMarkupTemplateParser.java:230) ~[thymeleaf-3.1.5.RELEASE.jar:3.1.5.RELEASE]
	... 43 common frames omitted
Caused by: org.thymeleaf.exceptions.TemplateProcessingException: Exception evaluating SpringEL expression: "emp.empName" (template: "employee/index" - line 63, col 12)
	at org.thymeleaf.spring6.expression.SPELVariableExpressionEvaluator.evaluate(SPELVariableExpressionEvaluator.java:302) ~[thymeleaf-spring6-3.1.5.RELEASE.jar:3.1.5.RELEASE]
	at org.thymeleaf.standard.expression.VariableExpression.executeVariableExpression(VariableExpression.java:166) ~[thymeleaf-3.1.5.RELEASE.jar:3.1.5.RELEASE]
	at org.thymeleaf.standard.expression.SimpleExpression.executeSimple(SimpleExpression.java:66) ~[thymeleaf-3.1.5.RELEASE.jar:3.1.5.RELEASE]
	at org.thymeleaf.standard.expression.Expression.execute(Expression.java:109) ~[thymeleaf-3.1.5.RELEASE.jar:3.1.5.RELEASE]
	at org.thymeleaf.standard.expression.Expression.execute(Expression.java:138) ~[thymeleaf-3.1.5.RELEASE.jar:3.1.5.RELEASE]
	at org.thymeleaf.standard.processor.AbstractStandardExpressionAttributeTagProcessor.doProcess(AbstractStandardExpressionAttributeTagProcessor.java:144) ~[thymeleaf-3.1.5.RELEASE.jar:3.1.5.RELEASE]
	at org.thymeleaf.processor.element.AbstractAttributeTagProcessor.doProcess(AbstractAttributeTagProcessor.java:74) ~[thymeleaf-3.1.5.RELEASE.jar:3.1.5.RELEASE]
	at org.thymeleaf.processor.element.AbstractElementTagProcessor.process(AbstractElementTagProcessor.java:95) ~[thymeleaf-3.1.5.RELEASE.jar:3.1.5.RELEASE]
	at org.thymeleaf.util.ProcessorConfigurationUtils$ElementTagProcessorWrapper.process(ProcessorConfigurationUtils.java:633) ~[thymeleaf-3.1.5.RELEASE.jar:3.1.5.RELEASE]
	at org.thymeleaf.engine.ProcessorTemplateHandler.handleOpenElement(ProcessorTemplateHandler.java:1314) ~[thymeleaf-3.1.5.RELEASE.jar:3.1.5.RELEASE]
	at org.thymeleaf.engine.OpenElementTag.beHandled(OpenElementTag.java:205) ~[thymeleaf-3.1.5.RELEASE.jar:3.1.5.RELEASE]
	at org.thymeleaf.engine.Model.process(Model.java:282) ~[thymeleaf-3.1.5.RELEASE.jar:3.1.5.RELEASE]
	at org.thymeleaf.engine.Model.process(Model.java:290) ~[thymeleaf-3.1.5.RELEASE.jar:3.1.5.RELEASE]
	at org.thymeleaf.engine.IteratedGatheringModelProcessable.processIterationModel(IteratedGatheringModelProcessable.java:368) ~[thymeleaf-3.1.5.RELEASE.jar:3.1.5.RELEASE]
	at org.thymeleaf.engine.IteratedGatheringModelProcessable.process(IteratedGatheringModelProcessable.java:222) ~[thymeleaf-3.1.5.RELEASE.jar:3.1.5.RELEASE]
	at org.thymeleaf.engine.ProcessorTemplateHandler.handleCloseElement(ProcessorTemplateHandler.java:1640) ~[thymeleaf-3.1.5.RELEASE.jar:3.1.5.RELEASE]
	at org.thymeleaf.engine.CloseElementTag.beHandled(CloseElementTag.java:139) ~[thymeleaf-3.1.5.RELEASE.jar:3.1.5.RELEASE]
	at org.thymeleaf.engine.Model.process(Model.java:282) ~[thymeleaf-3.1.5.RELEASE.jar:3.1.5.RELEASE]
	at org.thymeleaf.engine.ProcessorTemplateHandler.handleOpenElement(ProcessorTemplateHandler.java:1587) ~[thymeleaf-3.1.5.RELEASE.jar:3.1.5.RELEASE]
	at org.thymeleaf.engine.OpenElementTag.beHandled(OpenElementTag.java:205) ~[thymeleaf-3.1.5.RELEASE.jar:3.1.5.RELEASE]
	at org.thymeleaf.engine.Model.process(Model.java:282) ~[thymeleaf-3.1.5.RELEASE.jar:3.1.5.RELEASE]
	at org.thymeleaf.engine.ProcessorTemplateHandler.handleOpenElement(ProcessorTemplateHandler.java:1587) ~[thymeleaf-3.1.5.RELEASE.jar:3.1.5.RELEASE]
	at org.thymeleaf.engine.OpenElementTag.beHandled(OpenElementTag.java:205) ~[thymeleaf-3.1.5.RELEASE.jar:3.1.5.RELEASE]
	at org.thymeleaf.engine.Model.process(Model.java:282) ~[thymeleaf-3.1.5.RELEASE.jar:3.1.5.RELEASE]
	at org.thymeleaf.engine.Model.process(Model.java:290) ~[thymeleaf-3.1.5.RELEASE.jar:3.1.5.RELEASE]
	at org.thymeleaf.engine.GatheringModelProcessable.process(GatheringModelProcessable.java:78) ~[thymeleaf-3.1.5.RELEASE.jar:3.1.5.RELEASE]
	at org.thymeleaf.engine.ProcessorTemplateHandler.handleCloseElement(ProcessorTemplateHandler.java:1640) ~[thymeleaf-3.1.5.RELEASE.jar:3.1.5.RELEASE]
	at org.thymeleaf.engine.TemplateHandlerAdapterMarkupHandler.handleCloseElementEnd(TemplateHandlerAdapterMarkupHandler.java:388) ~[thymeleaf-3.1.5.RELEASE.jar:3.1.5.RELEASE]
	at org.thymeleaf.templateparser.markup.InlinedOutputExpressionMarkupHandler$InlineMarkupAdapterPreProcessorHandler.handleCloseElementEnd(InlinedOutputExpressionMarkupHandler.java:322) ~[thymeleaf-3.1.5.RELEASE.jar:3.1.5.RELEASE]
	at org.thymeleaf.standard.inline.OutputExpressionInlinePreProcessorHandler.handleCloseElementEnd(OutputExpressionInlinePreProcessorHandler.java:220) ~[thymeleaf-3.1.5.RELEASE.jar:3.1.5.RELEASE]
	at org.thymeleaf.templateparser.markup.InlinedOutputExpressionMarkupHandler.handleCloseElementEnd(InlinedOutputExpressionMarkupHandler.java:164) ~[thymeleaf-3.1.5.RELEASE.jar:3.1.5.RELEASE]
	at org.attoparser.HtmlElement.handleCloseElementEnd(HtmlElement.java:169) ~[attoparser-2.0.7.RELEASE.jar:2.0.7.RELEASE]
	at org.attoparser.HtmlMarkupHandler.handleCloseElementEnd(HtmlMarkupHandler.java:412) ~[attoparser-2.0.7.RELEASE.jar:2.0.7.RELEASE]
	at org.attoparser.MarkupEventProcessorHandler.handleCloseElementEnd(MarkupEventProcessorHandler.java:473) ~[attoparser-2.0.7.RELEASE.jar:2.0.7.RELEASE]
	at org.attoparser.ParsingElementMarkupUtil.parseCloseElement(ParsingElementMarkupUtil.java:201) ~[attoparser-2.0.7.RELEASE.jar:2.0.7.RELEASE]
	at org.attoparser.MarkupParser.parseBuffer(MarkupParser.java:725) ~[attoparser-2.0.7.RELEASE.jar:2.0.7.RELEASE]
	at org.attoparser.MarkupParser.parseDocument(MarkupParser.java:301) ~[attoparser-2.0.7.RELEASE.jar:2.0.7.RELEASE]
	... 45 common frames omitted
Caused by: org.springframework.expression.spel.SpelEvaluationException: EL1008E: Property or field 'empName' cannot be found on object of type 'com.assignhub.entity.Employee' - maybe not public or not valid?
	at org.springframework.expression.spel.ast.PropertyOrFieldReference.readProperty(PropertyOrFieldReference.java:272) ~[spring-expression-7.0.7.jar:7.0.7]
	at org.springframework.expression.spel.ast.PropertyOrFieldReference.getValueInternal(PropertyOrFieldReference.java:123) ~[spring-expression-7.0.7.jar:7.0.7]
	at org.springframework.expression.spel.ast.PropertyOrFieldReference$AccessorValueRef.getValue(PropertyOrFieldReference.java:419) ~[spring-expression-7.0.7.jar:7.0.7]
	at org.springframework.expression.spel.ast.CompoundExpression.getValueInternal(CompoundExpression.java:97) ~[spring-expression-7.0.7.jar:7.0.7]
	at org.springframework.expression.spel.ast.SpelNodeImpl.getValue(SpelNodeImpl.java:114) ~[spring-expression-7.0.7.jar:7.0.7]
	at org.springframework.expression.spel.standard.SpelExpression.getValue(SpelExpression.java:330) ~[spring-expression-7.0.7.jar:7.0.7]
	at org.thymeleaf.spring6.expression.SPELVariableExpressionEvaluator.evaluate(SPELVariableExpressionEvaluator.java:275) ~[thymeleaf-spring6-3.1.5.RELEASE.jar:3.1.5.RELEASE]
	... 81 common frames omitted

2026-06-15T11:08:29.575+09:00 ERROR 31684 --- [http-nio-8080-exec-6] o.a.c.c.C.[.[.[/].[dispatcherServlet]    : Servlet.service() for servlet [dispatcherServlet] in context with path [] threw exception [Request processing failed: org.thymeleaf.exceptions.TemplateInputException: An error happened during template parsing (template: "class path resource [templates/employee/index.html]")] with root cause

org.springframework.expression.spel.SpelEvaluationException: EL1008E: Property or field 'empName' cannot be found on object of type 'com.assignhub.entity.Employee' - maybe not public or not valid?
	at org.springframework.expression.spel.ast.PropertyOrFieldReference.readProperty(PropertyOrFieldReference.java:272) ~[spring-expression-7.0.7.jar:7.0.7]
	at org.springframework.expression.spel.ast.PropertyOrFieldReference.getValueInternal(PropertyOrFieldReference.java:123) ~[spring-expression-7.0.7.jar:7.0.7]
	at org.springframework.expression.spel.ast.PropertyOrFieldReference$AccessorValueRef.getValue(PropertyOrFieldReference.java:419) ~[spring-expression-7.0.7.jar:7.0.7]
	at org.springframework.expression.spel.ast.CompoundExpression.getValueInternal(CompoundExpression.java:97) ~[spring-expression-7.0.7.jar:7.0.7]
	at org.springframework.expression.spel.ast.SpelNodeImpl.getValue(SpelNodeImpl.java:114) ~[spring-expression-7.0.7.jar:7.0.7]
	at org.springframework.expression.spel.standard.SpelExpression.getValue(SpelExpression.java:330) ~[spring-expression-7.0.7.jar:7.0.7]
	at org.thymeleaf.spring6.expression.SPELVariableExpressionEvaluator.evaluate(SPELVariableExpressionEvaluator.java:275) ~[thymeleaf-spring6-3.1.5.RELEASE.jar:3.1.5.RELEASE]
	at org.thymeleaf.standard.expression.VariableExpression.executeVariableExpression(VariableExpression.java:166) ~[thymeleaf-3.1.5.RELEASE.jar:3.1.5.RELEASE]
	at org.thymeleaf.standard.expression.SimpleExpression.executeSimple(SimpleExpression.java:66) ~[thymeleaf-3.1.5.RELEASE.jar:3.1.5.RELEASE]
	at org.thymeleaf.standard.expression.Expression.execute(Expression.java:109) ~[thymeleaf-3.1.5.RELEASE.jar:3.1.5.RELEASE]
	at org.thymeleaf.standard.expression.Expression.execute(Expression.java:138) ~[thymeleaf-3.1.5.RELEASE.jar:3.1.5.RELEASE]
	at org.thymeleaf.standard.processor.AbstractStandardExpressionAttributeTagProcessor.doProcess(AbstractStandardExpressionAttributeTagProcessor.java:144) ~[thymeleaf-3.1.5.RELEASE.jar:3.1.5.RELEASE]
	at org.thymeleaf.processor.element.AbstractAttributeTagProcessor.doProcess(AbstractAttributeTagProcessor.java:74) ~[thymeleaf-3.1.5.RELEASE.jar:3.1.5.RELEASE]
	at org.thymeleaf.processor.element.AbstractElementTagProcessor.process(AbstractElementTagProcessor.java:95) ~[thymeleaf-3.1.5.RELEASE.jar:3.1.5.RELEASE]
	at org.thymeleaf.util.ProcessorConfigurationUtils$ElementTagProcessorWrapper.process(ProcessorConfigurationUtils.java:633) ~[thymeleaf-3.1.5.RELEASE.jar:3.1.5.RELEASE]
	at org.thymeleaf.engine.ProcessorTemplateHandler.handleOpenElement(ProcessorTemplateHandler.java:1314) ~[thymeleaf-3.1.5.RELEASE.jar:3.1.5.RELEASE]
	at org.thymeleaf.engine.OpenElementTag.beHandled(OpenElementTag.java:205) ~[thymeleaf-3.1.5.RELEASE.jar:3.1.5.RELEASE]
	at org.thymeleaf.engine.Model.process(Model.java:282) ~[thymeleaf-3.1.5.RELEASE.jar:3.1.5.RELEASE]
	at org.thymeleaf.engine.Model.process(Model.java:290) ~[thymeleaf-3.1.5.RELEASE.jar:3.1.5.RELEASE]
	at org.thymeleaf.engine.IteratedGatheringModelProcessable.processIterationModel(IteratedGatheringModelProcessable.java:368) ~[thymeleaf-3.1.5.RELEASE.jar:3.1.5.RELEASE]
	at org.thymeleaf.engine.IteratedGatheringModelProcessable.process(IteratedGatheringModelProcessable.java:222) ~[thymeleaf-3.1.5.RELEASE.jar:3.1.5.RELEASE]
	at org.thymeleaf.engine.ProcessorTemplateHandler.handleCloseElement(ProcessorTemplateHandler.java:1640) ~[thymeleaf-3.1.5.RELEASE.jar:3.1.5.RELEASE]
	at org.thymeleaf.engine.CloseElementTag.beHandled(CloseElementTag.java:139) ~[thymeleaf-3.1.5.RELEASE.jar:3.1.5.RELEASE]
	at org.thymeleaf.engine.Model.process(Model.java:282) ~[thymeleaf-3.1.5.RELEASE.jar:3.1.5.RELEASE]
	at org.thymeleaf.engine.ProcessorTemplateHandler.handleOpenElement(ProcessorTemplateHandler.java:1587) ~[thymeleaf-3.1.5.RELEASE.jar:3.1.5.RELEASE]
	at org.thymeleaf.engine.OpenElementTag.beHandled(OpenElementTag.java:205) ~[thymeleaf-3.1.5.RELEASE.jar:3.1.5.RELEASE]
	at org.thymeleaf.engine.Model.process(Model.java:282) ~[thymeleaf-3.1.5.RELEASE.jar:3.1.5.RELEASE]
	at org.thymeleaf.engine.ProcessorTemplateHandler.handleOpenElement(ProcessorTemplateHandler.java:1587) ~[thymeleaf-3.1.5.RELEASE.jar:3.1.5.RELEASE]
	at org.thymeleaf.engine.OpenElementTag.beHandled(OpenElementTag.java:205) ~[thymeleaf-3.1.5.RELEASE.jar:3.1.5.RELEASE]
	at org.thymeleaf.engine.Model.process(Model.java:282) ~[thymeleaf-3.1.5.RELEASE.jar:3.1.5.RELEASE]
	at org.thymeleaf.engine.Model.process(Model.java:290) ~[thymeleaf-3.1.5.RELEASE.jar:3.1.5.RELEASE]
	at org.thymeleaf.engine.GatheringModelProcessable.process(GatheringModelProcessable.java:78) ~[thymeleaf-3.1.5.RELEASE.jar:3.1.5.RELEASE]
	at org.thymeleaf.engine.ProcessorTemplateHandler.handleCloseElement(ProcessorTemplateHandler.java:1640) ~[thymeleaf-3.1.5.RELEASE.jar:3.1.5.RELEASE]
	at org.thymeleaf.engine.TemplateHandlerAdapterMarkupHandler.handleCloseElementEnd(TemplateHandlerAdapterMarkupHandler.java:388) ~[thymeleaf-3.1.5.RELEASE.jar:3.1.5.RELEASE]
	at org.thymeleaf.templateparser.markup.InlinedOutputExpressionMarkupHandler$InlineMarkupAdapterPreProcessorHandler.handleCloseElementEnd(InlinedOutputExpressionMarkupHandler.java:322) ~[thymeleaf-3.1.5.RELEASE.jar:3.1.5.RELEASE]
	at org.thymeleaf.standard.inline.OutputExpressionInlinePreProcessorHandler.handleCloseElementEnd(OutputExpressionInlinePreProcessorHandler.java:220) ~[thymeleaf-3.1.5.RELEASE.jar:3.1.5.RELEASE]
	at org.thymeleaf.templateparser.markup.InlinedOutputExpressionMarkupHandler.handleCloseElementEnd(InlinedOutputExpressionMarkupHandler.java:164) ~[thymeleaf-3.1.5.RELEASE.jar:3.1.5.RELEASE]
	at org.attoparser.HtmlElement.handleCloseElementEnd(HtmlElement.java:169) ~[attoparser-2.0.7.RELEASE.jar:2.0.7.RELEASE]
	at org.attoparser.HtmlMarkupHandler.handleCloseElementEnd(HtmlMarkupHandler.java:412) ~[attoparser-2.0.7.RELEASE.jar:2.0.7.RELEASE]
	at org.attoparser.MarkupEventProcessorHandler.handleCloseElementEnd(MarkupEventProcessorHandler.java:473) ~[attoparser-2.0.7.RELEASE.jar:2.0.7.RELEASE]
	at org.attoparser.ParsingElementMarkupUtil.parseCloseElement(ParsingElementMarkupUtil.java:201) ~[attoparser-2.0.7.RELEASE.jar:2.0.7.RELEASE]
	at org.attoparser.MarkupParser.parseBuffer(MarkupParser.java:725) ~[attoparser-2.0.7.RELEASE.jar:2.0.7.RELEASE]
	at org.attoparser.MarkupParser.parseDocument(MarkupParser.java:301) ~[attoparser-2.0.7.RELEASE.jar:2.0.7.RELEASE]
	at org.attoparser.MarkupParser.parse(MarkupParser.java:257) ~[attoparser-2.0.7.RELEASE.jar:2.0.7.RELEASE]
	at org.thymeleaf.templateparser.markup.AbstractMarkupTemplateParser.parse(AbstractMarkupTemplateParser.java:230) ~[thymeleaf-3.1.5.RELEASE.jar:3.1.5.RELEASE]
	at org.thymeleaf.templateparser.markup.AbstractMarkupTemplateParser.parseStandalone(AbstractMarkupTemplateParser.java:100) ~[thymeleaf-3.1.5.RELEASE.jar:3.1.5.RELEASE]
	at org.thymeleaf.engine.TemplateManager.parseAndProcess(TemplateManager.java:666) ~[thymeleaf-3.1.5.RELEASE.jar:3.1.5.RELEASE]
	at org.thymeleaf.TemplateEngine.process(TemplateEngine.java:1103) ~[thymeleaf-3.1.5.RELEASE.jar:3.1.5.RELEASE]
	at org.thymeleaf.TemplateEngine.process(TemplateEngine.java:1077) ~[thymeleaf-3.1.5.RELEASE.jar:3.1.5.RELEASE]
	at org.thymeleaf.spring6.view.ThymeleafView.renderFragment(ThymeleafView.java:374) ~[thymeleaf-spring6-3.1.5.RELEASE.jar:3.1.5.RELEASE]
	at org.thymeleaf.spring6.view.ThymeleafView.render(ThymeleafView.java:193) ~[thymeleaf-spring6-3.1.5.RELEASE.jar:3.1.5.RELEASE]
	at org.springframework.web.servlet.DispatcherServlet.render(DispatcherServlet.java:1305) ~[spring-webmvc-7.0.7.jar:7.0.7]
	at org.springframework.web.servlet.DispatcherServlet.processDispatchResult(DispatcherServlet.java:1042) ~[spring-webmvc-7.0.7.jar:7.0.7]
	at org.springframework.web.servlet.DispatcherServlet.doDispatch(DispatcherServlet.java:980) ~[spring-webmvc-7.0.7.jar:7.0.7]
	at org.springframework.web.servlet.DispatcherServlet.doService(DispatcherServlet.java:866) ~[spring-webmvc-7.0.7.jar:7.0.7]
	at org.springframework.web.servlet.FrameworkServlet.processRequest(FrameworkServlet.java:1000) ~[spring-webmvc-7.0.7.jar:7.0.7]
	at org.springframework.web.servlet.FrameworkServlet.doGet(FrameworkServlet.java:892) ~[spring-webmvc-7.0.7.jar:7.0.7]
	at jakarta.servlet.http.HttpServlet.service(HttpServlet.java:622) ~[tomcat-embed-core-11.0.21.jar:6.1]
	at org.springframework.web.servlet.FrameworkServlet.service(FrameworkServlet.java:874) ~[spring-webmvc-7.0.7.jar:7.0.7]
	at jakarta.servlet.http.HttpServlet.service(HttpServlet.java:710) ~[tomcat-embed-core-11.0.21.jar:6.1]
	at org.apache.catalina.core.ApplicationFilterChain.doFilter(ApplicationFilterChain.java:128) ~[tomcat-embed-core-11.0.21.jar:11.0.21]
	at org.apache.tomcat.websocket.server.WsFilter.doFilter(WsFilter.java:53) ~[tomcat-embed-websocket-11.0.21.jar:11.0.21]
	at org.apache.catalina.core.ApplicationFilterChain.doFilter(ApplicationFilterChain.java:107) ~[tomcat-embed-core-11.0.21.jar:11.0.21]
	at org.springframework.web.filter.RequestContextFilter.doFilterInternal(RequestContextFilter.java:100) ~[spring-web-7.0.7.jar:7.0.7]
	at org.springframework.web.filter.OncePerRequestFilter.doFilter(OncePerRequestFilter.java:116) ~[spring-web-7.0.7.jar:7.0.7]
	at org.apache.catalina.core.ApplicationFilterChain.doFilter(ApplicationFilterChain.java:107) ~[tomcat-embed-core-11.0.21.jar:11.0.21]
	at org.springframework.web.filter.FormContentFilter.doFilterInternal(FormContentFilter.java:93) ~[spring-web-7.0.7.jar:7.0.7]
	at org.springframework.web.filter.OncePerRequestFilter.doFilter(OncePerRequestFilter.java:116) ~[spring-web-7.0.7.jar:7.0.7]
	at org.apache.catalina.core.ApplicationFilterChain.doFilter(ApplicationFilterChain.java:107) ~[tomcat-embed-core-11.0.21.jar:11.0.21]
	at org.springframework.web.filter.CharacterEncodingFilter.doFilterInternal(CharacterEncodingFilter.java:199) ~[spring-web-7.0.7.jar:7.0.7]
	at org.springframework.web.filter.OncePerRequestFilter.doFilter(OncePerRequestFilter.java:116) ~[spring-web-7.0.7.jar:7.0.7]
	at org.apache.catalina.core.ApplicationFilterChain.doFilter(ApplicationFilterChain.java:107) ~[tomcat-embed-core-11.0.21.jar:11.0.21]
	at org.apache.catalina.core.StandardWrapperValve.invoke(StandardWrapperValve.java:165) ~[tomcat-embed-core-11.0.21.jar:11.0.21]
	at org.apache.catalina.core.StandardContextValve.invoke(StandardContextValve.java:77) ~[tomcat-embed-core-11.0.21.jar:11.0.21]
	at org.apache.catalina.authenticator.AuthenticatorBase.invoke(AuthenticatorBase.java:492) ~[tomcat-embed-core-11.0.21.jar:11.0.21]
	at org.apache.catalina.core.StandardHostValve.invoke(StandardHostValve.java:113) ~[tomcat-embed-core-11.0.21.jar:11.0.21]
	at org.apache.catalina.valves.ErrorReportValve.invoke(ErrorReportValve.java:83) ~[tomcat-embed-core-11.0.21.jar:11.0.21]
	at org.apache.catalina.core.StandardEngineValve.invoke(StandardEngineValve.java:72) ~[tomcat-embed-core-11.0.21.jar:11.0.21]
	at org.apache.catalina.connector.CoyoteAdapter.service(CoyoteAdapter.java:341) ~[tomcat-embed-core-11.0.21.jar:11.0.21]
	at org.apache.coyote.http11.Http11Processor.service(Http11Processor.java:397) ~[tomcat-embed-core-11.0.21.jar:11.0.21]
	at org.apache.coyote.AbstractProcessorLight.process(AbstractProcessorLight.java:63) ~[tomcat-embed-core-11.0.21.jar:11.0.21]
	at org.apache.coyote.AbstractProtocol$ConnectionHandler.process(AbstractProtocol.java:903) ~[tomcat-embed-core-11.0.21.jar:11.0.21]
	at org.apache.tomcat.util.net.NioEndpoint$SocketProcessor.doRun(NioEndpoint.java:1801) ~[tomcat-embed-core-11.0.21.jar:11.0.21]
	at org.apache.tomcat.util.net.SocketProcessorBase.run(SocketProcessorBase.java:52) ~[tomcat-embed-core-11.0.21.jar:11.0.21]
	at org.apache.tomcat.util.threads.ThreadPoolExecutor.runWorker(ThreadPoolExecutor.java:946) ~[tomcat-embed-core-11.0.21.jar:11.0.21]
	at org.apache.tomcat.util.threads.ThreadPoolExecutor$Worker.run(ThreadPoolExecutor.java:480) ~[tomcat-embed-core-11.0.21.jar:11.0.21]
	at org.apache.tomcat.util.threads.TaskThread$WrappingRunnable.run(TaskThread.java:57) ~[tomcat-embed-core-11.0.21.jar:11.0.21]
	at java.base/java.lang.Thread.run(Thread.java:840) ~[na:na]

2026-06-15T11:08:29.750+09:00 DEBUG 31684 --- [http-nio-8080-exec-7] c.a.mapper.EmployeeMapper.findAll        : ==>  Preparing: SELECT e.*, c.company_name AS emp_company, c2.company_name AS emp_assign_company FROM m_employee e LEFT JOIN m_company c ON e.company_id = c.company_id LEFT JOIN t_assignment a ON a.emp_id = e.emp_id AND a.contract_end_date is null LEFT JOIN m_company c2 ON a.company_id = c2.company_id WHERE e.delete_flg = 0
2026-06-15T11:08:29.750+09:00 DEBUG 31684 --- [http-nio-8080-exec-7] c.a.mapper.EmployeeMapper.findAll        : ==> Parameters: 
2026-06-15T11:08:29.754+09:00 DEBUG 31684 --- [http-nio-8080-exec-7] c.a.mapper.EmployeeMapper.findAll        : <==      Total: 3
2026-06-15T11:08:29.769+09:00 ERROR 31684 --- [http-nio-8080-exec-7] org.thymeleaf.TemplateEngine             : [THYMELEAF][http-nio-8080-exec-7] Exception processing template "employee/index": An error happened during template parsing (template: "class path resource [templates/employee/index.html]")

org.thymeleaf.exceptions.TemplateInputException: An error happened during template parsing (template: "class path resource [templates/employee/index.html]")
	at org.thymeleaf.templateparser.markup.AbstractMarkupTemplateParser.parse(AbstractMarkupTemplateParser.java:241) ~[thymeleaf-3.1.5.RELEASE.jar:3.1.5.RELEASE]
	at org.thymeleaf.templateparser.markup.AbstractMarkupTemplateParser.parseStandalone(AbstractMarkupTemplateParser.java:100) ~[thymeleaf-3.1.5.RELEASE.jar:3.1.5.RELEASE]
	at org.thymeleaf.engine.TemplateManager.parseAndProcess(TemplateManager.java:666) ~[thymeleaf-3.1.5.RELEASE.jar:3.1.5.RELEASE]
	at org.thymeleaf.TemplateEngine.process(TemplateEngine.java:1103) ~[thymeleaf-3.1.5.RELEASE.jar:3.1.5.RELEASE]
	at org.thymeleaf.TemplateEngine.process(TemplateEngine.java:1077) ~[thymeleaf-3.1.5.RELEASE.jar:3.1.5.RELEASE]
	at org.thymeleaf.spring6.view.ThymeleafView.renderFragment(ThymeleafView.java:374) ~[thymeleaf-spring6-3.1.5.RELEASE.jar:3.1.5.RELEASE]
	at org.thymeleaf.spring6.view.ThymeleafView.render(ThymeleafView.java:193) ~[thymeleaf-spring6-3.1.5.RELEASE.jar:3.1.5.RELEASE]
	at org.springframework.web.servlet.DispatcherServlet.render(DispatcherServlet.java:1305) ~[spring-webmvc-7.0.7.jar:7.0.7]
	at org.springframework.web.servlet.DispatcherServlet.processDispatchResult(DispatcherServlet.java:1042) ~[spring-webmvc-7.0.7.jar:7.0.7]
	at org.springframework.web.servlet.DispatcherServlet.doDispatch(DispatcherServlet.java:980) ~[spring-webmvc-7.0.7.jar:7.0.7]
	at org.springframework.web.servlet.DispatcherServlet.doService(DispatcherServlet.java:866) ~[spring-webmvc-7.0.7.jar:7.0.7]
	at org.springframework.web.servlet.FrameworkServlet.processRequest(FrameworkServlet.java:1000) ~[spring-webmvc-7.0.7.jar:7.0.7]
	at org.springframework.web.servlet.FrameworkServlet.doGet(FrameworkServlet.java:892) ~[spring-webmvc-7.0.7.jar:7.0.7]
	at jakarta.servlet.http.HttpServlet.service(HttpServlet.java:622) ~[tomcat-embed-core-11.0.21.jar:6.1]
	at org.springframework.web.servlet.FrameworkServlet.service(FrameworkServlet.java:874) ~[spring-webmvc-7.0.7.jar:7.0.7]
	at jakarta.servlet.http.HttpServlet.service(HttpServlet.java:710) ~[tomcat-embed-core-11.0.21.jar:6.1]
	at org.apache.catalina.core.ApplicationFilterChain.doFilter(ApplicationFilterChain.java:128) ~[tomcat-embed-core-11.0.21.jar:11.0.21]
	at org.apache.tomcat.websocket.server.WsFilter.doFilter(WsFilter.java:53) ~[tomcat-embed-websocket-11.0.21.jar:11.0.21]
	at org.apache.catalina.core.ApplicationFilterChain.doFilter(ApplicationFilterChain.java:107) ~[tomcat-embed-core-11.0.21.jar:11.0.21]
	at org.springframework.web.filter.RequestContextFilter.doFilterInternal(RequestContextFilter.java:100) ~[spring-web-7.0.7.jar:7.0.7]
	at org.springframework.web.filter.OncePerRequestFilter.doFilter(OncePerRequestFilter.java:116) ~[spring-web-7.0.7.jar:7.0.7]
	at org.apache.catalina.core.ApplicationFilterChain.doFilter(ApplicationFilterChain.java:107) ~[tomcat-embed-core-11.0.21.jar:11.0.21]
	at org.springframework.web.filter.FormContentFilter.doFilterInternal(FormContentFilter.java:93) ~[spring-web-7.0.7.jar:7.0.7]
	at org.springframework.web.filter.OncePerRequestFilter.doFilter(OncePerRequestFilter.java:116) ~[spring-web-7.0.7.jar:7.0.7]
	at org.apache.catalina.core.ApplicationFilterChain.doFilter(ApplicationFilterChain.java:107) ~[tomcat-embed-core-11.0.21.jar:11.0.21]
	at org.springframework.web.filter.CharacterEncodingFilter.doFilterInternal(CharacterEncodingFilter.java:199) ~[spring-web-7.0.7.jar:7.0.7]
	at org.springframework.web.filter.OncePerRequestFilter.doFilter(OncePerRequestFilter.java:116) ~[spring-web-7.0.7.jar:7.0.7]
	at org.apache.catalina.core.ApplicationFilterChain.doFilter(ApplicationFilterChain.java:107) ~[tomcat-embed-core-11.0.21.jar:11.0.21]
	at org.apache.catalina.core.StandardWrapperValve.invoke(StandardWrapperValve.java:165) ~[tomcat-embed-core-11.0.21.jar:11.0.21]
	at org.apache.catalina.core.StandardContextValve.invoke(StandardContextValve.java:77) ~[tomcat-embed-core-11.0.21.jar:11.0.21]
	at org.apache.catalina.authenticator.AuthenticatorBase.invoke(AuthenticatorBase.java:492) ~[tomcat-embed-core-11.0.21.jar:11.0.21]
	at org.apache.catalina.core.StandardHostValve.invoke(StandardHostValve.java:113) ~[tomcat-embed-core-11.0.21.jar:11.0.21]
	at org.apache.catalina.valves.ErrorReportValve.invoke(ErrorReportValve.java:83) ~[tomcat-embed-core-11.0.21.jar:11.0.21]
	at org.apache.catalina.core.StandardEngineValve.invoke(StandardEngineValve.java:72) ~[tomcat-embed-core-11.0.21.jar:11.0.21]
	at org.apache.catalina.connector.CoyoteAdapter.service(CoyoteAdapter.java:341) ~[tomcat-embed-core-11.0.21.jar:11.0.21]
	at org.apache.coyote.http11.Http11Processor.service(Http11Processor.java:397) ~[tomcat-embed-core-11.0.21.jar:11.0.21]
	at org.apache.coyote.AbstractProcessorLight.process(AbstractProcessorLight.java:63) ~[tomcat-embed-core-11.0.21.jar:11.0.21]
	at org.apache.coyote.AbstractProtocol$ConnectionHandler.process(AbstractProtocol.java:903) ~[tomcat-embed-core-11.0.21.jar:11.0.21]
	at org.apache.tomcat.util.net.NioEndpoint$SocketProcessor.doRun(NioEndpoint.java:1801) ~[tomcat-embed-core-11.0.21.jar:11.0.21]
	at org.apache.tomcat.util.net.SocketProcessorBase.run(SocketProcessorBase.java:52) ~[tomcat-embed-core-11.0.21.jar:11.0.21]
	at org.apache.tomcat.util.threads.ThreadPoolExecutor.runWorker(ThreadPoolExecutor.java:946) ~[tomcat-embed-core-11.0.21.jar:11.0.21]
	at org.apache.tomcat.util.threads.ThreadPoolExecutor$Worker.run(ThreadPoolExecutor.java:480) ~[tomcat-embed-core-11.0.21.jar:11.0.21]
	at org.apache.tomcat.util.threads.TaskThread$WrappingRunnable.run(TaskThread.java:57) ~[tomcat-embed-core-11.0.21.jar:11.0.21]
	at java.base/java.lang.Thread.run(Thread.java:840) ~[na:na]
Caused by: org.attoparser.ParseException: Exception evaluating SpringEL expression: "emp.empName" (template: "employee/index" - line 63, col 12)
	at org.attoparser.MarkupParser.parseDocument(MarkupParser.java:393) ~[attoparser-2.0.7.RELEASE.jar:2.0.7.RELEASE]
	at org.attoparser.MarkupParser.parse(MarkupParser.java:257) ~[attoparser-2.0.7.RELEASE.jar:2.0.7.RELEASE]
	at org.thymeleaf.templateparser.markup.AbstractMarkupTemplateParser.parse(AbstractMarkupTemplateParser.java:230) ~[thymeleaf-3.1.5.RELEASE.jar:3.1.5.RELEASE]
	... 43 common frames omitted
Caused by: org.thymeleaf.exceptions.TemplateProcessingException: Exception evaluating SpringEL expression: "emp.empName" (template: "employee/index" - line 63, col 12)
	at org.thymeleaf.spring6.expression.SPELVariableExpressionEvaluator.evaluate(SPELVariableExpressionEvaluator.java:302) ~[thymeleaf-spring6-3.1.5.RELEASE.jar:3.1.5.RELEASE]
	at org.thymeleaf.standard.expression.VariableExpression.executeVariableExpression(VariableExpression.java:166) ~[thymeleaf-3.1.5.RELEASE.jar:3.1.5.RELEASE]
	at org.thymeleaf.standard.expression.SimpleExpression.executeSimple(SimpleExpression.java:66) ~[thymeleaf-3.1.5.RELEASE.jar:3.1.5.RELEASE]
	at org.thymeleaf.standard.expression.Expression.execute(Expression.java:109) ~[thymeleaf-3.1.5.RELEASE.jar:3.1.5.RELEASE]
	at org.thymeleaf.standard.expression.Expression.execute(Expression.java:138) ~[thymeleaf-3.1.5.RELEASE.jar:3.1.5.RELEASE]
	at org.thymeleaf.standard.processor.AbstractStandardExpressionAttributeTagProcessor.doProcess(AbstractStandardExpressionAttributeTagProcessor.java:144) ~[thymeleaf-3.1.5.RELEASE.jar:3.1.5.RELEASE]
	at org.thymeleaf.processor.element.AbstractAttributeTagProcessor.doProcess(AbstractAttributeTagProcessor.java:74) ~[thymeleaf-3.1.5.RELEASE.jar:3.1.5.RELEASE]
	at org.thymeleaf.processor.element.AbstractElementTagProcessor.process(AbstractElementTagProcessor.java:95) ~[thymeleaf-3.1.5.RELEASE.jar:3.1.5.RELEASE]
	at org.thymeleaf.util.ProcessorConfigurationUtils$ElementTagProcessorWrapper.process(ProcessorConfigurationUtils.java:633) ~[thymeleaf-3.1.5.RELEASE.jar:3.1.5.RELEASE]
	at org.thymeleaf.engine.ProcessorTemplateHandler.handleOpenElement(ProcessorTemplateHandler.java:1314) ~[thymeleaf-3.1.5.RELEASE.jar:3.1.5.RELEASE]
	at org.thymeleaf.engine.OpenElementTag.beHandled(OpenElementTag.java:205) ~[thymeleaf-3.1.5.RELEASE.jar:3.1.5.RELEASE]
	at org.thymeleaf.engine.Model.process(Model.java:282) ~[thymeleaf-3.1.5.RELEASE.jar:3.1.5.RELEASE]
	at org.thymeleaf.engine.Model.process(Model.java:290) ~[thymeleaf-3.1.5.RELEASE.jar:3.1.5.RELEASE]
	at org.thymeleaf.engine.IteratedGatheringModelProcessable.processIterationModel(IteratedGatheringModelProcessable.java:368) ~[thymeleaf-3.1.5.RELEASE.jar:3.1.5.RELEASE]
	at org.thymeleaf.engine.IteratedGatheringModelProcessable.process(IteratedGatheringModelProcessable.java:222) ~[thymeleaf-3.1.5.RELEASE.jar:3.1.5.RELEASE]
	at org.thymeleaf.engine.ProcessorTemplateHandler.handleCloseElement(ProcessorTemplateHandler.java:1640) ~[thymeleaf-3.1.5.RELEASE.jar:3.1.5.RELEASE]
	at org.thymeleaf.engine.CloseElementTag.beHandled(CloseElementTag.java:139) ~[thymeleaf-3.1.5.RELEASE.jar:3.1.5.RELEASE]
	at org.thymeleaf.engine.Model.process(Model.java:282) ~[thymeleaf-3.1.5.RELEASE.jar:3.1.5.RELEASE]
	at org.thymeleaf.engine.ProcessorTemplateHandler.handleOpenElement(ProcessorTemplateHandler.java:1587) ~[thymeleaf-3.1.5.RELEASE.jar:3.1.5.RELEASE]
	at org.thymeleaf.engine.OpenElementTag.beHandled(OpenElementTag.java:205) ~[thymeleaf-3.1.5.RELEASE.jar:3.1.5.RELEASE]
	at org.thymeleaf.engine.Model.process(Model.java:282) ~[thymeleaf-3.1.5.RELEASE.jar:3.1.5.RELEASE]
	at org.thymeleaf.engine.ProcessorTemplateHandler.handleOpenElement(ProcessorTemplateHandler.java:1587) ~[thymeleaf-3.1.5.RELEASE.jar:3.1.5.RELEASE]
	at org.thymeleaf.engine.OpenElementTag.beHandled(OpenElementTag.java:205) ~[thymeleaf-3.1.5.RELEASE.jar:3.1.5.RELEASE]
	at org.thymeleaf.engine.Model.process(Model.java:282) ~[thymeleaf-3.1.5.RELEASE.jar:3.1.5.RELEASE]
	at org.thymeleaf.engine.Model.process(Model.java:290) ~[thymeleaf-3.1.5.RELEASE.jar:3.1.5.RELEASE]
	at org.thymeleaf.engine.GatheringModelProcessable.process(GatheringModelProcessable.java:78) ~[thymeleaf-3.1.5.RELEASE.jar:3.1.5.RELEASE]
	at org.thymeleaf.engine.ProcessorTemplateHandler.handleCloseElement(ProcessorTemplateHandler.java:1640) ~[thymeleaf-3.1.5.RELEASE.jar:3.1.5.RELEASE]
	at org.thymeleaf.engine.TemplateHandlerAdapterMarkupHandler.handleCloseElementEnd(TemplateHandlerAdapterMarkupHandler.java:388) ~[thymeleaf-3.1.5.RELEASE.jar:3.1.5.RELEASE]
	at org.thymeleaf.templateparser.markup.InlinedOutputExpressionMarkupHandler$InlineMarkupAdapterPreProcessorHandler.handleCloseElementEnd(InlinedOutputExpressionMarkupHandler.java:322) ~[thymeleaf-3.1.5.RELEASE.jar:3.1.5.RELEASE]
	at org.thymeleaf.standard.inline.OutputExpressionInlinePreProcessorHandler.handleCloseElementEnd(OutputExpressionInlinePreProcessorHandler.java:220) ~[thymeleaf-3.1.5.RELEASE.jar:3.1.5.RELEASE]
	at org.thymeleaf.templateparser.markup.InlinedOutputExpressionMarkupHandler.handleCloseElementEnd(InlinedOutputExpressionMarkupHandler.java:164) ~[thymeleaf-3.1.5.RELEASE.jar:3.1.5.RELEASE]
	at org.attoparser.HtmlElement.handleCloseElementEnd(HtmlElement.java:169) ~[attoparser-2.0.7.RELEASE.jar:2.0.7.RELEASE]
	at org.attoparser.HtmlMarkupHandler.handleCloseElementEnd(HtmlMarkupHandler.java:412) ~[attoparser-2.0.7.RELEASE.jar:2.0.7.RELEASE]
	at org.attoparser.MarkupEventProcessorHandler.handleCloseElementEnd(MarkupEventProcessorHandler.java:473) ~[attoparser-2.0.7.RELEASE.jar:2.0.7.RELEASE]
	at org.attoparser.ParsingElementMarkupUtil.parseCloseElement(ParsingElementMarkupUtil.java:201) ~[attoparser-2.0.7.RELEASE.jar:2.0.7.RELEASE]
	at org.attoparser.MarkupParser.parseBuffer(MarkupParser.java:725) ~[attoparser-2.0.7.RELEASE.jar:2.0.7.RELEASE]
	at org.attoparser.MarkupParser.parseDocument(MarkupParser.java:301) ~[attoparser-2.0.7.RELEASE.jar:2.0.7.RELEASE]
	... 45 common frames omitted
Caused by: org.springframework.expression.spel.SpelEvaluationException: EL1008E: Property or field 'empName' cannot be found on object of type 'com.assignhub.entity.Employee' - maybe not public or not valid?
	at org.springframework.expression.spel.ast.PropertyOrFieldReference.readProperty(PropertyOrFieldReference.java:272) ~[spring-expression-7.0.7.jar:7.0.7]
	at org.springframework.expression.spel.ast.PropertyOrFieldReference.getValueInternal(PropertyOrFieldReference.java:123) ~[spring-expression-7.0.7.jar:7.0.7]
	at org.springframework.expression.spel.ast.PropertyOrFieldReference$AccessorValueRef.getValue(PropertyOrFieldReference.java:419) ~[spring-expression-7.0.7.jar:7.0.7]
	at org.springframework.expression.spel.ast.CompoundExpression.getValueInternal(CompoundExpression.java:97) ~[spring-expression-7.0.7.jar:7.0.7]
	at org.springframework.expression.spel.ast.SpelNodeImpl.getValue(SpelNodeImpl.java:114) ~[spring-expression-7.0.7.jar:7.0.7]
	at org.springframework.expression.spel.standard.SpelExpression.getValue(SpelExpression.java:330) ~[spring-expression-7.0.7.jar:7.0.7]
	at org.thymeleaf.spring6.expression.SPELVariableExpressionEvaluator.evaluate(SPELVariableExpressionEvaluator.java:275) ~[thymeleaf-spring6-3.1.5.RELEASE.jar:3.1.5.RELEASE]
	... 81 common frames omitted

2026-06-15T11:08:29.769+09:00 ERROR 31684 --- [http-nio-8080-exec-7] o.a.c.c.C.[.[.[/].[dispatcherServlet]    : Servlet.service() for servlet [dispatcherServlet] in context with path [] threw exception [Request processing failed: org.thymeleaf.exceptions.TemplateInputException: An error happened during template parsing (template: "class path resource [templates/employee/index.html]")] with root cause

org.springframework.expression.spel.SpelEvaluationException: EL1008E: Property or field 'empName' cannot be found on object of type 'com.assignhub.entity.Employee' - maybe not public or not valid?
	at org.springframework.expression.spel.ast.PropertyOrFieldReference.readProperty(PropertyOrFieldReference.java:272) ~[spring-expression-7.0.7.jar:7.0.7]
	at org.springframework.expression.spel.ast.PropertyOrFieldReference.getValueInternal(PropertyOrFieldReference.java:123) ~[spring-expression-7.0.7.jar:7.0.7]
	at org.springframework.expression.spel.ast.PropertyOrFieldReference$AccessorValueRef.getValue(PropertyOrFieldReference.java:419) ~[spring-expression-7.0.7.jar:7.0.7]
	at org.springframework.expression.spel.ast.CompoundExpression.getValueInternal(CompoundExpression.java:97) ~[spring-expression-7.0.7.jar:7.0.7]
	at org.springframework.expression.spel.ast.SpelNodeImpl.getValue(SpelNodeImpl.java:114) ~[spring-expression-7.0.7.jar:7.0.7]
	at org.springframework.expression.spel.standard.SpelExpression.getValue(SpelExpression.java:330) ~[spring-expression-7.0.7.jar:7.0.7]
	at org.thymeleaf.spring6.expression.SPELVariableExpressionEvaluator.evaluate(SPELVariableExpressionEvaluator.java:275) ~[thymeleaf-spring6-3.1.5.RELEASE.jar:3.1.5.RELEASE]
	at org.thymeleaf.standard.expression.VariableExpression.executeVariableExpression(VariableExpression.java:166) ~[thymeleaf-3.1.5.RELEASE.jar:3.1.5.RELEASE]
	at org.thymeleaf.standard.expression.SimpleExpression.executeSimple(SimpleExpression.java:66) ~[thymeleaf-3.1.5.RELEASE.jar:3.1.5.RELEASE]
	at org.thymeleaf.standard.expression.Expression.execute(Expression.java:109) ~[thymeleaf-3.1.5.RELEASE.jar:3.1.5.RELEASE]
	at org.thymeleaf.standard.expression.Expression.execute(Expression.java:138) ~[thymeleaf-3.1.5.RELEASE.jar:3.1.5.RELEASE]
	at org.thymeleaf.standard.processor.AbstractStandardExpressionAttributeTagProcessor.doProcess(AbstractStandardExpressionAttributeTagProcessor.java:144) ~[thymeleaf-3.1.5.RELEASE.jar:3.1.5.RELEASE]
	at org.thymeleaf.processor.element.AbstractAttributeTagProcessor.doProcess(AbstractAttributeTagProcessor.java:74) ~[thymeleaf-3.1.5.RELEASE.jar:3.1.5.RELEASE]
	at org.thymeleaf.processor.element.AbstractElementTagProcessor.process(AbstractElementTagProcessor.java:95) ~[thymeleaf-3.1.5.RELEASE.jar:3.1.5.RELEASE]
	at org.thymeleaf.util.ProcessorConfigurationUtils$ElementTagProcessorWrapper.process(ProcessorConfigurationUtils.java:633) ~[thymeleaf-3.1.5.RELEASE.jar:3.1.5.RELEASE]
	at org.thymeleaf.engine.ProcessorTemplateHandler.handleOpenElement(ProcessorTemplateHandler.java:1314) ~[thymeleaf-3.1.5.RELEASE.jar:3.1.5.RELEASE]
	at org.thymeleaf.engine.OpenElementTag.beHandled(OpenElementTag.java:205) ~[thymeleaf-3.1.5.RELEASE.jar:3.1.5.RELEASE]
	at org.thymeleaf.engine.Model.process(Model.java:282) ~[thymeleaf-3.1.5.RELEASE.jar:3.1.5.RELEASE]
	at org.thymeleaf.engine.Model.process(Model.java:290) ~[thymeleaf-3.1.5.RELEASE.jar:3.1.5.RELEASE]
	at org.thymeleaf.engine.IteratedGatheringModelProcessable.processIterationModel(IteratedGatheringModelProcessable.java:368) ~[thymeleaf-3.1.5.RELEASE.jar:3.1.5.RELEASE]
	at org.thymeleaf.engine.IteratedGatheringModelProcessable.process(IteratedGatheringModelProcessable.java:222) ~[thymeleaf-3.1.5.RELEASE.jar:3.1.5.RELEASE]
	at org.thymeleaf.engine.ProcessorTemplateHandler.handleCloseElement(ProcessorTemplateHandler.java:1640) ~[thymeleaf-3.1.5.RELEASE.jar:3.1.5.RELEASE]
	at org.thymeleaf.engine.CloseElementTag.beHandled(CloseElementTag.java:139) ~[thymeleaf-3.1.5.RELEASE.jar:3.1.5.RELEASE]
	at org.thymeleaf.engine.Model.process(Model.java:282) ~[thymeleaf-3.1.5.RELEASE.jar:3.1.5.RELEASE]
	at org.thymeleaf.engine.ProcessorTemplateHandler.handleOpenElement(ProcessorTemplateHandler.java:1587) ~[thymeleaf-3.1.5.RELEASE.jar:3.1.5.RELEASE]
	at org.thymeleaf.engine.OpenElementTag.beHandled(OpenElementTag.java:205) ~[thymeleaf-3.1.5.RELEASE.jar:3.1.5.RELEASE]
	at org.thymeleaf.engine.Model.process(Model.java:282) ~[thymeleaf-3.1.5.RELEASE.jar:3.1.5.RELEASE]
	at org.thymeleaf.engine.ProcessorTemplateHandler.handleOpenElement(ProcessorTemplateHandler.java:1587) ~[thymeleaf-3.1.5.RELEASE.jar:3.1.5.RELEASE]
	at org.thymeleaf.engine.OpenElementTag.beHandled(OpenElementTag.java:205) ~[thymeleaf-3.1.5.RELEASE.jar:3.1.5.RELEASE]
	at org.thymeleaf.engine.Model.process(Model.java:282) ~[thymeleaf-3.1.5.RELEASE.jar:3.1.5.RELEASE]
	at org.thymeleaf.engine.Model.process(Model.java:290) ~[thymeleaf-3.1.5.RELEASE.jar:3.1.5.RELEASE]
	at org.thymeleaf.engine.GatheringModelProcessable.process(GatheringModelProcessable.java:78) ~[thymeleaf-3.1.5.RELEASE.jar:3.1.5.RELEASE]
	at org.thymeleaf.engine.ProcessorTemplateHandler.handleCloseElement(ProcessorTemplateHandler.java:1640) ~[thymeleaf-3.1.5.RELEASE.jar:3.1.5.RELEASE]
	at org.thymeleaf.engine.TemplateHandlerAdapterMarkupHandler.handleCloseElementEnd(TemplateHandlerAdapterMarkupHandler.java:388) ~[thymeleaf-3.1.5.RELEASE.jar:3.1.5.RELEASE]
	at org.thymeleaf.templateparser.markup.InlinedOutputExpressionMarkupHandler$InlineMarkupAdapterPreProcessorHandler.handleCloseElementEnd(InlinedOutputExpressionMarkupHandler.java:322) ~[thymeleaf-3.1.5.RELEASE.jar:3.1.5.RELEASE]
	at org.thymeleaf.standard.inline.OutputExpressionInlinePreProcessorHandler.handleCloseElementEnd(OutputExpressionInlinePreProcessorHandler.java:220) ~[thymeleaf-3.1.5.RELEASE.jar:3.1.5.RELEASE]
	at org.thymeleaf.templateparser.markup.InlinedOutputExpressionMarkupHandler.handleCloseElementEnd(InlinedOutputExpressionMarkupHandler.java:164) ~[thymeleaf-3.1.5.RELEASE.jar:3.1.5.RELEASE]
	at org.attoparser.HtmlElement.handleCloseElementEnd(HtmlElement.java:169) ~[attoparser-2.0.7.RELEASE.jar:2.0.7.RELEASE]
	at org.attoparser.HtmlMarkupHandler.handleCloseElementEnd(HtmlMarkupHandler.java:412) ~[attoparser-2.0.7.RELEASE.jar:2.0.7.RELEASE]
	at org.attoparser.MarkupEventProcessorHandler.handleCloseElementEnd(MarkupEventProcessorHandler.java:473) ~[attoparser-2.0.7.RELEASE.jar:2.0.7.RELEASE]
	at org.attoparser.ParsingElementMarkupUtil.parseCloseElement(ParsingElementMarkupUtil.java:201) ~[attoparser-2.0.7.RELEASE.jar:2.0.7.RELEASE]
	at org.attoparser.MarkupParser.parseBuffer(MarkupParser.java:725) ~[attoparser-2.0.7.RELEASE.jar:2.0.7.RELEASE]
	at org.attoparser.MarkupParser.parseDocument(MarkupParser.java:301) ~[attoparser-2.0.7.RELEASE.jar:2.0.7.RELEASE]
	at org.attoparser.MarkupParser.parse(MarkupParser.java:257) ~[attoparser-2.0.7.RELEASE.jar:2.0.7.RELEASE]
	at org.thymeleaf.templateparser.markup.AbstractMarkupTemplateParser.parse(AbstractMarkupTemplateParser.java:230) ~[thymeleaf-3.1.5.RELEASE.jar:3.1.5.RELEASE]
	at org.thymeleaf.templateparser.markup.AbstractMarkupTemplateParser.parseStandalone(AbstractMarkupTemplateParser.java:100) ~[thymeleaf-3.1.5.RELEASE.jar:3.1.5.RELEASE]
	at org.thymeleaf.engine.TemplateManager.parseAndProcess(TemplateManager.java:666) ~[thymeleaf-3.1.5.RELEASE.jar:3.1.5.RELEASE]
	at org.thymeleaf.TemplateEngine.process(TemplateEngine.java:1103) ~[thymeleaf-3.1.5.RELEASE.jar:3.1.5.RELEASE]
	at org.thymeleaf.TemplateEngine.process(TemplateEngine.java:1077) ~[thymeleaf-3.1.5.RELEASE.jar:3.1.5.RELEASE]
	at org.thymeleaf.spring6.view.ThymeleafView.renderFragment(ThymeleafView.java:374) ~[thymeleaf-spring6-3.1.5.RELEASE.jar:3.1.5.RELEASE]
	at org.thymeleaf.spring6.view.ThymeleafView.render(ThymeleafView.java:193) ~[thymeleaf-spring6-3.1.5.RELEASE.jar:3.1.5.RELEASE]
	at org.springframework.web.servlet.DispatcherServlet.render(DispatcherServlet.java:1305) ~[spring-webmvc-7.0.7.jar:7.0.7]
	at org.springframework.web.servlet.DispatcherServlet.processDispatchResult(DispatcherServlet.java:1042) ~[spring-webmvc-7.0.7.jar:7.0.7]
	at org.springframework.web.servlet.DispatcherServlet.doDispatch(DispatcherServlet.java:980) ~[spring-webmvc-7.0.7.jar:7.0.7]
	at org.springframework.web.servlet.DispatcherServlet.doService(DispatcherServlet.java:866) ~[spring-webmvc-7.0.7.jar:7.0.7]
	at org.springframework.web.servlet.FrameworkServlet.processRequest(FrameworkServlet.java:1000) ~[spring-webmvc-7.0.7.jar:7.0.7]
	at org.springframework.web.servlet.FrameworkServlet.doGet(FrameworkServlet.java:892) ~[spring-webmvc-7.0.7.jar:7.0.7]
	at jakarta.servlet.http.HttpServlet.service(HttpServlet.java:622) ~[tomcat-embed-core-11.0.21.jar:6.1]
	at org.springframework.web.servlet.FrameworkServlet.service(FrameworkServlet.java:874) ~[spring-webmvc-7.0.7.jar:7.0.7]
	at jakarta.servlet.http.HttpServlet.service(HttpServlet.java:710) ~[tomcat-embed-core-11.0.21.jar:6.1]
	at org.apache.catalina.core.ApplicationFilterChain.doFilter(ApplicationFilterChain.java:128) ~[tomcat-embed-core-11.0.21.jar:11.0.21]
	at org.apache.tomcat.websocket.server.WsFilter.doFilter(WsFilter.java:53) ~[tomcat-embed-websocket-11.0.21.jar:11.0.21]
	at org.apache.catalina.core.ApplicationFilterChain.doFilter(ApplicationFilterChain.java:107) ~[tomcat-embed-core-11.0.21.jar:11.0.21]
	at org.springframework.web.filter.RequestContextFilter.doFilterInternal(RequestContextFilter.java:100) ~[spring-web-7.0.7.jar:7.0.7]
	at org.springframework.web.filter.OncePerRequestFilter.doFilter(OncePerRequestFilter.java:116) ~[spring-web-7.0.7.jar:7.0.7]
	at org.apache.catalina.core.ApplicationFilterChain.doFilter(ApplicationFilterChain.java:107) ~[tomcat-embed-core-11.0.21.jar:11.0.21]
	at org.springframework.web.filter.FormContentFilter.doFilterInternal(FormContentFilter.java:93) ~[spring-web-7.0.7.jar:7.0.7]
	at org.springframework.web.filter.OncePerRequestFilter.doFilter(OncePerRequestFilter.java:116) ~[spring-web-7.0.7.jar:7.0.7]
	at org.apache.catalina.core.ApplicationFilterChain.doFilter(ApplicationFilterChain.java:107) ~[tomcat-embed-core-11.0.21.jar:11.0.21]
	at org.springframework.web.filter.CharacterEncodingFilter.doFilterInternal(CharacterEncodingFilter.java:199) ~[spring-web-7.0.7.jar:7.0.7]
	at org.springframework.web.filter.OncePerRequestFilter.doFilter(OncePerRequestFilter.java:116) ~[spring-web-7.0.7.jar:7.0.7]
	at org.apache.catalina.core.ApplicationFilterChain.doFilter(ApplicationFilterChain.java:107) ~[tomcat-embed-core-11.0.21.jar:11.0.21]
	at org.apache.catalina.core.StandardWrapperValve.invoke(StandardWrapperValve.java:165) ~[tomcat-embed-core-11.0.21.jar:11.0.21]
	at org.apache.catalina.core.StandardContextValve.invoke(StandardContextValve.java:77) ~[tomcat-embed-core-11.0.21.jar:11.0.21]
	at org.apache.catalina.authenticator.AuthenticatorBase.invoke(AuthenticatorBase.java:492) ~[tomcat-embed-core-11.0.21.jar:11.0.21]
	at org.apache.catalina.core.StandardHostValve.invoke(StandardHostValve.java:113) ~[tomcat-embed-core-11.0.21.jar:11.0.21]
	at org.apache.catalina.valves.ErrorReportValve.invoke(ErrorReportValve.java:83) ~[tomcat-embed-core-11.0.21.jar:11.0.21]
	at org.apache.catalina.core.StandardEngineValve.invoke(StandardEngineValve.java:72) ~[tomcat-embed-core-11.0.21.jar:11.0.21]
	at org.apache.catalina.connector.CoyoteAdapter.service(CoyoteAdapter.java:341) ~[tomcat-embed-core-11.0.21.jar:11.0.21]
	at org.apache.coyote.http11.Http11Processor.service(Http11Processor.java:397) ~[tomcat-embed-core-11.0.21.jar:11.0.21]
	at org.apache.coyote.AbstractProcessorLight.process(AbstractProcessorLight.java:63) ~[tomcat-embed-core-11.0.21.jar:11.0.21]
	at org.apache.coyote.AbstractProtocol$ConnectionHandler.process(AbstractProtocol.java:903) ~[tomcat-embed-core-11.0.21.jar:11.0.21]
	at org.apache.tomcat.util.net.NioEndpoint$SocketProcessor.doRun(NioEndpoint.java:1801) ~[tomcat-embed-core-11.0.21.jar:11.0.21]
	at org.apache.tomcat.util.net.SocketProcessorBase.run(SocketProcessorBase.java:52) ~[tomcat-embed-core-11.0.21.jar:11.0.21]
	at org.apache.tomcat.util.threads.ThreadPoolExecutor.runWorker(ThreadPoolExecutor.java:946) ~[tomcat-embed-core-11.0.21.jar:11.0.21]
	at org.apache.tomcat.util.threads.ThreadPoolExecutor$Worker.run(ThreadPoolExecutor.java:480) ~[tomcat-embed-core-11.0.21.jar:11.0.21]
	at org.apache.tomcat.util.threads.TaskThread$WrappingRunnable.run(TaskThread.java:57) ~[tomcat-embed-core-11.0.21.jar:11.0.21]
	at java.base/java.lang.Thread.run(Thread.java:840) ~[na:na]

2026-06-15T11:08:38.552+09:00 DEBUG 31684 --- [http-nio-8080-exec-8] c.a.mapper.AccountMapper.findAll         : ==>  Preparing: SELECT a.*, e.last_name, e.first_name FROM m_account a left JOIN m_employee e ON a.account_id = e.emp_id AND (e.delete_flg = 0 OR e.delete_flg IS NULL) WHERE a.delete_flg = 0 ORDER BY a.account_id ASC
2026-06-15T11:08:38.553+09:00 DEBUG 31684 --- [http-nio-8080-exec-8] c.a.mapper.AccountMapper.findAll         : ==> Parameters: 
2026-06-15T11:08:38.555+09:00 DEBUG 31684 --- [http-nio-8080-exec-8] c.a.mapper.AccountMapper.findAll         : <==      Total: 13
2026-06-15T11:08:39.104+09:00 DEBUG 31684 --- [http-nio-8080-exec-2] c.a.mapper.AccountMapper.findAll         : ==>  Preparing: SELECT a.*, e.last_name, e.first_name FROM m_account a left JOIN m_employee e ON a.account_id = e.emp_id AND (e.delete_flg = 0 OR e.delete_flg IS NULL) WHERE a.delete_flg = 0 ORDER BY a.account_id ASC
2026-06-15T11:08:39.104+09:00 DEBUG 31684 --- [http-nio-8080-exec-2] c.a.mapper.AccountMapper.findAll         : ==> Parameters: 
2026-06-15T11:08:39.106+09:00 DEBUG 31684 --- [http-nio-8080-exec-2] c.a.mapper.AccountMapper.findAll         : <==      Total: 13
2026-06-15T11:08:40.728+09:00 DEBUG 31684 --- [http-nio-8080-exec-6] c.a.mapper.EmployeeMapper.findAll        : ==>  Preparing: SELECT e.*, c.company_name AS emp_company, c2.company_name AS emp_assign_company FROM m_employee e LEFT JOIN m_company c ON e.company_id = c.company_id LEFT JOIN t_assignment a ON a.emp_id = e.emp_id AND a.contract_end_date is null LEFT JOIN m_company c2 ON a.company_id = c2.company_id WHERE e.delete_flg = 0
2026-06-15T11:08:40.729+09:00 DEBUG 31684 --- [http-nio-8080-exec-6] c.a.mapper.EmployeeMapper.findAll        : ==> Parameters: 
2026-06-15T11:08:40.732+09:00 DEBUG 31684 --- [http-nio-8080-exec-6] c.a.mapper.EmployeeMapper.findAll        : <==      Total: 3
2026-06-15T11:08:40.744+09:00 ERROR 31684 --- [http-nio-8080-exec-6] org.thymeleaf.TemplateEngine             : [THYMELEAF][http-nio-8080-exec-6] Exception processing template "employee/index": An error happened during template parsing (template: "class path resource [templates/employee/index.html]")

org.thymeleaf.exceptions.TemplateInputException: An error happened during template parsing (template: "class path resource [templates/employee/index.html]")
	at org.thymeleaf.templateparser.markup.AbstractMarkupTemplateParser.parse(AbstractMarkupTemplateParser.java:241) ~[thymeleaf-3.1.5.RELEASE.jar:3.1.5.RELEASE]
	at org.thymeleaf.templateparser.markup.AbstractMarkupTemplateParser.parseStandalone(AbstractMarkupTemplateParser.java:100) ~[thymeleaf-3.1.5.RELEASE.jar:3.1.5.RELEASE]
	at org.thymeleaf.engine.TemplateManager.parseAndProcess(TemplateManager.java:666) ~[thymeleaf-3.1.5.RELEASE.jar:3.1.5.RELEASE]
	at org.thymeleaf.TemplateEngine.process(TemplateEngine.java:1103) ~[thymeleaf-3.1.5.RELEASE.jar:3.1.5.RELEASE]
	at org.thymeleaf.TemplateEngine.process(TemplateEngine.java:1077) ~[thymeleaf-3.1.5.RELEASE.jar:3.1.5.RELEASE]
	at org.thymeleaf.spring6.view.ThymeleafView.renderFragment(ThymeleafView.java:374) ~[thymeleaf-spring6-3.1.5.RELEASE.jar:3.1.5.RELEASE]
	at org.thymeleaf.spring6.view.ThymeleafView.render(ThymeleafView.java:193) ~[thymeleaf-spring6-3.1.5.RELEASE.jar:3.1.5.RELEASE]
	at org.springframework.web.servlet.DispatcherServlet.render(DispatcherServlet.java:1305) ~[spring-webmvc-7.0.7.jar:7.0.7]
	at org.springframework.web.servlet.DispatcherServlet.processDispatchResult(DispatcherServlet.java:1042) ~[spring-webmvc-7.0.7.jar:7.0.7]
	at org.springframework.web.servlet.DispatcherServlet.doDispatch(DispatcherServlet.java:980) ~[spring-webmvc-7.0.7.jar:7.0.7]
	at org.springframework.web.servlet.DispatcherServlet.doService(DispatcherServlet.java:866) ~[spring-webmvc-7.0.7.jar:7.0.7]
	at org.springframework.web.servlet.FrameworkServlet.processRequest(FrameworkServlet.java:1000) ~[spring-webmvc-7.0.7.jar:7.0.7]
	at org.springframework.web.servlet.FrameworkServlet.doGet(FrameworkServlet.java:892) ~[spring-webmvc-7.0.7.jar:7.0.7]
	at jakarta.servlet.http.HttpServlet.service(HttpServlet.java:622) ~[tomcat-embed-core-11.0.21.jar:6.1]
	at org.springframework.web.servlet.FrameworkServlet.service(FrameworkServlet.java:874) ~[spring-webmvc-7.0.7.jar:7.0.7]
	at jakarta.servlet.http.HttpServlet.service(HttpServlet.java:710) ~[tomcat-embed-core-11.0.21.jar:6.1]
	at org.apache.catalina.core.ApplicationFilterChain.doFilter(ApplicationFilterChain.java:128) ~[tomcat-embed-core-11.0.21.jar:11.0.21]
	at org.apache.tomcat.websocket.server.WsFilter.doFilter(WsFilter.java:53) ~[tomcat-embed-websocket-11.0.21.jar:11.0.21]
	at org.apache.catalina.core.ApplicationFilterChain.doFilter(ApplicationFilterChain.java:107) ~[tomcat-embed-core-11.0.21.jar:11.0.21]
	at org.springframework.web.filter.RequestContextFilter.doFilterInternal(RequestContextFilter.java:100) ~[spring-web-7.0.7.jar:7.0.7]
	at org.springframework.web.filter.OncePerRequestFilter.doFilter(OncePerRequestFilter.java:116) ~[spring-web-7.0.7.jar:7.0.7]
	at org.apache.catalina.core.ApplicationFilterChain.doFilter(ApplicationFilterChain.java:107) ~[tomcat-embed-core-11.0.21.jar:11.0.21]
	at org.springframework.web.filter.FormContentFilter.doFilterInternal(FormContentFilter.java:93) ~[spring-web-7.0.7.jar:7.0.7]
	at org.springframework.web.filter.OncePerRequestFilter.doFilter(OncePerRequestFilter.java:116) ~[spring-web-7.0.7.jar:7.0.7]
	at org.apache.catalina.core.ApplicationFilterChain.doFilter(ApplicationFilterChain.java:107) ~[tomcat-embed-core-11.0.21.jar:11.0.21]
	at org.springframework.web.filter.CharacterEncodingFilter.doFilterInternal(CharacterEncodingFilter.java:199) ~[spring-web-7.0.7.jar:7.0.7]
	at org.springframework.web.filter.OncePerRequestFilter.doFilter(OncePerRequestFilter.java:116) ~[spring-web-7.0.7.jar:7.0.7]
	at org.apache.catalina.core.ApplicationFilterChain.doFilter(ApplicationFilterChain.java:107) ~[tomcat-embed-core-11.0.21.jar:11.0.21]
	at org.apache.catalina.core.StandardWrapperValve.invoke(StandardWrapperValve.java:165) ~[tomcat-embed-core-11.0.21.jar:11.0.21]
	at org.apache.catalina.core.StandardContextValve.invoke(StandardContextValve.java:77) ~[tomcat-embed-core-11.0.21.jar:11.0.21]
	at org.apache.catalina.authenticator.AuthenticatorBase.invoke(AuthenticatorBase.java:492) ~[tomcat-embed-core-11.0.21.jar:11.0.21]
	at org.apache.catalina.core.StandardHostValve.invoke(StandardHostValve.java:113) ~[tomcat-embed-core-11.0.21.jar:11.0.21]
	at org.apache.catalina.valves.ErrorReportValve.invoke(ErrorReportValve.java:83) ~[tomcat-embed-core-11.0.21.jar:11.0.21]
	at org.apache.catalina.core.StandardEngineValve.invoke(StandardEngineValve.java:72) ~[tomcat-embed-core-11.0.21.jar:11.0.21]
	at org.apache.catalina.connector.CoyoteAdapter.service(CoyoteAdapter.java:341) ~[tomcat-embed-core-11.0.21.jar:11.0.21]
	at org.apache.coyote.http11.Http11Processor.service(Http11Processor.java:397) ~[tomcat-embed-core-11.0.21.jar:11.0.21]
	at org.apache.coyote.AbstractProcessorLight.process(AbstractProcessorLight.java:63) ~[tomcat-embed-core-11.0.21.jar:11.0.21]
	at org.apache.coyote.AbstractProtocol$ConnectionHandler.process(AbstractProtocol.java:903) ~[tomcat-embed-core-11.0.21.jar:11.0.21]
	at org.apache.tomcat.util.net.NioEndpoint$SocketProcessor.doRun(NioEndpoint.java:1801) ~[tomcat-embed-core-11.0.21.jar:11.0.21]
	at org.apache.tomcat.util.net.SocketProcessorBase.run(SocketProcessorBase.java:52) ~[tomcat-embed-core-11.0.21.jar:11.0.21]
	at org.apache.tomcat.util.threads.ThreadPoolExecutor.runWorker(ThreadPoolExecutor.java:946) ~[tomcat-embed-core-11.0.21.jar:11.0.21]
	at org.apache.tomcat.util.threads.ThreadPoolExecutor$Worker.run(ThreadPoolExecutor.java:480) ~[tomcat-embed-core-11.0.21.jar:11.0.21]
	at org.apache.tomcat.util.threads.TaskThread$WrappingRunnable.run(TaskThread.java:57) ~[tomcat-embed-core-11.0.21.jar:11.0.21]
	at java.base/java.lang.Thread.run(Thread.java:840) ~[na:na]
Caused by: org.attoparser.ParseException: Exception evaluating SpringEL expression: "emp.empName" (template: "employee/index" - line 63, col 12)
	at org.attoparser.MarkupParser.parseDocument(MarkupParser.java:393) ~[attoparser-2.0.7.RELEASE.jar:2.0.7.RELEASE]
	at org.attoparser.MarkupParser.parse(MarkupParser.java:257) ~[attoparser-2.0.7.RELEASE.jar:2.0.7.RELEASE]
	at org.thymeleaf.templateparser.markup.AbstractMarkupTemplateParser.parse(AbstractMarkupTemplateParser.java:230) ~[thymeleaf-3.1.5.RELEASE.jar:3.1.5.RELEASE]
	... 43 common frames omitted
Caused by: org.thymeleaf.exceptions.TemplateProcessingException: Exception evaluating SpringEL expression: "emp.empName" (template: "employee/index" - line 63, col 12)
	at org.thymeleaf.spring6.expression.SPELVariableExpressionEvaluator.evaluate(SPELVariableExpressionEvaluator.java:302) ~[thymeleaf-spring6-3.1.5.RELEASE.jar:3.1.5.RELEASE]
	at org.thymeleaf.standard.expression.VariableExpression.executeVariableExpression(VariableExpression.java:166) ~[thymeleaf-3.1.5.RELEASE.jar:3.1.5.RELEASE]
	at org.thymeleaf.standard.expression.SimpleExpression.executeSimple(SimpleExpression.java:66) ~[thymeleaf-3.1.5.RELEASE.jar:3.1.5.RELEASE]
	at org.thymeleaf.standard.expression.Expression.execute(Expression.java:109) ~[thymeleaf-3.1.5.RELEASE.jar:3.1.5.RELEASE]
	at org.thymeleaf.standard.expression.Expression.execute(Expression.java:138) ~[thymeleaf-3.1.5.RELEASE.jar:3.1.5.RELEASE]
	at org.thymeleaf.standard.processor.AbstractStandardExpressionAttributeTagProcessor.doProcess(AbstractStandardExpressionAttributeTagProcessor.java:144) ~[thymeleaf-3.1.5.RELEASE.jar:3.1.5.RELEASE]
	at org.thymeleaf.processor.element.AbstractAttributeTagProcessor.doProcess(AbstractAttributeTagProcessor.java:74) ~[thymeleaf-3.1.5.RELEASE.jar:3.1.5.RELEASE]
	at org.thymeleaf.processor.element.AbstractElementTagProcessor.process(AbstractElementTagProcessor.java:95) ~[thymeleaf-3.1.5.RELEASE.jar:3.1.5.RELEASE]
	at org.thymeleaf.util.ProcessorConfigurationUtils$ElementTagProcessorWrapper.process(ProcessorConfigurationUtils.java:633) ~[thymeleaf-3.1.5.RELEASE.jar:3.1.5.RELEASE]
	at org.thymeleaf.engine.ProcessorTemplateHandler.handleOpenElement(ProcessorTemplateHandler.java:1314) ~[thymeleaf-3.1.5.RELEASE.jar:3.1.5.RELEASE]
	at org.thymeleaf.engine.OpenElementTag.beHandled(OpenElementTag.java:205) ~[thymeleaf-3.1.5.RELEASE.jar:3.1.5.RELEASE]
	at org.thymeleaf.engine.Model.process(Model.java:282) ~[thymeleaf-3.1.5.RELEASE.jar:3.1.5.RELEASE]
	at org.thymeleaf.engine.Model.process(Model.java:290) ~[thymeleaf-3.1.5.RELEASE.jar:3.1.5.RELEASE]
	at org.thymeleaf.engine.IteratedGatheringModelProcessable.processIterationModel(IteratedGatheringModelProcessable.java:368) ~[thymeleaf-3.1.5.RELEASE.jar:3.1.5.RELEASE]
	at org.thymeleaf.engine.IteratedGatheringModelProcessable.process(IteratedGatheringModelProcessable.java:222) ~[thymeleaf-3.1.5.RELEASE.jar:3.1.5.RELEASE]
	at org.thymeleaf.engine.ProcessorTemplateHandler.handleCloseElement(ProcessorTemplateHandler.java:1640) ~[thymeleaf-3.1.5.RELEASE.jar:3.1.5.RELEASE]
	at org.thymeleaf.engine.CloseElementTag.beHandled(CloseElementTag.java:139) ~[thymeleaf-3.1.5.RELEASE.jar:3.1.5.RELEASE]
	at org.thymeleaf.engine.Model.process(Model.java:282) ~[thymeleaf-3.1.5.RELEASE.jar:3.1.5.RELEASE]
	at org.thymeleaf.engine.ProcessorTemplateHandler.handleOpenElement(ProcessorTemplateHandler.java:1587) ~[thymeleaf-3.1.5.RELEASE.jar:3.1.5.RELEASE]
	at org.thymeleaf.engine.OpenElementTag.beHandled(OpenElementTag.java:205) ~[thymeleaf-3.1.5.RELEASE.jar:3.1.5.RELEASE]
	at org.thymeleaf.engine.Model.process(Model.java:282) ~[thymeleaf-3.1.5.RELEASE.jar:3.1.5.RELEASE]
	at org.thymeleaf.engine.ProcessorTemplateHandler.handleOpenElement(ProcessorTemplateHandler.java:1587) ~[thymeleaf-3.1.5.RELEASE.jar:3.1.5.RELEASE]
	at org.thymeleaf.engine.OpenElementTag.beHandled(OpenElementTag.java:205) ~[thymeleaf-3.1.5.RELEASE.jar:3.1.5.RELEASE]
	at org.thymeleaf.engine.Model.process(Model.java:282) ~[thymeleaf-3.1.5.RELEASE.jar:3.1.5.RELEASE]
	at org.thymeleaf.engine.Model.process(Model.java:290) ~[thymeleaf-3.1.5.RELEASE.jar:3.1.5.RELEASE]
	at org.thymeleaf.engine.GatheringModelProcessable.process(GatheringModelProcessable.java:78) ~[thymeleaf-3.1.5.RELEASE.jar:3.1.5.RELEASE]
	at org.thymeleaf.engine.ProcessorTemplateHandler.handleCloseElement(ProcessorTemplateHandler.java:1640) ~[thymeleaf-3.1.5.RELEASE.jar:3.1.5.RELEASE]
	at org.thymeleaf.engine.TemplateHandlerAdapterMarkupHandler.handleCloseElementEnd(TemplateHandlerAdapterMarkupHandler.java:388) ~[thymeleaf-3.1.5.RELEASE.jar:3.1.5.RELEASE]
	at org.thymeleaf.templateparser.markup.InlinedOutputExpressionMarkupHandler$InlineMarkupAdapterPreProcessorHandler.handleCloseElementEnd(InlinedOutputExpressionMarkupHandler.java:322) ~[thymeleaf-3.1.5.RELEASE.jar:3.1.5.RELEASE]
	at org.thymeleaf.standard.inline.OutputExpressionInlinePreProcessorHandler.handleCloseElementEnd(OutputExpressionInlinePreProcessorHandler.java:220) ~[thymeleaf-3.1.5.RELEASE.jar:3.1.5.RELEASE]
	at org.thymeleaf.templateparser.markup.InlinedOutputExpressionMarkupHandler.handleCloseElementEnd(InlinedOutputExpressionMarkupHandler.java:164) ~[thymeleaf-3.1.5.RELEASE.jar:3.1.5.RELEASE]
	at org.attoparser.HtmlElement.handleCloseElementEnd(HtmlElement.java:169) ~[attoparser-2.0.7.RELEASE.jar:2.0.7.RELEASE]
	at org.attoparser.HtmlMarkupHandler.handleCloseElementEnd(HtmlMarkupHandler.java:412) ~[attoparser-2.0.7.RELEASE.jar:2.0.7.RELEASE]
	at org.attoparser.MarkupEventProcessorHandler.handleCloseElementEnd(MarkupEventProcessorHandler.java:473) ~[attoparser-2.0.7.RELEASE.jar:2.0.7.RELEASE]
	at org.attoparser.ParsingElementMarkupUtil.parseCloseElement(ParsingElementMarkupUtil.java:201) ~[attoparser-2.0.7.RELEASE.jar:2.0.7.RELEASE]
	at org.attoparser.MarkupParser.parseBuffer(MarkupParser.java:725) ~[attoparser-2.0.7.RELEASE.jar:2.0.7.RELEASE]
	at org.attoparser.MarkupParser.parseDocument(MarkupParser.java:301) ~[attoparser-2.0.7.RELEASE.jar:2.0.7.RELEASE]
	... 45 common frames omitted
Caused by: org.springframework.expression.spel.SpelEvaluationException: EL1008E: Property or field 'empName' cannot be found on object of type 'com.assignhub.entity.Employee' - maybe not public or not valid?
	at org.springframework.expression.spel.ast.PropertyOrFieldReference.readProperty(PropertyOrFieldReference.java:272) ~[spring-expression-7.0.7.jar:7.0.7]
	at org.springframework.expression.spel.ast.PropertyOrFieldReference.getValueInternal(PropertyOrFieldReference.java:123) ~[spring-expression-7.0.7.jar:7.0.7]
	at org.springframework.expression.spel.ast.PropertyOrFieldReference$AccessorValueRef.getValue(PropertyOrFieldReference.java:419) ~[spring-expression-7.0.7.jar:7.0.7]
	at org.springframework.expression.spel.ast.CompoundExpression.getValueInternal(CompoundExpression.java:97) ~[spring-expression-7.0.7.jar:7.0.7]
	at org.springframework.expression.spel.ast.SpelNodeImpl.getValue(SpelNodeImpl.java:114) ~[spring-expression-7.0.7.jar:7.0.7]
	at org.springframework.expression.spel.standard.SpelExpression.getValue(SpelExpression.java:330) ~[spring-expression-7.0.7.jar:7.0.7]
	at org.thymeleaf.spring6.expression.SPELVariableExpressionEvaluator.evaluate(SPELVariableExpressionEvaluator.java:275) ~[thymeleaf-spring6-3.1.5.RELEASE.jar:3.1.5.RELEASE]
	... 81 common frames omitted

2026-06-15T11:08:40.744+09:00 ERROR 31684 --- [http-nio-8080-exec-6] o.a.c.c.C.[.[.[/].[dispatcherServlet]    : Servlet.service() for servlet [dispatcherServlet] in context with path [] threw exception [Request processing failed: org.thymeleaf.exceptions.TemplateInputException: An error happened during template parsing (template: "class path resource [templates/employee/index.html]")] with root cause

org.springframework.expression.spel.SpelEvaluationException: EL1008E: Property or field 'empName' cannot be found on object of type 'com.assignhub.entity.Employee' - maybe not public or not valid?
	at org.springframework.expression.spel.ast.PropertyOrFieldReference.readProperty(PropertyOrFieldReference.java:272) ~[spring-expression-7.0.7.jar:7.0.7]
	at org.springframework.expression.spel.ast.PropertyOrFieldReference.getValueInternal(PropertyOrFieldReference.java:123) ~[spring-expression-7.0.7.jar:7.0.7]
	at org.springframework.expression.spel.ast.PropertyOrFieldReference$AccessorValueRef.getValue(PropertyOrFieldReference.java:419) ~[spring-expression-7.0.7.jar:7.0.7]
	at org.springframework.expression.spel.ast.CompoundExpression.getValueInternal(CompoundExpression.java:97) ~[spring-expression-7.0.7.jar:7.0.7]
	at org.springframework.expression.spel.ast.SpelNodeImpl.getValue(SpelNodeImpl.java:114) ~[spring-expression-7.0.7.jar:7.0.7]
	at org.springframework.expression.spel.standard.SpelExpression.getValue(SpelExpression.java:330) ~[spring-expression-7.0.7.jar:7.0.7]
	at org.thymeleaf.spring6.expression.SPELVariableExpressionEvaluator.evaluate(SPELVariableExpressionEvaluator.java:275) ~[thymeleaf-spring6-3.1.5.RELEASE.jar:3.1.5.RELEASE]
	at org.thymeleaf.standard.expression.VariableExpression.executeVariableExpression(VariableExpression.java:166) ~[thymeleaf-3.1.5.RELEASE.jar:3.1.5.RELEASE]
	at org.thymeleaf.standard.expression.SimpleExpression.executeSimple(SimpleExpression.java:66) ~[thymeleaf-3.1.5.RELEASE.jar:3.1.5.RELEASE]
	at org.thymeleaf.standard.expression.Expression.execute(Expression.java:109) ~[thymeleaf-3.1.5.RELEASE.jar:3.1.5.RELEASE]
	at org.thymeleaf.standard.expression.Expression.execute(Expression.java:138) ~[thymeleaf-3.1.5.RELEASE.jar:3.1.5.RELEASE]
	at org.thymeleaf.standard.processor.AbstractStandardExpressionAttributeTagProcessor.doProcess(AbstractStandardExpressionAttributeTagProcessor.java:144) ~[thymeleaf-3.1.5.RELEASE.jar:3.1.5.RELEASE]
	at org.thymeleaf.processor.element.AbstractAttributeTagProcessor.doProcess(AbstractAttributeTagProcessor.java:74) ~[thymeleaf-3.1.5.RELEASE.jar:3.1.5.RELEASE]
	at org.thymeleaf.processor.element.AbstractElementTagProcessor.process(AbstractElementTagProcessor.java:95) ~[thymeleaf-3.1.5.RELEASE.jar:3.1.5.RELEASE]
	at org.thymeleaf.util.ProcessorConfigurationUtils$ElementTagProcessorWrapper.process(ProcessorConfigurationUtils.java:633) ~[thymeleaf-3.1.5.RELEASE.jar:3.1.5.RELEASE]
	at org.thymeleaf.engine.ProcessorTemplateHandler.handleOpenElement(ProcessorTemplateHandler.java:1314) ~[thymeleaf-3.1.5.RELEASE.jar:3.1.5.RELEASE]
	at org.thymeleaf.engine.OpenElementTag.beHandled(OpenElementTag.java:205) ~[thymeleaf-3.1.5.RELEASE.jar:3.1.5.RELEASE]
	at org.thymeleaf.engine.Model.process(Model.java:282) ~[thymeleaf-3.1.5.RELEASE.jar:3.1.5.RELEASE]
	at org.thymeleaf.engine.Model.process(Model.java:290) ~[thymeleaf-3.1.5.RELEASE.jar:3.1.5.RELEASE]
	at org.thymeleaf.engine.IteratedGatheringModelProcessable.processIterationModel(IteratedGatheringModelProcessable.java:368) ~[thymeleaf-3.1.5.RELEASE.jar:3.1.5.RELEASE]
	at org.thymeleaf.engine.IteratedGatheringModelProcessable.process(IteratedGatheringModelProcessable.java:222) ~[thymeleaf-3.1.5.RELEASE.jar:3.1.5.RELEASE]
	at org.thymeleaf.engine.ProcessorTemplateHandler.handleCloseElement(ProcessorTemplateHandler.java:1640) ~[thymeleaf-3.1.5.RELEASE.jar:3.1.5.RELEASE]
	at org.thymeleaf.engine.CloseElementTag.beHandled(CloseElementTag.java:139) ~[thymeleaf-3.1.5.RELEASE.jar:3.1.5.RELEASE]
	at org.thymeleaf.engine.Model.process(Model.java:282) ~[thymeleaf-3.1.5.RELEASE.jar:3.1.5.RELEASE]
	at org.thymeleaf.engine.ProcessorTemplateHandler.handleOpenElement(ProcessorTemplateHandler.java:1587) ~[thymeleaf-3.1.5.RELEASE.jar:3.1.5.RELEASE]
	at org.thymeleaf.engine.OpenElementTag.beHandled(OpenElementTag.java:205) ~[thymeleaf-3.1.5.RELEASE.jar:3.1.5.RELEASE]
	at org.thymeleaf.engine.Model.process(Model.java:282) ~[thymeleaf-3.1.5.RELEASE.jar:3.1.5.RELEASE]
	at org.thymeleaf.engine.ProcessorTemplateHandler.handleOpenElement(ProcessorTemplateHandler.java:1587) ~[thymeleaf-3.1.5.RELEASE.jar:3.1.5.RELEASE]
	at org.thymeleaf.engine.OpenElementTag.beHandled(OpenElementTag.java:205) ~[thymeleaf-3.1.5.RELEASE.jar:3.1.5.RELEASE]
	at org.thymeleaf.engine.Model.process(Model.java:282) ~[thymeleaf-3.1.5.RELEASE.jar:3.1.5.RELEASE]
	at org.thymeleaf.engine.Model.process(Model.java:290) ~[thymeleaf-3.1.5.RELEASE.jar:3.1.5.RELEASE]
	at org.thymeleaf.engine.GatheringModelProcessable.process(GatheringModelProcessable.java:78) ~[thymeleaf-3.1.5.RELEASE.jar:3.1.5.RELEASE]
	at org.thymeleaf.engine.ProcessorTemplateHandler.handleCloseElement(ProcessorTemplateHandler.java:1640) ~[thymeleaf-3.1.5.RELEASE.jar:3.1.5.RELEASE]
	at org.thymeleaf.engine.TemplateHandlerAdapterMarkupHandler.handleCloseElementEnd(TemplateHandlerAdapterMarkupHandler.java:388) ~[thymeleaf-3.1.5.RELEASE.jar:3.1.5.RELEASE]
	at org.thymeleaf.templateparser.markup.InlinedOutputExpressionMarkupHandler$InlineMarkupAdapterPreProcessorHandler.handleCloseElementEnd(InlinedOutputExpressionMarkupHandler.java:322) ~[thymeleaf-3.1.5.RELEASE.jar:3.1.5.RELEASE]
	at org.thymeleaf.standard.inline.OutputExpressionInlinePreProcessorHandler.handleCloseElementEnd(OutputExpressionInlinePreProcessorHandler.java:220) ~[thymeleaf-3.1.5.RELEASE.jar:3.1.5.RELEASE]
	at org.thymeleaf.templateparser.markup.InlinedOutputExpressionMarkupHandler.handleCloseElementEnd(InlinedOutputExpressionMarkupHandler.java:164) ~[thymeleaf-3.1.5.RELEASE.jar:3.1.5.RELEASE]
	at org.attoparser.HtmlElement.handleCloseElementEnd(HtmlElement.java:169) ~[attoparser-2.0.7.RELEASE.jar:2.0.7.RELEASE]
	at org.attoparser.HtmlMarkupHandler.handleCloseElementEnd(HtmlMarkupHandler.java:412) ~[attoparser-2.0.7.RELEASE.jar:2.0.7.RELEASE]
	at org.attoparser.MarkupEventProcessorHandler.handleCloseElementEnd(MarkupEventProcessorHandler.java:473) ~[attoparser-2.0.7.RELEASE.jar:2.0.7.RELEASE]
	at org.attoparser.ParsingElementMarkupUtil.parseCloseElement(ParsingElementMarkupUtil.java:201) ~[attoparser-2.0.7.RELEASE.jar:2.0.7.RELEASE]
	at org.attoparser.MarkupParser.parseBuffer(MarkupParser.java:725) ~[attoparser-2.0.7.RELEASE.jar:2.0.7.RELEASE]
	at org.attoparser.MarkupParser.parseDocument(MarkupParser.java:301) ~[attoparser-2.0.7.RELEASE.jar:2.0.7.RELEASE]
	at org.attoparser.MarkupParser.parse(MarkupParser.java:257) ~[attoparser-2.0.7.RELEASE.jar:2.0.7.RELEASE]
	at org.thymeleaf.templateparser.markup.AbstractMarkupTemplateParser.parse(AbstractMarkupTemplateParser.java:230) ~[thymeleaf-3.1.5.RELEASE.jar:3.1.5.RELEASE]
	at org.thymeleaf.templateparser.markup.AbstractMarkupTemplateParser.parseStandalone(AbstractMarkupTemplateParser.java:100) ~[thymeleaf-3.1.5.RELEASE.jar:3.1.5.RELEASE]
	at org.thymeleaf.engine.TemplateManager.parseAndProcess(TemplateManager.java:666) ~[thymeleaf-3.1.5.RELEASE.jar:3.1.5.RELEASE]
	at org.thymeleaf.TemplateEngine.process(TemplateEngine.java:1103) ~[thymeleaf-3.1.5.RELEASE.jar:3.1.5.RELEASE]
	at org.thymeleaf.TemplateEngine.process(TemplateEngine.java:1077) ~[thymeleaf-3.1.5.RELEASE.jar:3.1.5.RELEASE]
	at org.thymeleaf.spring6.view.ThymeleafView.renderFragment(ThymeleafView.java:374) ~[thymeleaf-spring6-3.1.5.RELEASE.jar:3.1.5.RELEASE]
	at org.thymeleaf.spring6.view.ThymeleafView.render(ThymeleafView.java:193) ~[thymeleaf-spring6-3.1.5.RELEASE.jar:3.1.5.RELEASE]
	at org.springframework.web.servlet.DispatcherServlet.render(DispatcherServlet.java:1305) ~[spring-webmvc-7.0.7.jar:7.0.7]
	at org.springframework.web.servlet.DispatcherServlet.processDispatchResult(DispatcherServlet.java:1042) ~[spring-webmvc-7.0.7.jar:7.0.7]
	at org.springframework.web.servlet.DispatcherServlet.doDispatch(DispatcherServlet.java:980) ~[spring-webmvc-7.0.7.jar:7.0.7]
	at org.springframework.web.servlet.DispatcherServlet.doService(DispatcherServlet.java:866) ~[spring-webmvc-7.0.7.jar:7.0.7]
	at org.springframework.web.servlet.FrameworkServlet.processRequest(FrameworkServlet.java:1000) ~[spring-webmvc-7.0.7.jar:7.0.7]
	at org.springframework.web.servlet.FrameworkServlet.doGet(FrameworkServlet.java:892) ~[spring-webmvc-7.0.7.jar:7.0.7]
	at jakarta.servlet.http.HttpServlet.service(HttpServlet.java:622) ~[tomcat-embed-core-11.0.21.jar:6.1]
	at org.springframework.web.servlet.FrameworkServlet.service(FrameworkServlet.java:874) ~[spring-webmvc-7.0.7.jar:7.0.7]
	at jakarta.servlet.http.HttpServlet.service(HttpServlet.java:710) ~[tomcat-embed-core-11.0.21.jar:6.1]
	at org.apache.catalina.core.ApplicationFilterChain.doFilter(ApplicationFilterChain.java:128) ~[tomcat-embed-core-11.0.21.jar:11.0.21]
	at org.apache.tomcat.websocket.server.WsFilter.doFilter(WsFilter.java:53) ~[tomcat-embed-websocket-11.0.21.jar:11.0.21]
	at org.apache.catalina.core.ApplicationFilterChain.doFilter(ApplicationFilterChain.java:107) ~[tomcat-embed-core-11.0.21.jar:11.0.21]
	at org.springframework.web.filter.RequestContextFilter.doFilterInternal(RequestContextFilter.java:100) ~[spring-web-7.0.7.jar:7.0.7]
	at org.springframework.web.filter.OncePerRequestFilter.doFilter(OncePerRequestFilter.java:116) ~[spring-web-7.0.7.jar:7.0.7]
	at org.apache.catalina.core.ApplicationFilterChain.doFilter(ApplicationFilterChain.java:107) ~[tomcat-embed-core-11.0.21.jar:11.0.21]
	at org.springframework.web.filter.FormContentFilter.doFilterInternal(FormContentFilter.java:93) ~[spring-web-7.0.7.jar:7.0.7]
	at org.springframework.web.filter.OncePerRequestFilter.doFilter(OncePerRequestFilter.java:116) ~[spring-web-7.0.7.jar:7.0.7]
	at org.apache.catalina.core.ApplicationFilterChain.doFilter(ApplicationFilterChain.java:107) ~[tomcat-embed-core-11.0.21.jar:11.0.21]
	at org.springframework.web.filter.CharacterEncodingFilter.doFilterInternal(CharacterEncodingFilter.java:199) ~[spring-web-7.0.7.jar:7.0.7]
	at org.springframework.web.filter.OncePerRequestFilter.doFilter(OncePerRequestFilter.java:116) ~[spring-web-7.0.7.jar:7.0.7]
	at org.apache.catalina.core.ApplicationFilterChain.doFilter(ApplicationFilterChain.java:107) ~[tomcat-embed-core-11.0.21.jar:11.0.21]
	at org.apache.catalina.core.StandardWrapperValve.invoke(StandardWrapperValve.java:165) ~[tomcat-embed-core-11.0.21.jar:11.0.21]
	at org.apache.catalina.core.StandardContextValve.invoke(StandardContextValve.java:77) ~[tomcat-embed-core-11.0.21.jar:11.0.21]
	at org.apache.catalina.authenticator.AuthenticatorBase.invoke(AuthenticatorBase.java:492) ~[tomcat-embed-core-11.0.21.jar:11.0.21]
	at org.apache.catalina.core.StandardHostValve.invoke(StandardHostValve.java:113) ~[tomcat-embed-core-11.0.21.jar:11.0.21]
	at org.apache.catalina.valves.ErrorReportValve.invoke(ErrorReportValve.java:83) ~[tomcat-embed-core-11.0.21.jar:11.0.21]
	at org.apache.catalina.core.StandardEngineValve.invoke(StandardEngineValve.java:72) ~[tomcat-embed-core-11.0.21.jar:11.0.21]
	at org.apache.catalina.connector.CoyoteAdapter.service(CoyoteAdapter.java:341) ~[tomcat-embed-core-11.0.21.jar:11.0.21]
	at org.apache.coyote.http11.Http11Processor.service(Http11Processor.java:397) ~[tomcat-embed-core-11.0.21.jar:11.0.21]
	at org.apache.coyote.AbstractProcessorLight.process(AbstractProcessorLight.java:63) ~[tomcat-embed-core-11.0.21.jar:11.0.21]
	at org.apache.coyote.AbstractProtocol$ConnectionHandler.process(AbstractProtocol.java:903) ~[tomcat-embed-core-11.0.21.jar:11.0.21]
	at org.apache.tomcat.util.net.NioEndpoint$SocketProcessor.doRun(NioEndpoint.java:1801) ~[tomcat-embed-core-11.0.21.jar:11.0.21]
	at org.apache.tomcat.util.net.SocketProcessorBase.run(SocketProcessorBase.java:52) ~[tomcat-embed-core-11.0.21.jar:11.0.21]
	at org.apache.tomcat.util.threads.ThreadPoolExecutor.runWorker(ThreadPoolExecutor.java:946) ~[tomcat-embed-core-11.0.21.jar:11.0.21]
	at org.apache.tomcat.util.threads.ThreadPoolExecutor$Worker.run(ThreadPoolExecutor.java:480) ~[tomcat-embed-core-11.0.21.jar:11.0.21]
	at org.apache.tomcat.util.threads.TaskThread$WrappingRunnable.run(TaskThread.java:57) ~[tomcat-embed-core-11.0.21.jar:11.0.21]
	at java.base/java.lang.Thread.run(Thread.java:840) ~[na:na]

2026-06-15T11:10:41.120+09:00 DEBUG 31684 --- [http-nio-8080-exec-9] c.a.mapper.AccountMapper.findAll         : ==>  Preparing: SELECT a.*, e.last_name, e.first_name FROM m_account a left JOIN m_employee e ON a.account_id = e.emp_id AND (e.delete_flg = 0 OR e.delete_flg IS NULL) WHERE a.delete_flg = 0 ORDER BY a.account_id ASC
2026-06-15T11:10:41.121+09:00 DEBUG 31684 --- [http-nio-8080-exec-9] c.a.mapper.AccountMapper.findAll         : ==> Parameters: 
2026-06-15T11:10:41.127+09:00 DEBUG 31684 --- [http-nio-8080-exec-9] c.a.mapper.AccountMapper.findAll         : <==      Total: 13
2026-06-15T11:10:42.072+09:00 DEBUG 31684 --- [http-nio-8080-exec-3] c.a.mapper.EmployeeMapper.findAll        : ==>  Preparing: SELECT e.*, c.company_name AS emp_company, c2.company_name AS emp_assign_company FROM m_employee e LEFT JOIN m_company c ON e.company_id = c.company_id LEFT JOIN t_assignment a ON a.emp_id = e.emp_id AND a.contract_end_date is null LEFT JOIN m_company c2 ON a.company_id = c2.company_id WHERE e.delete_flg = 0
2026-06-15T11:10:42.072+09:00 DEBUG 31684 --- [http-nio-8080-exec-3] c.a.mapper.EmployeeMapper.findAll        : ==> Parameters: 
2026-06-15T11:10:42.076+09:00 DEBUG 31684 --- [http-nio-8080-exec-3] c.a.mapper.EmployeeMapper.findAll        : <==      Total: 3
2026-06-15T11:10:43.159+09:00 DEBUG 31684 --- [http-nio-8080-exec-6] c.a.mapper.EmployeeMapper.findAll        : ==>  Preparing: SELECT e.*, c.company_name AS emp_company, c2.company_name AS emp_assign_company FROM m_employee e LEFT JOIN m_company c ON e.company_id = c.company_id LEFT JOIN t_assignment a ON a.emp_id = e.emp_id AND a.contract_end_date is null LEFT JOIN m_company c2 ON a.company_id = c2.company_id WHERE e.delete_flg = 0
2026-06-15T11:10:43.161+09:00 DEBUG 31684 --- [http-nio-8080-exec-6] c.a.mapper.EmployeeMapper.findAll        : ==> Parameters: 
2026-06-15T11:10:43.163+09:00 DEBUG 31684 --- [http-nio-8080-exec-6] c.a.mapper.EmployeeMapper.findAll        : <==      Total: 3
2026-06-15T11:10:43.622+09:00 DEBUG 31684 --- [http-nio-8080-exec-9] c.a.mapper.EmployeeMapper.findAll        : ==>  Preparing: SELECT e.*, c.company_name AS emp_company, c2.company_name AS emp_assign_company FROM m_employee e LEFT JOIN m_company c ON e.company_id = c.company_id LEFT JOIN t_assignment a ON a.emp_id = e.emp_id AND a.contract_end_date is null LEFT JOIN m_company c2 ON a.company_id = c2.company_id WHERE e.delete_flg = 0
2026-06-15T11:10:43.622+09:00 DEBUG 31684 --- [http-nio-8080-exec-9] c.a.mapper.EmployeeMapper.findAll        : ==> Parameters: 
2026-06-15T11:10:43.628+09:00 DEBUG 31684 --- [http-nio-8080-exec-9] c.a.mapper.EmployeeMapper.findAll        : <==      Total: 3
2026-06-15T11:10:44.510+09:00 DEBUG 31684 --- [http-nio-8080-exec-1] c.a.mapper.CompanyMapper.findAll         : ==>  Preparing: SELECT * FROM m_company ORDER BY company_id asc
2026-06-15T11:10:44.510+09:00 DEBUG 31684 --- [http-nio-8080-exec-1] c.a.mapper.CompanyMapper.findAll         : ==> Parameters: 
2026-06-15T11:10:44.512+09:00 DEBUG 31684 --- [http-nio-8080-exec-1] c.a.mapper.CompanyMapper.findAll         : <==      Total: 7
2026-06-15T11:10:45.147+09:00 DEBUG 31684 --- [http-nio-8080-exec-4] c.a.mapper.EmployeeMapper.findAll        : ==>  Preparing: SELECT e.*, c.company_name AS emp_company, c2.company_name AS emp_assign_company FROM m_employee e LEFT JOIN m_company c ON e.company_id = c.company_id LEFT JOIN t_assignment a ON a.emp_id = e.emp_id AND a.contract_end_date is null LEFT JOIN m_company c2 ON a.company_id = c2.company_id WHERE e.delete_flg = 0
2026-06-15T11:10:45.147+09:00 DEBUG 31684 --- [http-nio-8080-exec-4] c.a.mapper.EmployeeMapper.findAll        : ==> Parameters: 
2026-06-15T11:10:45.149+09:00 DEBUG 31684 --- [http-nio-8080-exec-4] c.a.mapper.EmployeeMapper.findAll        : <==      Total: 3
2026-06-15T11:10:46.367+09:00 DEBUG 31684 --- [http-nio-8080-exec-8] c.a.mapper.CompanyMapper.findAll         : ==>  Preparing: SELECT * FROM m_company ORDER BY company_id asc
2026-06-15T11:10:46.367+09:00 DEBUG 31684 --- [http-nio-8080-exec-8] c.a.mapper.CompanyMapper.findAll         : ==> Parameters: 
2026-06-15T11:10:46.371+09:00 DEBUG 31684 --- [http-nio-8080-exec-8] c.a.mapper.CompanyMapper.findAll         : <==      Total: 7
2026-06-15T11:10:46.877+09:00 DEBUG 31684 --- [http-nio-8080-exec-10] c.a.mapper.AccountMapper.findAll         : ==>  Preparing: SELECT a.*, e.last_name, e.first_name FROM m_account a left JOIN m_employee e ON a.account_id = e.emp_id AND (e.delete_flg = 0 OR e.delete_flg IS NULL) WHERE a.delete_flg = 0 ORDER BY a.account_id ASC
2026-06-15T11:10:46.877+09:00 DEBUG 31684 --- [http-nio-8080-exec-10] c.a.mapper.AccountMapper.findAll         : ==> Parameters: 
2026-06-15T11:10:46.881+09:00 DEBUG 31684 --- [http-nio-8080-exec-10] c.a.mapper.AccountMapper.findAll         : <==      Total: 13
2026-06-15T11:10:47.552+09:00  WARN 31684 --- [http-nio-8080-exec-4] c.a.controller.GlobalExceptionHandler    : 静的リソースが見つかりません: /assign-history
2026-06-15T11:10:49.599+09:00 DEBUG 31684 --- [http-nio-8080-exec-6] c.a.mapper.EmployeeMapper.findAll        : ==>  Preparing: SELECT e.*, c.company_name AS emp_company, c2.company_name AS emp_assign_company FROM m_employee e LEFT JOIN m_company c ON e.company_id = c.company_id LEFT JOIN t_assignment a ON a.emp_id = e.emp_id AND a.contract_end_date is null LEFT JOIN m_company c2 ON a.company_id = c2.company_id WHERE e.delete_flg = 0
2026-06-15T11:10:49.599+09:00 DEBUG 31684 --- [http-nio-8080-exec-6] c.a.mapper.EmployeeMapper.findAll        : ==> Parameters: 
2026-06-15T11:10:49.601+09:00 DEBUG 31684 --- [http-nio-8080-exec-6] c.a.mapper.EmployeeMapper.findAll        : <==      Total: 3
2026-06-15T11:10:53.840+09:00 DEBUG 31684 --- [http-nio-8080-exec-2] c.a.mapper.AccountMapper.findAll         : ==>  Preparing: SELECT a.*, e.last_name, e.first_name FROM m_account a left JOIN m_employee e ON a.account_id = e.emp_id AND (e.delete_flg = 0 OR e.delete_flg IS NULL) WHERE a.delete_flg = 0 ORDER BY a.account_id ASC
2026-06-15T11:10:53.841+09:00 DEBUG 31684 --- [http-nio-8080-exec-2] c.a.mapper.AccountMapper.findAll         : ==> Parameters: 
2026-06-15T11:10:53.844+09:00 DEBUG 31684 --- [http-nio-8080-exec-2] c.a.mapper.AccountMapper.findAll         : <==      Total: 13
2026-06-15T11:10:55.985+09:00 DEBUG 31684 --- [http-nio-8080-exec-3] c.a.mapper.EmployeeMapper.findAll        : ==>  Preparing: SELECT e.*, c.company_name AS emp_company, c2.company_name AS emp_assign_company FROM m_employee e LEFT JOIN m_company c ON e.company_id = c.company_id LEFT JOIN t_assignment a ON a.emp_id = e.emp_id AND a.contract_end_date is null LEFT JOIN m_company c2 ON a.company_id = c2.company_id WHERE e.delete_flg = 0
2026-06-15T11:10:55.985+09:00 DEBUG 31684 --- [http-nio-8080-exec-3] c.a.mapper.EmployeeMapper.findAll        : ==> Parameters: 
2026-06-15T11:10:55.988+09:00 DEBUG 31684 --- [http-nio-8080-exec-3] c.a.mapper.EmployeeMapper.findAll        : <==      Total: 3
2026-06-15T11:11:02.517+09:00 DEBUG 31684 --- [http-nio-8080-exec-6] c.a.mapper.AccountMapper.findAll         : ==>  Preparing: SELECT a.*, e.last_name, e.first_name FROM m_account a left JOIN m_employee e ON a.account_id = e.emp_id AND (e.delete_flg = 0 OR e.delete_flg IS NULL) WHERE a.delete_flg = 0 ORDER BY a.account_id ASC
2026-06-15T11:11:02.518+09:00 DEBUG 31684 --- [http-nio-8080-exec-6] c.a.mapper.AccountMapper.findAll         : ==> Parameters: 
2026-06-15T11:11:02.521+09:00 DEBUG 31684 --- [http-nio-8080-exec-6] c.a.mapper.AccountMapper.findAll         : <==      Total: 13
2026-06-15T11:11:06.094+09:00 DEBUG 31684 --- [http-nio-8080-exec-5] c.a.mapper.EmployeeMapper.findAll        : ==>  Preparing: SELECT e.*, c.company_name AS emp_company, c2.company_name AS emp_assign_company FROM m_employee e LEFT JOIN m_company c ON e.company_id = c.company_id LEFT JOIN t_assignment a ON a.emp_id = e.emp_id AND a.contract_end_date is null LEFT JOIN m_company c2 ON a.company_id = c2.company_id WHERE e.delete_flg = 0
2026-06-15T11:11:06.095+09:00 DEBUG 31684 --- [http-nio-8080-exec-5] c.a.mapper.EmployeeMapper.findAll        : ==> Parameters: 
2026-06-15T11:11:06.098+09:00 DEBUG 31684 --- [http-nio-8080-exec-5] c.a.mapper.EmployeeMapper.findAll        : <==      Total: 3
2026-06-15T11:11:11.201+09:00 DEBUG 31684 --- [http-nio-8080-exec-3] c.a.mapper.AccountMapper.findAll         : ==>  Preparing: SELECT a.*, e.last_name, e.first_name FROM m_account a left JOIN m_employee e ON a.account_id = e.emp_id AND (e.delete_flg = 0 OR e.delete_flg IS NULL) WHERE a.delete_flg = 0 ORDER BY a.account_id ASC
2026-06-15T11:11:11.202+09:00 DEBUG 31684 --- [http-nio-8080-exec-3] c.a.mapper.AccountMapper.findAll         : ==> Parameters: 
2026-06-15T11:11:11.205+09:00 DEBUG 31684 --- [http-nio-8080-exec-3] c.a.mapper.AccountMapper.findAll         : <==      Total: 13
2026-06-15T11:11:11.916+09:00 DEBUG 31684 --- [http-nio-8080-exec-8] c.a.mapper.EmployeeMapper.findAll        : ==>  Preparing: SELECT e.*, c.company_name AS emp_company, c2.company_name AS emp_assign_company FROM m_employee e LEFT JOIN m_company c ON e.company_id = c.company_id LEFT JOIN t_assignment a ON a.emp_id = e.emp_id AND a.contract_end_date is null LEFT JOIN m_company c2 ON a.company_id = c2.company_id WHERE e.delete_flg = 0
2026-06-15T11:11:11.917+09:00 DEBUG 31684 --- [http-nio-8080-exec-8] c.a.mapper.EmployeeMapper.findAll        : ==> Parameters: 
2026-06-15T11:11:11.920+09:00 DEBUG 31684 --- [http-nio-8080-exec-8] c.a.mapper.EmployeeMapper.findAll        : <==      Total: 3
2026-06-15T11:11:19.952+09:00 DEBUG 31684 --- [http-nio-8080-exec-3] c.a.mapper.AccountMapper.findAll         : ==>  Preparing: SELECT a.*, e.last_name, e.first_name FROM m_account a left JOIN m_employee e ON a.account_id = e.emp_id AND (e.delete_flg = 0 OR e.delete_flg IS NULL) WHERE a.delete_flg = 0 ORDER BY a.account_id ASC
2026-06-15T11:11:19.953+09:00 DEBUG 31684 --- [http-nio-8080-exec-3] c.a.mapper.AccountMapper.findAll         : ==> Parameters: 
2026-06-15T11:11:19.956+09:00 DEBUG 31684 --- [http-nio-8080-exec-3] c.a.mapper.AccountMapper.findAll         : <==      Total: 13
2026-06-15T11:11:23.049+09:00 DEBUG 31684 --- [http-nio-8080-exec-8] c.a.mapper.EmployeeMapper.findAll        : ==>  Preparing: SELECT e.*, c.company_name AS emp_company, c2.company_name AS emp_assign_company FROM m_employee e LEFT JOIN m_company c ON e.company_id = c.company_id LEFT JOIN t_assignment a ON a.emp_id = e.emp_id AND a.contract_end_date is null LEFT JOIN m_company c2 ON a.company_id = c2.company_id WHERE e.delete_flg = 0
2026-06-15T11:11:23.050+09:00 DEBUG 31684 --- [http-nio-8080-exec-8] c.a.mapper.EmployeeMapper.findAll        : ==> Parameters: 
2026-06-15T11:11:23.053+09:00 DEBUG 31684 --- [http-nio-8080-exec-8] c.a.mapper.EmployeeMapper.findAll        : <==      Total: 3
2026-06-15T11:11:32.365+09:00 DEBUG 31684 --- [http-nio-8080-exec-10] c.a.mapper.AccountMapper.findAll         : ==>  Preparing: SELECT a.*, e.last_name, e.first_name FROM m_account a left JOIN m_employee e ON a.account_id = e.emp_id AND (e.delete_flg = 0 OR e.delete_flg IS NULL) WHERE a.delete_flg = 0 ORDER BY a.account_id ASC
2026-06-15T11:11:32.366+09:00 DEBUG 31684 --- [http-nio-8080-exec-10] c.a.mapper.AccountMapper.findAll         : ==> Parameters: 
2026-06-15T11:11:32.368+09:00 DEBUG 31684 --- [http-nio-8080-exec-10] c.a.mapper.AccountMapper.findAll         : <==      Total: 13
2026-06-15T11:11:37.992+09:00 DEBUG 31684 --- [http-nio-8080-exec-6] c.a.mapper.EmployeeMapper.findAll        : ==>  Preparing: SELECT e.*, c.company_name AS emp_company, c2.company_name AS emp_assign_company FROM m_employee e LEFT JOIN m_company c ON e.company_id = c.company_id LEFT JOIN t_assignment a ON a.emp_id = e.emp_id AND a.contract_end_date is null LEFT JOIN m_company c2 ON a.company_id = c2.company_id WHERE e.delete_flg = 0
2026-06-15T11:11:37.992+09:00 DEBUG 31684 --- [http-nio-8080-exec-6] c.a.mapper.EmployeeMapper.findAll        : ==> Parameters: 
2026-06-15T11:11:37.995+09:00 DEBUG 31684 --- [http-nio-8080-exec-6] c.a.mapper.EmployeeMapper.findAll        : <==      Total: 3
2026-06-15T11:12:11.773+09:00 DEBUG 31684 --- [http-nio-8080-exec-10] c.a.mapper.AccountMapper.findByLoginId   : ==>  Preparing: SELECT * FROM m_account WHERE login_id = ? AND delete_flg = 0
2026-06-15T11:12:11.773+09:00 DEBUG 31684 --- [http-nio-8080-exec-10] c.a.mapper.AccountMapper.findByLoginId   : ==> Parameters: 08021364527(String)
2026-06-15T11:12:11.776+09:00 DEBUG 31684 --- [http-nio-8080-exec-10] c.a.mapper.AccountMapper.findByLoginId   : <==      Total: 1
2026-06-15T11:12:11.776+09:00  WARN 31684 --- [http-nio-8080-exec-10] o.s.s.c.bcrypt.BCryptPasswordEncoder     : Encoded password does not look like BCrypt
2026-06-15T11:12:24.584+09:00 DEBUG 31684 --- [http-nio-8080-exec-3] c.a.mapper.AccountMapper.findByLoginId   : ==>  Preparing: SELECT * FROM m_account WHERE login_id = ? AND delete_flg = 0
2026-06-15T11:12:24.584+09:00 DEBUG 31684 --- [http-nio-8080-exec-3] c.a.mapper.AccountMapper.findByLoginId   : ==> Parameters: 08021364527(String)
2026-06-15T11:12:24.586+09:00 DEBUG 31684 --- [http-nio-8080-exec-3] c.a.mapper.AccountMapper.findByLoginId   : <==      Total: 1
2026-06-15T11:12:24.586+09:00  WARN 31684 --- [http-nio-8080-exec-3] o.s.s.c.bcrypt.BCryptPasswordEncoder     : Encoded password does not look like BCrypt
2026-06-15T11:12:29.874+09:00 DEBUG 31684 --- [http-nio-8080-exec-4] c.a.mapper.AccountMapper.findAll         : ==>  Preparing: SELECT a.*, e.last_name, e.first_name FROM m_account a left JOIN m_employee e ON a.account_id = e.emp_id AND (e.delete_flg = 0 OR e.delete_flg IS NULL) WHERE a.delete_flg = 0 ORDER BY a.account_id ASC
2026-06-15T11:12:29.875+09:00 DEBUG 31684 --- [http-nio-8080-exec-4] c.a.mapper.AccountMapper.findAll         : ==> Parameters: 
2026-06-15T11:12:29.878+09:00 DEBUG 31684 --- [http-nio-8080-exec-4] c.a.mapper.AccountMapper.findAll         : <==      Total: 13
2026-06-15T11:12:44.202+09:00 DEBUG 31684 --- [http-nio-8080-exec-3] c.a.mapper.AccountMapper.findByLoginId   : ==>  Preparing: SELECT * FROM m_account WHERE login_id = ? AND delete_flg = 0
2026-06-15T11:12:44.203+09:00 DEBUG 31684 --- [http-nio-8080-exec-3] c.a.mapper.AccountMapper.findByLoginId   : ==> Parameters: koizumi219(String)
2026-06-15T11:12:44.206+09:00 DEBUG 31684 --- [http-nio-8080-exec-3] c.a.mapper.AccountMapper.findByLoginId   : <==      Total: 1
2026-06-15T11:12:44.321+09:00 DEBUG 31684 --- [http-nio-8080-exec-5] c.a.mapper.AccountMapper.findAll         : ==>  Preparing: SELECT a.*, e.last_name, e.first_name FROM m_account a left JOIN m_employee e ON a.account_id = e.emp_id AND (e.delete_flg = 0 OR e.delete_flg IS NULL) WHERE a.delete_flg = 0 ORDER BY a.account_id ASC
2026-06-15T11:12:44.322+09:00 DEBUG 31684 --- [http-nio-8080-exec-5] c.a.mapper.AccountMapper.findAll         : ==> Parameters: 
2026-06-15T11:12:44.325+09:00 DEBUG 31684 --- [http-nio-8080-exec-5] c.a.mapper.AccountMapper.findAll         : <==      Total: 13
2026-06-15T11:13:32.124+09:00 DEBUG 31684 --- [http-nio-8080-exec-1] c.a.mapper.EmployeeMapper.findAll        : ==>  Preparing: SELECT e.*, c.company_name AS emp_company, c2.company_name AS emp_assign_company FROM m_employee e LEFT JOIN m_company c ON e.company_id = c.company_id LEFT JOIN t_assignment a ON a.emp_id = e.emp_id AND a.contract_end_date is null LEFT JOIN m_company c2 ON a.company_id = c2.company_id WHERE e.delete_flg = 0
2026-06-15T11:13:32.124+09:00 DEBUG 31684 --- [http-nio-8080-exec-1] c.a.mapper.EmployeeMapper.findAll        : ==> Parameters: 
2026-06-15T11:13:32.127+09:00 DEBUG 31684 --- [http-nio-8080-exec-1] c.a.mapper.EmployeeMapper.findAll        : <==      Total: 3
2026-06-15T11:13:34.600+09:00 DEBUG 31684 --- [http-nio-8080-exec-10] c.a.mapper.AccountMapper.findAll         : ==>  Preparing: SELECT a.*, e.last_name, e.first_name FROM m_account a left JOIN m_employee e ON a.account_id = e.emp_id AND (e.delete_flg = 0 OR e.delete_flg IS NULL) WHERE a.delete_flg = 0 ORDER BY a.account_id ASC
2026-06-15T11:13:34.601+09:00 DEBUG 31684 --- [http-nio-8080-exec-10] c.a.mapper.AccountMapper.findAll         : ==> Parameters: 
2026-06-15T11:13:34.604+09:00 DEBUG 31684 --- [http-nio-8080-exec-10] c.a.mapper.AccountMapper.findAll         : <==      Total: 13
2026-06-15T11:13:35.328+09:00  WARN 31684 --- [http-nio-8080-exec-4] c.a.controller.GlobalExceptionHandler    : 静的リソースが見つかりません: /assign-history
2026-06-15T11:13:37.467+09:00 DEBUG 31684 --- [http-nio-8080-exec-8] c.a.mapper.CompanyMapper.findAll         : ==>  Preparing: SELECT * FROM m_company ORDER BY company_id asc
2026-06-15T11:13:37.467+09:00 DEBUG 31684 --- [http-nio-8080-exec-8] c.a.mapper.CompanyMapper.findAll         : ==> Parameters: 
2026-06-15T11:13:37.470+09:00 DEBUG 31684 --- [http-nio-8080-exec-8] c.a.mapper.CompanyMapper.findAll         : <==      Total: 7
2026-06-15T11:13:38.474+09:00 DEBUG 31684 --- [http-nio-8080-exec-7] c.a.mapper.EmployeeMapper.findAll        : ==>  Preparing: SELECT e.*, c.company_name AS emp_company, c2.company_name AS emp_assign_company FROM m_employee e LEFT JOIN m_company c ON e.company_id = c.company_id LEFT JOIN t_assignment a ON a.emp_id = e.emp_id AND a.contract_end_date is null LEFT JOIN m_company c2 ON a.company_id = c2.company_id WHERE e.delete_flg = 0
2026-06-15T11:13:38.474+09:00 DEBUG 31684 --- [http-nio-8080-exec-7] c.a.mapper.EmployeeMapper.findAll        : ==> Parameters: 
2026-06-15T11:13:38.476+09:00 DEBUG 31684 --- [http-nio-8080-exec-7] c.a.mapper.EmployeeMapper.findAll        : <==      Total: 3
2026-06-15T11:14:19.629+09:00 DEBUG 31684 --- [http-nio-8080-exec-3] c.a.mapper.EmployeeMapper.findAll        : ==>  Preparing: SELECT e.*, c.company_name AS emp_company, c2.company_name AS emp_assign_company FROM m_employee e LEFT JOIN m_company c ON e.company_id = c.company_id LEFT JOIN t_assignment a ON a.emp_id = e.emp_id AND a.contract_end_date is null LEFT JOIN m_company c2 ON a.company_id = c2.company_id WHERE e.delete_flg = 0
2026-06-15T11:14:19.630+09:00 DEBUG 31684 --- [http-nio-8080-exec-3] c.a.mapper.EmployeeMapper.findAll        : ==> Parameters: 
2026-06-15T11:14:19.632+09:00 DEBUG 31684 --- [http-nio-8080-exec-3] c.a.mapper.EmployeeMapper.findAll        : <==      Total: 3
2026-06-15T11:14:29.249+09:00 DEBUG 31684 --- [http-nio-8080-exec-4] c.a.mapper.AccountMapper.findAll         : ==>  Preparing: SELECT a.*, e.last_name, e.first_name FROM m_account a left JOIN m_employee e ON a.account_id = e.emp_id AND (e.delete_flg = 0 OR e.delete_flg IS NULL) WHERE a.delete_flg = 0 ORDER BY a.account_id ASC
2026-06-15T11:14:29.250+09:00 DEBUG 31684 --- [http-nio-8080-exec-4] c.a.mapper.AccountMapper.findAll         : ==> Parameters: 
2026-06-15T11:14:29.252+09:00 DEBUG 31684 --- [http-nio-8080-exec-4] c.a.mapper.AccountMapper.findAll         : <==      Total: 13
2026-06-15T11:14:30.043+09:00 DEBUG 31684 --- [http-nio-8080-exec-7] c.a.mapper.EmployeeMapper.findAll        : ==>  Preparing: SELECT e.*, c.company_name AS emp_company, c2.company_name AS emp_assign_company FROM m_employee e LEFT JOIN m_company c ON e.company_id = c.company_id LEFT JOIN t_assignment a ON a.emp_id = e.emp_id AND a.contract_end_date is null LEFT JOIN m_company c2 ON a.company_id = c2.company_id WHERE e.delete_flg = 0
2026-06-15T11:14:30.044+09:00 DEBUG 31684 --- [http-nio-8080-exec-7] c.a.mapper.EmployeeMapper.findAll        : ==> Parameters: 
2026-06-15T11:14:30.047+09:00 DEBUG 31684 --- [http-nio-8080-exec-7] c.a.mapper.EmployeeMapper.findAll        : <==      Total: 3
2026-06-15T11:16:51.872+09:00  INFO 31684 --- [File Watcher] rtingClassPathChangeChangedEventListener : Restarting due to 6 class path changes (2 additions, 0 deletions, 4 modifications)
2026-06-15T11:16:51.873+09:00  INFO 31684 --- [Thread-21] o.s.boot.tomcat.GracefulShutdown         : Commencing graceful shutdown. Waiting for active requests to complete
2026-06-15T11:16:52.064+09:00  INFO 31684 --- [tomcat-shutdown] o.s.boot.tomcat.GracefulShutdown         : Graceful shutdown complete
2026-06-15T11:16:52.066+09:00  INFO 31684 --- [Thread-21] com.zaxxer.hikari.HikariDataSource       : HikariPool-6 - Shutdown initiated...
2026-06-15T11:16:52.069+09:00  INFO 31684 --- [Thread-21] com.zaxxer.hikari.HikariDataSource       : HikariPool-6 - Shutdown completed.
2026-06-15T11:16:52.134+09:00  INFO 31684 --- [restartedMain] com.assignhub.AssignHubApplication       : Starting AssignHubApplication using Java 17.0.13 with PID 31684 (C:\Users\お客様\git\AssignHub\AssignHub\target\classes started by お客様 in C:\Users\お客様\git\AssignHub\AssignHub)
2026-06-15T11:16:52.135+09:00  INFO 31684 --- [restartedMain] com.assignhub.AssignHubApplication       : No active profile set, falling back to 1 default profile: "default"
2026-06-15T11:16:52.277+09:00  INFO 31684 --- [restartedMain] o.s.boot.tomcat.TomcatWebServer          : Tomcat initialized with port 8080 (http)
2026-06-15T11:16:52.278+09:00  INFO 31684 --- [restartedMain] o.apache.catalina.core.StandardService   : Starting service [Tomcat]
2026-06-15T11:16:52.278+09:00  INFO 31684 --- [restartedMain] o.apache.catalina.core.StandardEngine    : Starting Servlet engine: [Apache Tomcat/11.0.21]
2026-06-15T11:16:52.291+09:00  INFO 31684 --- [restartedMain] b.w.c.s.WebApplicationContextInitializer : Root WebApplicationContext: initialization completed in 154 ms
2026-06-15T11:16:52.404+09:00  INFO 31684 --- [restartedMain] o.s.boot.tomcat.TomcatWebServer          : Tomcat started on port 8080 (http) with context path '/'
2026-06-15T11:16:52.405+09:00  INFO 31684 --- [restartedMain] com.assignhub.AssignHubApplication       : Started AssignHubApplication in 0.291 seconds (process running for 3889.575)
2026-06-15T11:16:52.406+09:00  INFO 31684 --- [restartedMain] .ConditionEvaluationDeltaLoggingListener : Condition evaluation unchanged
